Ürün,Ağırlık,Değişim,Endeks_2024-10-11,Endeks_2024-10-12,Ağırlıklı Endeks_2024-10-12,Endeks_2024-10-13,Ağırlıklı Endeks_2024-10-13,Endeks_2024-10-14,Ağırlıklı Endeks_2024-10-14,Endeks_2024-10-15,Ağırlıklı Endeks_2024-10-15,Endeks_2024-10-16,Ağırlıklı Endeks_2024-10-16,Endeks_2024-10-17,Ağırlıklı Endeks_2024-10-17,Endeks_2024-10-18,Ağırlıklı Endeks_2024-10-18,Ağırlıklı Endeks_2024-10-11,Endeks_2024-10-19,Ağırlıklı Endeks_2024-10-19,Endeks_2024-10-20,Ağırlıklı Endeks_2024-10-20,Endeks_2024-10-21,Ağırlıklı Endeks_2024-10-21,Endeks_2024-10-22,Ağırlıklı Endeks_2024-10-22
Pirinç,0.0101293184676429,0.0,100,100.0,1.01293184676429,100.0,1.01293184676429,104.38693545293135,1.0573685130640251,104.03132702028084,1.0537664419999286,104.03132702028084,1.0537664419999286,104.03132702028084,1.0537664419999286,104.03132702028084,1.0537664419999286,1.01293184676429,103.57179211689557,1.0491116666165416,103.57179211689557,1.0491116666165416,103.57179211689557,1.0491116666165416,103.57179211689557,1.0491116666165416
Buğday Unu,0.020351801171589,0.0,100,100.0,2.0351801171589,100.0,2.0351801171589,100.0,2.0351801171589,100.0,2.0351801171589,100.0,2.0351801171589,100.0,2.0351801171589,100.61438835889383,2.0476840268812464,2.0351801171589,100.61438835889383,2.047684026881246,100.61438835889383,2.047684026881246,100.61438835889383,2.047684026881246,100.61438835889383,2.047684026881246
Bebek Sütü (Toz Karışım),0.0050064578872262,2.186054991094877,100,100.0,0.50064578872262,100.0,0.50064578872262,100.0,0.50064578872262,100.65394974398438,0.5039197605762402,100.65394974398438,0.5039197605762402,98.9279052257194,0.4952783913840689,98.9279052257194,0.4952783913840689,0.50064578872262,98.9279052257194,0.4952783913840689,98.9279052257194,0.4952783913840689,98.9279052257194,0.4952783913840689,101.09052363549185,0.5061054493787348
Bulgur,0.005951794412602,0.0,100,100.34989648033124,0.5972619531768246,100.34989648033124,0.5972619531768246,104.31306863763209,0.6208499390788276,104.31306863763209,0.6208499390788276,104.73910681697969,0.6233856307342237,104.73910681697969,0.6233856307342237,104.73910681697969,0.6233856307342237,0.5951794412602001,105.0373185613186,0.6251605257279524,104.60073228747753,0.6225620539826863,104.60073228747753,0.6225620539826864,104.60073228747753,0.6225620539826864
Ekmek,0.1002726194818333,0.2525252525252524,100,100.0,10.02726194818333,100.0,10.02726194818333,101.30769230769228,10.15838768135188,101.30769230769228,10.15838768135188,101.30769230769228,10.15838768135188,101.30769230769228,10.15838768135188,101.30769230769228,10.15838768135188,10.02726194818333,101.30769230769228,10.15838768135188,101.30769230769228,10.15838768135188,101.24173402745376,10.151773871815848,101.49739497196754,10.177409664421441
Bisküvi,0.011025373854694,0.0714592028048761,100,100.52083305380133,1.1082797646034417,100.58710754015114,1.109010465592476,103.39506352411745,1.1399692300832296,103.33975397127978,1.1393594215854583,104.41634180200208,1.1512292049065858,104.41634180200208,1.1512292049065858,104.27843991358912,1.1497087850315646,1.1025373854693998,104.27843991358912,1.1497087850315648,104.27843991358912,1.1497087850315648,104.34250612692944,1.1504151389850965,104.41706844999436,1.1512372164723614
Kraker,0.0022631290884329,1.333333333333333,100,100.0,0.22631290884329,100.0,0.22631290884329,103.17650662503502,0.2335017533860065,102.92469639027529,0.2329318743189566,103.55272351668572,0.2343531807770611,103.55272351668572,0.2343531807770611,102.5088452554288,0.2319907495192277,0.22631290884329,102.61818802370126,0.2322382063187149,102.61818802370126,0.2322382063187149,102.90770581584356,0.232893422455731,104.27980856005482,0.23599866808847417
Gofret,0.0058905783856776,0.8346199588844008,100,99.93622448979592,0.5886802373891908,99.93622448979592,0.5886821639258163,103.15467116206476,0.607640676328939,103.15291818308263,0.6076303502688365,103.69242641245454,0.6108083657836697,103.8539237468241,0.6117596784908516,103.29740432183095,0.6084814571947773,0.58905783856776,103.46434962174504,0.6094648615700416,103.52154384486376,0.6098017686245304,104.274616658485,0.614237803063289,105.14491342116692,0.6193643543626685
Pasta,0.0110001811727194,0.0,100,100.0,1.10001811727194,100.0,1.10001811727194,100.32733224222584,1.103618831240097,100.32733224222584,1.103618831240097,100.32733224222584,1.103618831240097,100.32733224222584,1.103618831240097,100.32733224222584,1.1036188312400967,1.10001811727194,100.32733224222584,1.1036188312400967,100.32733224222584,1.1036188312400967,100.86487867349514,1.1095319393728078,100.86487867349514,1.1095319393728078
Kek,0.0030890763948928,0.1016260162601626,100,100.0,0.30890763948928,100.0,0.30890763948928,102.27582902569274,0.3159378492113593,102.25335576069038,0.3158684275789243,104.34656534256747,0.3223345118878644,104.34656534256747,0.3223345118878644,96.63376187422946,0.298509072755374,0.30890763948928,96.63376187422946,0.298509072755374,96.63376187422946,0.298509072755374,96.63376187422946,0.298509072755374,96.73196691678457,0.29881243563419047
Baklava,0.0136998214923678,0.0,100,100.0,1.36998214923678,100.0,1.36998214923678,100.0,1.36998214923678,100.0,1.36998214923678,100.0,1.36998214923678,100.0,1.36998214923678,100.0,1.36998214923678,1.36998214923678,100.0,1.36998214923678,100.0,1.36998214923678,101.37048880767476,1.388757601259212,101.37048880767476,1.3887576012592122
Ekmek Hamuru (Yufka),0.0040132933101309,0.0,100,101.1708230886313,0.4060281874820408,101.1708230886313,0.4060281874820408,101.1708230886313,0.4060281874820408,101.1708230886313,0.4060281874820408,101.1708230886313,0.4060281874820408,101.1708230886313,0.4060281874820408,101.1708230886313,0.4060281874820408,0.40132933101309,101.1708230886313,0.4060281874820408,101.1708230886313,0.4060281874820408,101.1708230886313,0.4060281874820408,101.1708230886313,0.40602818748204084
Makarna,0.007825443476084,0.0,100,100.0,0.7825443476084,100.0,0.7825443476084,100.0,0.7825443476084,98.6146876490224,0.7717036641091038,98.6146876490224,0.7717036641091038,98.6146876490224,0.7717036641091038,98.96946231870923,0.7744799332334844,0.7825443476084,98.96946231870923,0.7744799332334844,98.96946231870923,0.7744799332334844,98.96946231870923,0.7744799332334844,98.96946231870923,0.7744799332334844
Şehriye,0.0010980533332734,0.0,100,100.0,0.10980533332734,100.0,0.10980533332734,100.0,0.10980533332734,100.0,0.10980533332734,100.0,0.10980533332734,100.0,0.10980533332734,101.2830793905373,0.1112142229289738,0.10980533332734,101.2830793905373,0.1112142229289738,101.2830793905373,0.1112142229289738,101.2830793905373,0.1112142229289738,101.2830793905373,0.11121422292897389
Tahıl Gevreği,0.001231444439346,-1.4431782157237214,100,99.85910531877424,0.1229698947582221,100.04307101064217,0.1231974834911523,100.94506065197088,0.1243082336193142,102.7583254963792,0.1265411685290224,103.67019084314644,0.1276640800397313,103.87714137438869,0.1279189281206492,103.87714137438869,0.1279189281206492,0.1231444439346,103.87714137438869,0.1279189281206492,103.87714137438869,0.1279189281206492,103.82443761093586,0.1278540263642126,102.32606594473717,0.1260088649077987
Dana Eti,0.0849889333831123,1.179299905482968,100,100.08227118193548,8.505885478312093,98.99485145667188,8.413466835722184,99.5548449321428,8.461060083903957,100.01630334136908,8.500278941904769,100.01630334136908,8.500278941904769,100.01630334136908,8.500278941904769,99.14494175589404,8.426222850164226,8.498893338311229,98.11440581918242,8.33863870009014,98.11440581918242,8.33863870009014,98.2904424291682,8.35359986380921,99.44958152383417,8.452113859107538
Kuzu Eti,0.0361426410194905,1.6664664958156175,100,99.96594878186023,3.613033400995549,99.96594878186023,3.613033400995549,100.0766637875416,3.617034933701361,100.0766637875416,3.617034933701361,100.0766637875416,3.617034933701361,100.0766637875416,3.617034933701361,100.0766637875416,3.617034933701361,3.6142641019490505,99.40585943743898,3.592790292881289,99.65406339184236,3.601761039304909,99.65406339184236,3.6017610393049084,101.31476496998626,3.6617831802842646
Tavuk Eti,0.0553911540837847,0.7734751206110723,100,99.92032570518008,5.534702157237582,99.92032570518008,5.534702157237582,100.42066865016643,5.5624167303980565,100.7780065830775,5.582210090899914,101.51527967754951,5.623048498477643,101.20882286781402,5.606073502109559,100.19010279438614,5.549645421554071,5.5391154083784695,100.1209089727572,5.545812695918577,100.1209089727572,5.545812695918577,100.12891368116252,5.5462560859552505,100.90338591702445,5.589154996905492
Sakatat,0.0022665025630622,2.5290167604912974,100,100.0,0.22665025630622,100.0,0.22665025630622,100.0,0.22665025630622,100.0,0.22665025630622,100.0,0.22665025630622,100.0,0.22665025630622,100.0,0.22665025630622,0.22665025630622,98.09605959393517,0.2223349704959563,98.09605959393517,0.2223349704959563,98.09605959393517,0.2223349704959563,100.57692538244731,0.22795785916423247
Sucuk,0.0169691582801656,-0.27494074552898085,100,99.95454090863632,1.6961444254999372,100.08623776996863,1.6983792103848865,98.74243795333126,1.6755760585995092,98.70357710041914,1.6749166226355412,98.61537085741342,1.6734198369366784,98.61537085741342,1.6734198369366784,98.28289714965604,1.66777803796575,1.6969158280165602,98.28289714965604,1.66777803796575,98.28289714965604,1.66777803796575,98.74484750277536,1.6756169466254105,98.47335768287977,1.671009992900148
Sosis,0.0018560135042418,0.0,100,100.0,0.18560135042418,100.0,0.18560135042418,99.6890756302521,0.18502427059513,99.6890756302521,0.18502427059513,99.6890756302521,0.18502427059513,99.6890756302521,0.18502427059513,99.24512665130518,0.1842002952950102,0.18560135042418,99.24512665130518,0.1842002952950102,99.24512665130518,0.1842002952950102,99.24512665130518,0.1842002952950102,99.24512665130518,0.1842002952950102
Salam,0.0032798370479288,-0.16960477081797495,100,100.14020089754816,0.3284435408908113,100.01356238302468,0.3280281871991826,99.5947281467702,0.3266544791541741,99.48844794053824,0.3263058973963131,99.02977388489872,0.3248015212357028,99.03269176031888,0.324811091391607,98.64288870983918,0.3235326009052481,0.32798370479288,97.60105195258102,0.3201155461108987,97.60105195258102,0.3201155461108987,97.60105195258102,0.3201155461108987,97.43551591210091,0.31957261487256466
Hazır Et Yemekleri,0.0039897704335667,0.0,100,100.0,0.39897704335667,100.0,0.39897704335667,100.0,0.39897704335667,100.0,0.39897704335667,100.0,0.39897704335667,100.0,0.39897704335667,100.0,0.39897704335667,0.39897704335667,100.0,0.39897704335667,100.0,0.39897704335667,102.54789056497098,0.4091425418007547,102.54789056497098,0.40914254180075477
Balık,0.0148751433879627,-0.6434024592680286,100,98.60412165653324,1.4667504482850504,98.60412165653324,1.4667504482850504,99.5464745295347,1.4807680823930056,101.01420602056764,1.5026007987771486,100.84308553919378,1.5000553570800954,101.22406728110955,1.5057225151192886,104.68586074365592,1.5572171892541775,1.4875143387962702,105.03280826457416,1.5623780833759344,105.03280826457416,1.5623780833759344,106.88022001622548,1.589858598078355,106.19255005217,1.5796294087594347
Konserve Balık,0.0010638296987707,0.0,100,100.0,0.10638296987707,100.0,0.10638296987707,100.0,0.10638296987707,100.0,0.10638296987707,99.97361661884344,0.1063549024526416,99.97361661884344,0.1063549024526416,99.97361661884344,0.1063549024526416,0.10638296987707,100.00069312146732,0.1063837072402718,100.00069312146732,0.1063837072402718,101.28025091822876,0.1077449388257602,101.28025091822876,0.10774493882576021
Süt,0.029445923311867,0.0,100,100.31687923161708,2.9540868310128845,100.31687923161708,2.95392313274002,101.64405515847282,2.9930030533035703,101.76276506689888,2.996498576163442,101.7712003093613,2.9967469596661083,101.76284470999272,2.996500921327876,101.54399458745792,2.990056677402924,2.9445923311867,101.31603635513676,2.983344236775686,101.0320713256782,2.974982624294997,102.2518395401564,3.010899825596775,102.2518395401564,3.010899825596775
Yoğurt,0.0231964877156084,0.04329004329004334,100,99.94823866627095,2.318448090418851,99.92446622954344,2.317896653382331,100.66214334688432,2.3350081715728144,100.64513541101734,2.334613647197408,100.64513541101734,2.334613647197408,100.64513541101734,2.334613647197408,100.6131188316118,2.333870975006531,2.31964877156084,100.62034274919844,2.3340385445220884,100.62034274919844,2.3340385445220884,100.62034274919844,2.3340385445220884,100.66390133913316,2.3350489508184182
Hazır Sütlü Tatlılar,0.0011223073244939,0.0,100,100.0,0.11223073244939,100.0,0.11223073244939,99.83287419651056,0.1120431659360218,99.83287419651056,0.1120431659360218,98.99780041434744,0.1111059565138073,98.99780041434744,0.1111059565138073,98.99780041434744,0.1111059565138073,0.11223073244939,98.99780041434744,0.1111059565138073,99.41689658316508,0.1115763112137387,99.25713573007,0.1113970104381427,99.25713573007,0.11139701043814275
Beyaz Peynir,0.0327217684844802,-0.028278377438913815,100,100.0,3.27217684844802,100.0,3.27217684844802,100.12368583797156,3.276224067802933,100.12368583797156,3.276224067802933,99.83956039842631,3.266926980949584,100.21533719545997,3.279223062303957,99.66607834780945,3.261250341453085,3.27217684844802,99.66607834780945,3.2612503414530853,99.66607834780945,3.2612503414530853,99.88510345459778,3.268417230289702,99.85685756803764,3.267492974929042
Kaşar Peyniri,0.015331794106503,0.0,100,100.0,1.5331794106503,100.0,1.5331794106503,100.29798734087191,1.5377480912068926,100.29798734087191,1.5377480912068926,100.17495093753352,1.5358617224033038,100.17495093753352,1.5358617224033038,100.04140712376643,1.5338142561464296,1.5331794106503,100.04140712376643,1.5338142561464294,100.04140712376643,1.5338142561464294,100.31913421304527,1.538072310697051,100.31913421304527,1.538072310697051
Tulum Peyniri,0.0063235870980023,0.0,100,100.0,0.63235870980023,100.0,0.63235870980023,100.0,0.63235870980023,100.0,0.63235870980023,100.0,0.63235870980023,100.0,0.63235870980023,100.0,0.63235870980023,0.63235870980023,100.0,0.63235870980023,100.0,0.63235870980023,100.0,0.63235870980023,100.0,0.63235870980023
Krem Peynir,0.0024659911591076,-0.27860696517412925,100,99.78691745933124,0.2460736562493106,99.60314781391811,0.2456204819284095,99.76589805544413,0.2460218225851553,99.76589805544413,0.2460218225851553,100.3882798429209,0.2475566105706626,100.53251587717796,0.2479122953559653,100.28675242381858,0.2473062448527493,0.24659911591076,100.14921181508686,0.2469670709275986,100.4257233518002,0.2476489459325249,100.4257233518002,0.2476489459325249,100.14593029171559,0.24695897871997666
Yumurta,0.0321133216433606,0.0,100,99.7207226106296,3.2023636397034903,99.7207226106296,3.2023636397034903,99.7207226106296,3.2023636397034903,99.7207226106296,3.2023636397034903,99.5810540689549,3.197878418901232,99.5810540689549,3.197878418901232,99.97834533044872,3.210636760967679,3.21133216433606,99.8693325510234,3.207135998518757,99.8693325510234,3.207135998518757,99.8693325510234,3.207135998518757,99.8693325510234,3.207135998518757
Tereyağı (Kahvaltılık),0.0131080204120518,0.0,100,100.0,1.31080204120518,100.0,1.31080204120518,99.91645781119465,1.309706968489052,99.67308131577944,1.306516784419336,100.00477636747998,1.310864649927603,100.00477636747998,1.310864649927603,100.00477636747998,1.310864649927603,1.31080204120518,100.00477636747998,1.310864649927603,100.00477636747998,1.310864649927603,100.00477636747998,1.310864649927603,100.00477636747998,1.310864649927603
Margarin,0.0048261293898731,0.0,100,100.0,0.48261293898731,100.06939508697204,0.4829478486560586,100.06939508697204,0.4829478486560586,100.06939508697204,0.4829478486560586,99.94399484250216,0.4823426508507252,99.94399484250216,0.4823426508507252,99.94399484250216,0.4823426508507252,0.48261293898731,99.94399484250216,0.4823426508507252,99.94399484250216,0.4823426508507252,99.94399484250216,0.4823426508507252,99.94399484250216,0.48234265085072525
Zeytinyağı,0.0166018776419214,0.0,100,100.0,1.66018776419214,100.0,1.66018776419214,100.0,1.66018776419214,100.0,1.66018776419214,100.0,1.66018776419214,100.0,1.66018776419214,100.0,1.66018776419214,1.66018776419214,100.0,1.66018776419214,100.0,1.66018776419214,100.0,1.66018776419214,100.0,1.6601877641921399
Ayçiçek Yağı,0.034377586311512,0.0,100,100.43568510187444,3.452736433345528,100.43568510187444,3.452736433345528,101.49860108600734,3.489276919331943,101.49860108600734,3.489276919331943,102.3355000318744,3.5180474850775005,102.7277125149627,3.5315308035673216,103.62599611512852,3.5624116255642377,3.4377586311512,103.62599611512852,3.5624116255642377,103.62599611512852,3.5624116255642377,103.62599611512852,3.5624116255642377,103.62599611512852,3.5624116255642377
Portakal,0.0062149088665026,0.0,100,100.79491255961844,0.626431195765127,100.79491255961844,0.626431195765127,100.79491255961844,0.626431195765127,100.79491255961844,0.626431195765127,110.89460319685476,0.6891998526554203,110.89460319685476,0.6891998526554203,113.20779892478248,0.7035761532948741,0.62149088665026,113.20779892478248,0.7035761532948741,113.20779892478248,0.7035761532948741,113.20779892478248,0.7035761532948741,113.20779892478248,0.7035761532948741
Üzüm,0.0052834859436338,0.0,100,97.46227709190671,0.5149405710496316,100.46987029657774,0.5308311474706795,100.46987029657774,0.5308311474706795,103.27197795423884,0.5456360438924805,103.27197795423884,0.5456360438924805,103.96706109712451,0.5493085059075739,103.96706109712451,0.5493085059075739,0.52834859436338,105.26746211147254,0.5561791563879688,105.26746211147254,0.5561791563879688,105.26746211147254,0.5561791563879688,105.26746211147254,0.5561791563879688
Armut,0.0020316310462983,8.624641833810891,100,105.097312326228,0.2135189626044738,105.097312326228,0.2135189626044738,105.097312326228,0.2135189626044738,97.18082308443756,0.1974355772831658,97.18082308443756,0.1974355772831658,97.18082308443756,0.1974355772831658,95.23396185403146,0.1934802735646383,0.20316310462983,95.23396185403146,0.1934802735646383,95.23396185403146,0.1934802735646383,95.23396185403146,0.1934802735646383,103.44754996808976,0.21016725417866589
Ayva,0.0007537385518031,0.0,100,100.0,0.0753738551803099,100.0,0.0753738551803099,100.0,0.0753738551803099,100.0,0.0753738551803099,100.0,0.0753738551803099,100.0,0.0753738551803099,100.0,0.0753738551803099,0.0753738551803099,100.0,0.0753738551803099,100.0,0.0753738551803099,100.0,0.0753738551803099,100.0,0.07537385518030999
Çilek,0.0028124594092554,0.0,100,100.0,0.28124594092554,100.0,0.28124594092554,100.0,0.28124594092554,100.0,0.28124594092554,100.0,0.28124594092554,100.0,0.28124594092554,100.0,0.28124594092554,0.28124594092554,100.0,0.28124594092554,100.0,0.28124594092554,100.0,0.28124594092554,100.0,0.28124594092554
Elma,0.008494495410179,0.0,100,100.0,0.8494495410178999,100.0,0.8494495410178999,100.00608494584398,0.8495012295624429,103.0365723684453,0.875243691064335,106.1641052981295,0.901810505180721,106.1641052981295,0.901810505180721,105.79725546334248,0.8986943009428977,0.8494495410178999,105.79725546334248,0.8986943009428978,105.79725546334248,0.8986943009428978,105.79725546334248,0.8986943009428978,105.79725546334248,0.8986943009428978
Karpuz,0.0087274901850951,0.0,100,100.0,0.87274901850951,100.0,0.87274901850951,100.0,0.87274901850951,100.0,0.87274901850951,100.0,0.87274901850951,100.0,0.87274901850951,100.0,0.87274901850951,0.87274901850951,100.0,0.87274901850951,100.0,0.87274901850951,100.0,0.87274901850951,100.0,0.87274901850951
Kavun,0.0040116942404753,4.3123209169054455,100,100.0,0.40116942404753,100.0,0.40116942404753,100.0,0.40116942404753,100.0,0.40116942404753,100.0,0.40116942404753,100.0,0.40116942404753,98.9983305509182,0.3971510324877884,0.40116942404753,98.33613435994216,0.3944945038423851,98.33613435994216,0.3944945038423852,98.33613435994216,0.3944945038423852,102.5767040508222,0.4115063728476228
Kivi,0.0006027648478512,0.0,100,98.33166499833168,0.0592708710916745,98.33166499833168,0.0592708710916745,95.05230315079685,0.0572941870465962,95.05230315079685,0.0572941870465962,95.05230315079685,0.0572941870465962,93.3829616834488,0.0562879666910184,93.3829616834488,0.0562879666910184,0.06027648478512,93.3829616834488,0.0562879666910184,93.3829616834488,0.0562879666910184,93.3829616834488,0.0562879666910184,93.3829616834488,0.05628796669101846
Limon,0.004259457222364,6.693440428380189,100,100.0,0.4259457222364,100.0,0.4259457222364,100.0,0.4259457222364,97.52168525402726,0.4153894465923752,97.52168525402726,0.4153894465923752,97.52168525402726,0.4153894465923752,99.49480989244964,0.4237938865841278,0.4259457222364,99.49480989244964,0.4237938865841277,99.49480989244964,0.4237938865841277,99.49480989244964,0.4237938865841277,106.15443572193087,0.45216027792175345
Mandalina,0.0058854736701786,8.354218880534669,100,100.0,0.5885473670178599,100.0,0.5885473670178599,93.796992481203,0.5520397295900604,93.796992481203,0.5520397295900604,107.08154506437768,0.630225614038438,107.08154506437768,0.630225614038438,107.08154506437768,0.630225614038438,0.5885473670178599,107.08154506437768,0.630225614038438,107.08154506437768,0.630225614038438,107.08154506437768,0.630225614038438,116.02737171971415,0.6828760412764028
Muz,0.0116481603836576,10.020040080160324,100,112.50393808160176,1.3104639145675812,112.50393808160176,1.3104639145675812,112.50393808160176,1.3104639145675812,112.50393808160176,1.3104639145675812,115.32217300348556,1.3432911669365084,123.19220300827304,1.4349625386564704,116.58790334735777,1.358034596984394,1.16481603836576,116.58790334735777,1.358034596984394,116.58790334735777,1.358034596984394,113.93335181394798,1.3271139549765525,125.34951933037564,1.460091305174604
Nar,0.0010388477897026,16.722408026755854,100,100.0,0.10388477897026,100.0,0.10388477897026,100.0,0.10388477897026,100.0,0.10388477897026,115.81027667984188,0.1203092499537003,115.81027667984188,0.1203092499537003,115.81027667984188,0.1203092499537003,0.10388477897026,115.81027667984188,0.1203092499537003,92.62503610329696,0.0962233140270335,92.62503610329696,0.0962233140270335,108.11417257542018,0.11231416921550072
Şeftali,0.0027748083453887,0.0,100,100.0,0.27748083453887,100.0,0.27748083453887,100.01787629603145,0.2775304378342827,100.01787629603145,0.2775304378342827,100.01787629603145,0.2775304378342827,100.01787629603145,0.2775304378342827,100.01787629603145,0.2775304378342827,0.27748083453887,100.01787629603145,0.2775304378342827,100.01787629603145,0.2775304378342827,100.01787629603145,0.2775304378342827,100.01787629603145,0.2775304378342827
Badem İçi,0.0018625723461661,-0.20116191119908608,100,99.04761904761904,0.1844833561916899,99.04761904761904,0.1844833561916899,99.04761904761904,0.1844833561916899,99.04761904761904,0.1844833561916899,99.04761904761904,0.1844833561916899,99.04761904761904,0.1844833561916899,99.04761904761904,0.1844833561916898,0.18625723461661,101.2675663577189,0.1886181686614277,101.2675663577189,0.1886181686614277,101.2675663577189,0.1886181686614277,101.06385458580891,0.18823874074847965
Ceviz İçi,0.0085348767674558,0.0,100,99.74569217367998,0.8513171907869391,99.74569217367998,0.8513171907869391,100.46789491801631,0.8574811022109681,99.14693222176324,0.8462068483840421,99.14693222176324,0.8462068483840421,100.7446184686873,0.8598429036145979,100.7446184686873,0.8598429036145979,0.85348767674558,100.7446184686873,0.8598429036145979,100.7446184686873,0.8598429036145979,100.7446184686873,0.8598429036145979,100.7446184686873,0.8598429036145979
Fındık İçi,0.0031068999499606,2.0760616102726517,100,100.0,0.31068999499606,100.0,0.31068999499606,100.0,0.31068999499606,100.0,0.31068999499606,100.0,0.31068999499606,100.0,0.31068999499606,100.0,0.31068999499606,0.31068999499606,100.0,0.31068999499606,100.14204545454544,0.3111313160116793,100.14204545454544,0.3111313160116793,102.22105601596904,0.3175905938209339
Antep Fıstığı,0.0020749666571714,0.0,100,100.0,0.2074966657171399,100.0,0.2074966657171399,100.0,0.2074966657171399,100.0,0.2074966657171399,100.0,0.2074966657171399,100.0,0.2074966657171399,100.0,0.2074966657171399,0.2074966657171399,100.0,0.2074966657171399,100.0,0.2074966657171399,100.0,0.2074966657171399,100.0,0.20749666571713998
Yer Fıstığı,0.0040351426383338,0.0,100,100.62015503875968,0.4060166778726568,100.62015503875968,0.4060166778726568,100.62015503875968,0.4060166778726568,100.62015503875968,0.4060166778726568,100.62015503875968,0.4060166778726568,100.62015503875968,0.4060166778726568,100.62015503875968,0.4060166778726567,0.40351426383338,100.62015503875968,0.4060166778726567,100.62015503875968,0.4060166778726567,100.62015503875968,0.4060166778726567,100.62015503875968,0.4060166778726567
Leblebi,0.0016836751315674,0.0,100,100.0,0.1683675131567399,100.0,0.1683675131567399,100.0,0.1683675131567399,100.0,0.1683675131567399,100.0,0.1683675131567399,100.0,0.1683675131567399,100.0,0.1683675131567399,0.1683675131567399,100.0,0.1683675131567399,100.0,0.1683675131567399,100.0,0.1683675131567399,100.0,0.16836751315673998
Ay Çekirdeği,0.0076213923702837,0.0,100,100.0,0.7621392370283699,100.0,0.7621392370283699,100.0,0.7621392370283699,100.0,0.7621392370283699,99.297052154195,0.7567817956796445,99.297052154195,0.7567817956796445,99.297052154195,0.7567817956796444,0.7621392370283699,99.297052154195,0.7567817956796444,99.297052154195,0.7567817956796444,99.297052154195,0.7567817956796444,99.297052154195,0.7567817956796444
Kabak Çekirdeği,0.0014419361965507,-2.307692307692308,100,100.0,0.14419361965507,100.0,0.14419361965507,100.0,0.14419361965507,100.0,0.14419361965507,100.0,0.14419361965507,100.0,0.14419361965507,100.0,0.14419361965507,0.14419361965507,100.0,0.14419361965507,100.0,0.14419361965507,100.0,0.14419361965507,97.6923076923077,0.14086607458610684
Kuru Üzüm,0.0015105340010418,0.0,100,99.669449081803,0.1505540917031678,99.669449081803,0.1505540917031678,99.669449081803,0.1505540917031678,99.669449081803,0.1505540917031678,99.669449081803,0.1505540917031678,99.669449081803,0.1505540917031678,99.669449081803,0.1505540917031678,0.15105340010418,103.06727120959174,0.1556866175566849,103.06727120959174,0.1556866175566849,103.06727120959174,0.1556866175566849,103.06727120959174,0.15568661755668492
Kuru Kayısı,0.0014900354049172,0.0,100,100.0,0.14900354049172,100.0,0.14900354049172,100.00279126891084,0.1490076995812218,100.00279126891084,0.1490076995812218,100.00000101245804,0.1490035420003183,100.00000101245804,0.1490035420003183,100.00255385635197,0.1490073458281035,0.14900354049172,100.00255385635197,0.1490073458281035,100.00255385635197,0.1490073458281035,99.10911551224088,0.1476760910632674,99.10911551224088,0.14767609106326737
Çarliston Biber,0.0018230943240911,0.0,100,103.52246502157408,0.1887312183967511,103.52246502157408,0.1887312183967511,103.52246502157408,0.1887312183967511,103.52246502157408,0.1887312183967511,103.52246502157408,0.1887312183967511,103.52246502157408,0.1887312183967511,97.53757251251432,0.1778201948331889,0.18230943240911,97.53757251251432,0.1778201948331889,97.53757251251432,0.1778201948331889,100.40970362301238,0.1830563607587834,100.40970362301238,0.18305636075878343
Dolmalık Biber,0.0017260222943693,0.0,100,98.9344390906526,0.1707630475513879,98.9344390906526,0.1707630475513879,98.9344390906526,0.1707630475513879,98.9344390906526,0.1707630475513879,89.65353486076025,0.1547439999386874,89.65353486076025,0.1547439999386874,80.46107350591753,0.1388776067001006,0.17260222943693,80.46107350591753,0.1388776067001006,80.46107350591753,0.1388776067001006,70.69341663114756,0.1220184131704981,70.69341663114756,0.12201841317049814
Sivri Biber,0.0061046068774752,0.0,100,101.82898948331048,0.6216259495261669,101.82898948331048,0.6216259495261669,101.82898948331048,0.6216259495261669,101.82898948331048,0.6216259495261669,102.78349075647364,0.6274528045628778,102.78349075647364,0.6274528045628778,95.20950140727533,0.5812165770918376,0.61046068774752,88.83679517565649,0.5423137108021683,88.83679517565649,0.5423137108021683,89.82551854989865,0.5483494783124875,89.82551854989865,0.5483494783124875
Dereotu,0.0004563833916287,0.0,100,100.0,0.04563833916287,100.0,0.04563833916287,100.0,0.04563833916287,100.0,0.04563833916287,100.0,0.04563833916287,100.0,0.04563833916287,100.0,0.04563833916287,0.04563833916287,100.0,0.04563833916287,100.0,0.04563833916287,100.0,0.04563833916287,100.0,0.04563833916287
Domates,0.0266428840404348,0.0,100,101.94707159318182,2.716164006719048,101.94707159318182,2.716164006719048,106.180516379506,2.828955185252666,116.98135137898626,3.1167205796836885,116.98135137898626,3.1167205796836885,116.98135137898626,3.1167205796836885,97.30331657664644,2.5924409803013084,2.66428840404348,97.30331657664644,2.5924409803013084,97.30331657664644,2.5924409803013084,98.14310354364856,2.614815327081814,98.14310354364856,2.614815327081814
Taze Fasulye,0.0040745288556989,0.0,100,100.0,0.4074528855698899,100.0,0.4074528855698899,100.0,0.4074528855698899,100.0,0.4074528855698899,100.0,0.4074528855698899,100.0,0.4074528855698899,98.45559845559846,0.40116017691244,0.4074528855698899,98.45559845559846,0.40116017691244,98.45559845559846,0.40116017691244,98.45559845559846,0.40116017691244,98.45559845559846,0.40116017691244
Havuç,0.0026291777205351,0.0,100,100.0,0.2629177720535099,100.0,0.2629177720535099,100.0,0.2629177720535099,100.0,0.2629177720535099,100.0,0.2629177720535099,100.0,0.2629177720535099,100.0,0.2629177720535099,0.2629177720535099,100.0,0.2629177720535099,100.0,0.2629177720535099,100.0,0.2629177720535099,100.0,0.26291777205350997
Ispanak,0.0024169813718144,0.0,100,100.0,0.2416981371814399,100.0,0.2416981371814399,100.0,0.2416981371814399,100.0,0.2416981371814399,100.0,0.2416981371814399,100.0,0.2416981371814399,100.0,0.2416981371814399,0.2416981371814399,100.0,0.2416981371814399,100.0,0.2416981371814399,100.0,0.2416981371814399,100.0,0.24169813718143998
Kabak,0.0020113790678469,0.0,100,100.0,0.20113790678469,100.0,0.20113790678469,100.0,0.20113790678469,100.0,0.20113790678469,100.0,0.20113790678469,100.0,0.20113790678469,90.40847943687416,0.1818457230951956,0.20113790678469,90.40847943687416,0.1818457230951956,90.40847943687416,0.1818457230951956,90.40847943687416,0.1818457230951956,90.40847943687416,0.1818457230951956
Karnabahar,0.0015928167106646,0.0,100,96.42601858470336,0.1535889737445708,96.42601858470336,0.1535889737445708,91.92313579555778,0.1464167067918557,91.92313579555778,0.1464167067918557,91.92313579555778,0.1464167067918557,91.92313579555778,0.1464167067918557,91.92313579555778,0.1464167067918557,0.15928167106646,91.92313579555778,0.1464167067918557,91.92313579555778,0.1464167067918557,91.92313579555778,0.1464167067918557,91.92313579555778,0.1464167067918557
Kuru Soğan,0.0089392852683875,16.75041876046901,100,100.0,0.89392852683875,100.0,0.89392852683875,100.0,0.89392852683875,98.70801033591732,0.8823790626677067,97.5287031634452,0.8718368994339228,97.5287031634452,0.8718368994339228,93.15884911070368,0.8327735274752472,0.89392852683875,93.15884911070368,0.8327735274752474,93.15884911070368,0.8327735274752474,93.15884911070368,0.8327735274752474,108.76334644918,0.9722665806536807
Beyaz Lahana,0.0014136498051078,0.0,100,100.0,0.14136498051078,100.0,0.14136498051078,71.94388777555109,0.1017034629326052,71.94388777555109,0.1017034629326052,87.9759519038076,0.1243671872629908,87.9759519038076,0.1243671872629908,87.9759519038076,0.1243671872629908,0.14136498051078,100.0,0.1413649805107799,100.0,0.14136498051078,100.0,0.14136498051078,100.0,0.14136498051078
Kırmızı Lahana,0.0005510926519836,0.0,100,100.0,0.05510926519836,100.0,0.05510926519836,100.0,0.05510926519836,100.0,0.05510926519836,100.0,0.05510926519836,100.0,0.05510926519836,100.0,0.05510926519836,0.05510926519836,100.0,0.05510926519836,100.0,0.05510926519836,100.0,0.05510926519836,100.0,0.05510926519836
Mantar,0.0019717806977418,0.0,100,100.0,0.1971780697741799,100.0,0.1971780697741799,103.22026580939172,0.2035277277387364,103.22026580939172,0.2035277277387364,100.29801473992424,0.1977656894860051,105.50354825481134,0.2080298599921075,105.50354825481134,0.2080298599921075,0.1971780697741799,105.50354825481134,0.2080298599921075,105.50354825481134,0.2080298599921075,105.50354825481134,0.2080298599921075,105.50354825481134,0.20802985999210755
Kıvırcık,0.0026256789103385,6.587615283267456,100,100.0,0.26256789103385,100.0,0.26256789103385,94.1792782305006,0.2472845446407272,94.1792782305006,0.2472845446407272,94.1792782305006,0.2472845446407272,94.1792782305006,0.2472845446407272,94.1792782305006,0.2472845446407272,0.26256789103385,94.1792782305006,0.2472845446407272,94.1792782305006,0.2472845446407272,94.1792782305006,0.2472845446407272,100.38344675688404,0.2635746990966381
Maydanoz,0.0020229045077588,0.0,100,100.0,0.20229045077588,100.0,0.20229045077588,106.68896321070234,0.2158215846070425,83.4113712374582,0.1687332388745969,83.4113712374582,0.1687332388745969,83.4113712374582,0.1687332388745969,83.4113712374582,0.1687332388745969,0.20229045077588,83.4113712374582,0.1687332388745969,83.4113712374582,0.1687332388745969,83.4113712374582,0.1687332388745969,83.4113712374582,0.1687332388745969
Nane,0.00030987323283,0.0,100,100.0,0.030987323283,100.0,0.030987323283,100.0,0.030987323283,100.0,0.030987323283,100.0,0.030987323283,100.0,0.030987323283,100.0,0.030987323283,0.030987323283,100.0,0.030987323283,100.0,0.030987323283,100.0,0.030987323283,100.0,0.030987323283000003
Patlıcan,0.0057775011057238,0.0,100,107.59150014011158,0.621610011025977,107.59150014011158,0.621610011025977,107.59150014011158,0.621610011025977,107.59150014011158,0.621610011025977,107.59150014011158,0.621610011025977,107.59150014011158,0.621610011025977,103.99655741466631,0.6008402254547033,0.57775011057238,100.7575100202162,0.582126625551776,100.7575100202162,0.582126625551776,100.7575100202162,0.582126625551776,100.7575100202162,0.582126625551776
Pırasa,0.001421188843776,0.0,100,100.0,0.1421188843775999,100.0,0.1421188843775999,100.0,0.1421188843775999,100.0,0.1421188843775999,100.0,0.1421188843775999,100.0,0.1421188843775999,100.0,0.1421188843775999,0.1421188843775999,100.0,0.1421188843775999,100.0,0.1421188843775999,100.0,0.1421188843775999,100.0,0.14211888437759998
Roka,0.0005744732703387,0.0,100,100.0,0.05744732703387,100.0,0.05744732703387,100.0,0.05744732703387,100.0,0.05744732703387,100.0,0.05744732703387,100.0,0.05744732703387,100.0,0.05744732703387,0.05744732703387,100.0,0.05744732703387,100.0,0.05744732703387,100.0,0.05744732703387,100.0,0.05744732703387
Salatalık,0.0106119085748634,0.0,100,101.66777851901269,1.0788891706532235,98.6371007525391,1.0467278952755348,101.97550092021604,1.082154692641231,91.75751485606617,0.9737223587092442,83.49107207624037,0.8859996236903933,83.49107207624037,0.8859996236903933,83.49107207624037,0.8859996236903933,1.06119085748634,87.67215862778919,0.9303689319190204,87.67215862778919,0.9303689319190204,87.67215862778919,0.9303689319190204,87.67215862778919,0.9303689319190203
Sarımsak,0.0020206809835523,0.0,100,100.0,0.2020680983552299,100.0,0.2020680983552299,100.0,0.2020680983552299,100.0,0.2020680983552299,100.0,0.2020680983552299,100.0,0.2020680983552299,100.0,0.2020680983552299,0.2020680983552299,100.0,0.2020680983552299,100.0,0.2020680983552299,100.0,0.2020680983552299,100.0,0.20206809835522999
Kırmızı Turp,0.0005770723149003,0.0,100,100.0,0.05770723149003,100.0,0.05770723149003,100.0,0.05770723149003,100.0,0.05770723149003,100.0,0.05770723149003,100.0,0.05770723149003,100.0,0.05770723149003,0.05770723149003,100.0,0.05770723149003,100.0,0.05770723149003,100.0,0.05770723149003,100.0,0.05770723149003001
Patates,0.0118041609240588,5.05050505050505,100,100.0,1.18041609240588,100.0,1.18041609240588,100.0,1.18041609240588,100.0,1.18041609240588,101.55778894472364,1.1988044837951173,101.55778894472364,1.1988044837951173,101.55778894472364,1.1988044837951175,1.18041609240588,101.95518898842036,1.2034954578621415,101.95518898842036,1.2034954578621415,101.95518898842036,1.2034954578621415,107.1044409575325,1.264278056744068
Kuru Fasulye,0.0040225590157415,0.0,100,100.0,0.40225590157415,100.0,0.40225590157415,101.33344881344188,0.4076197781206905,101.33344881344188,0.4076197781206905,101.33344881344188,0.4076197781206905,101.33344881344188,0.4076197781206905,101.33344881344188,0.4076197781206904,0.40225590157415,100.381184297384,0.4037892379062511,101.14193597830392,0.4068494064390761,100.9495083900926,0.4060753551092392,100.9495083900926,0.40607535510923926
Nohut,0.0025475869773485,0.0,100,100.0,0.25475869773485,100.0,0.25475869773485,103.50908711644378,0.2636984023750836,103.50908711644378,0.2636984023750836,103.50908711644378,0.2636984023750836,103.50908711644378,0.2636984023750836,103.50908711644378,0.2636984023750836,0.25475869773485,103.32372315964422,0.2632261715726712,103.32372315964422,0.2632261715726712,103.32372315964422,0.2632261715726712,103.32372315964422,0.2632261715726712
Mercimek,0.0047219026014242,0.0,100,100.0,0.47219026014242,100.0,0.47219026014242,101.67298249987068,0.4800899205606966,101.67298249987068,0.4800899205606966,102.15503177993844,0.4823661103102633,102.15503177993844,0.4823661103102633,102.15503177993844,0.4823661103102631,0.47219026014242,102.2272741400787,0.4827072316985425,102.2272741400787,0.4827072316985425,102.2272741400787,0.4827072316985425,102.2272741400787,0.4827072316985425
Konserveler,0.000943159570548,3.289549702593056e-16,100,100.0,0.0943159570547999,100.0,0.0943159570547999,100.1856485342724,0.0944910532466572,100.00333730227266,0.0943191046633782,100.15782436410754,0.0944648106142736,100.1582468639994,0.0944652090990902,100.1582468639994,0.0944652090990902,0.0943159570547999,100.1582468639994,0.0944652090990902,100.1582468639994,0.0944652090990902,100.1582468639994,0.0944652090990902,100.1582468639994,0.09446520909909023
Turşu,0.0011057177897891,0.0,100,100.0,0.11057177897891,100.1346101501992,0.1107206198166714,102.70637359632084,0.1135642644101774,102.70637359632084,0.1135642644101774,102.70637359632084,0.1135642644101774,102.70637359632084,0.1135642644101774,103.18632968176148,0.1140949603921667,0.11057177897891,103.18632968176148,0.1140949603921667,103.04245378647782,0.1139358742552297,103.04245378647782,0.1139358742552297,103.04245378647782,0.11393587425522973
Salça,0.0064688931862543,0.0,100,100.0351929092805,0.647116977796479,100.02164200477708,0.6470293184426693,100.02164200477708,0.6470293184426693,99.5253342398156,0.6438187565236249,101.57778382055398,0.6570958336315939,101.57778382055398,0.6570958336315939,101.52182761483128,0.6567338589136658,0.64688931862543,101.41042653709542,0.6560132172409588,101.41042653709542,0.6560132172409588,101.41042653709542,0.6560132172409588,101.41042653709542,0.6560132172409588
Zeytin,0.014793693649329,0.0,100,100.04629629629628,1.4800625098830025,100.0033210831106,1.4794184960190222,100.47050831544333,1.4863299208110303,100.47050831544333,1.4863299208110303,100.47050831544333,1.4863299208110303,100.47050831544333,1.4863299208110303,100.134207125935,1.4813547840395394,1.4793693649329,100.134207125935,1.4813547840395394,100.09219445212288,1.4807332614137736,100.50128265272129,1.4867851869289814,100.50128265272129,1.4867851869289817
Cipsler,0.0051633651161597,0.05628920140812353,100,100.69768736848488,0.5199389262363902,100.69768736848488,0.5199389262363902,100.69768736848488,0.5199389262363902,100.88544026646233,0.5209083630002648,100.88544026646233,0.5209083630002648,100.88544026646233,0.5209083630002648,100.55983161175104,0.5192271266310088,0.51633651161597,100.371869309673,0.5182566086373059,100.371869309673,0.518256608637306,100.371869309673,0.518256608637306,100.42836783334582,0.5185483311435527
Toz Şeker,0.0128662673468682,0.0,100,100.0,1.28662673468682,100.0,1.28662673468682,100.0,1.28662673468682,99.66638865721434,1.282334401960592,100.39654320724732,1.2917287656058485,100.39654320724732,1.2917287656058485,100.92881420744256,1.2985771065953453,1.28662673468682,100.92881420744256,1.2985771065953453,100.92881420744256,1.2985771065953453,100.92881420744256,1.2985771065953453,100.92881420744256,1.2985771065953453
Kesme Şeker,0.0020022687849941,0.0,100,100.0,0.2002268784994099,100.0,0.2002268784994099,100.0,0.2002268784994099,100.0,0.2002268784994099,100.0,0.2002268784994099,100.0,0.2002268784994099,100.56511910972006,0.2013583988526061,0.2002268784994099,100.91984616125345,0.2020686577550844,100.91984616125345,0.2020686577550844,100.91984616125345,0.2020686577550844,100.91984616125345,0.2020686577550844
Reçel,0.0013947727243241,0.0,100,100.0,0.1394772724324099,100.0,0.1394772724324099,103.61344827306698,0.1445172115244398,103.61344827306698,0.1445172115244398,104.92562608890788,0.1463474013514379,104.92562608890788,0.1463474013514379,104.92562608890788,0.1463474013514379,0.1394772724324099,104.92562608890788,0.1463474013514379,104.92562608890788,0.1463474013514379,104.92562608890788,0.1463474013514379,104.92562608890788,0.1463474013514379
Bal,0.0060041972118648,0.6850479527643468,100,100.23796710898483,0.6018485226387623,100.23796710898483,0.6018485226387623,100.23796710898483,0.6018485226387623,100.92465683744328,0.6059715431917886,101.88372820392428,0.6117299968163934,102.05825624008548,0.6127778975645046,101.4639447226493,0.6092095340085352,0.60041972118648,101.4639447226493,0.6092095340085352,101.4639447226493,0.6092095340085352,101.4639447226493,0.6092095340085352,102.15902139876574,0.6133829114493058
Pekmez,0.002099030088138,0.0,100,100.0,0.2099030088138,100.0,0.2099030088138,100.0,0.2099030088138,100.0,0.2099030088138,100.7768224584372,0.211533582527201,100.7768224584372,0.211533582527201,100.7768224584372,0.211533582527201,0.2099030088138,100.7768224584372,0.211533582527201,100.7768224584372,0.211533582527201,100.7768224584372,0.211533582527201,100.7768224584372,0.211533582527201
Tahin Helvası,0.0022971233051472,0.0,100,100.0,0.2297123305147199,100.0,0.2297123305147199,100.0,0.2297123305147199,100.0,0.2297123305147199,100.0,0.2297123305147199,100.0,0.2297123305147199,100.0,0.2297123305147199,0.2297123305147199,100.0,0.2297123305147199,100.0,0.2297123305147199,100.0,0.2297123305147199,100.0,0.22971233051471998
Fındık Ezmesi,0.0005912386297298,0.0,100,100.0,0.05912386297298,100.0,0.05912386297298,100.0,0.05912386297298,100.0,0.05912386297298,101.08676815465569,0.0597664022875726,101.08676815465569,0.0597664022875726,101.08676815465569,0.0597664022875726,0.05912386297298,101.08676815465569,0.0597664022875726,101.08676815465569,0.0597664022875726,101.08676815465569,0.0597664022875726,101.08676815465569,0.05976640228757261
Çikolata Tablet,0.0075497983656986,0.750163078930202,100,100.0,0.75497983656986,100.0,0.75497983656986,100.68493150684932,0.7601509313408865,100.68493150684932,0.7601509313408865,103.69337519889991,0.7828640746104263,104.5427099146094,0.7892763804590208,104.5427099146094,0.7892763804590209,0.75497983656986,108.2517032666464,0.8172785324066167,108.2517032666464,0.8172785324066167,108.2517032666464,0.8172785324066167,109.06376757686587,0.8234094542087539
Çikolata Krem,0.0045449436719292,1.8672532577134051,100,100.0,0.4544943671929199,100.0,0.4544943671929199,100.0,0.4544943671929199,100.0,0.4544943671929199,100.95820527386373,0.4588493561887761,100.95820527386373,0.4588493561887761,100.95820527386373,0.4588493561887761,0.4544943671929199,100.95820527386373,0.4588493561887761,100.6037296400241,0.4572382843999036,100.6037296400241,0.4572382843999036,102.48225605910862,0.46577608116087366
Lokum,0.0019085398848291,0.0,100,100.0,0.19085398848291,100.0,0.19085398848291,100.0,0.19085398848291,100.0,0.19085398848291,100.0,0.19085398848291,100.0,0.19085398848291,100.0,0.19085398848291,0.19085398848291,100.0,0.19085398848291,100.0,0.19085398848291,100.0,0.19085398848291,100.0,0.19085398848291002
Sakız,0.0011404586852766,0.0,100,100.0,0.11404586852766,100.0,0.11404586852766,100.0,0.11404586852766,100.0,0.11404586852766,99.04761904761904,0.1129597173988251,99.04761904761904,0.1129597173988251,99.04761904761904,0.1129597173988251,0.11404586852766,99.04761904761904,0.1129597173988251,99.04761904761904,0.1129597173988251,99.04761904761904,0.1129597173988251,99.04761904761904,0.11295971739882513
Kağıtlı Şeker,0.0043875883878211,0.026874496103198094,100,99.99128317478396,0.4387201679872236,100.00043504343888,0.4387607475736506,100.16455520756476,0.4394808392999766,100.18274514341029,0.4395606492512677,100.028585772872,0.4388842613872201,100.19275213782024,0.4396045558237378,100.18842578295244,0.4395855735593583,0.43875883878211,100.229881598529,0.4397674646143896,100.0854712511052,0.4391338514509517,100.06782882712298,0.4390564437563543,100.09472155188168,0.4391744379632225
Dondurma,0.0061827561217469,0.0,100,100.0,0.61827561217469,100.0,0.61827561217469,100.0,0.61827561217469,100.0,0.61827561217469,99.5802735242274,0.6156805457371478,98.74420330433988,0.6105113274669278,98.74420330433988,0.6105113274669278,0.61827561217469,99.3091941692676,0.6140045281957909,99.3091941692676,0.6140045281957908,99.3091941692676,0.6140045281957908,99.3091941692676,0.6140045281957908
Baharat,0.0045488419725467,0.0,100,100.0,0.45488419725467,100.0,0.45488419725467,100.0,0.45488419725467,100.0,0.45488419725467,100.0,0.45488419725467,100.0,0.45488419725467,100.0,0.45488419725467,0.45488419725467,100.0,0.45488419725467,100.0,0.45488419725467,100.0,0.45488419725467,100.0,0.45488419725467
Tuz,0.0012643411397832,0.2554896928160059,100,100.0,0.12643411397832,100.0,0.12643411397832,101.90072187165238,0.1288372748359358,101.90072187165238,0.1288372748359358,102.21347040714504,0.1292326956757661,102.58848992843843,0.1297068482847592,102.58848992843843,0.1297068482847591,0.12643411397832,102.58848992843843,0.1297068482847591,102.58848992843843,0.1297068482847591,102.58848992843843,0.1297068482847591,102.85059294622118,0.13003823591300323
Kabartma Maddeleri,0.0007173582198201,0.0,100,100.0,0.07173582198201,100.0,0.07173582198201,100.0,0.07173582198201,100.0,0.07173582198201,100.0,0.07173582198201,100.0,0.07173582198201,100.0,0.07173582198201,0.07173582198201,100.0,0.07173582198201,100.0,0.07173582198201,100.0,0.07173582198201,100.0,0.07173582198201
Sirke,0.0009704415491902,0.0,100,100.0,0.0970441549190199,100.0,0.0970441549190199,101.32602296656634,0.0983309827009564,101.32602296656634,0.0983309827009564,101.32602296656634,0.0983309827009564,101.32602296656634,0.0983309827009564,101.32602296656634,0.0983309827009564,0.0970441549190199,101.32602296656634,0.0983309827009564,101.32602296656634,0.0983309827009564,101.32602296656634,0.0983309827009564,101.32602296656634,0.09833098270095643
Ketçap,0.0008622444933183,0.1313591846200394,100,100.0,0.08622444933183,100.0,0.08622444933183,100.0,0.08622444933183,100.0,0.08622444933183,100.06133464180569,0.0862773347889766,100.00114375234358,0.0862254355259899,100.06247909566568,0.0862783215880152,0.08622444933183,100.00411150497786,0.0862279944543564,100.06358996663366,0.0862792794303901,100.06358996663366,0.0862792794303901,100.19503268251536,0.08639261518834597
Mayonez,0.0006416256205101,0.0,100,100.0,0.06416256205101,100.0,0.06416256205101,100.0,0.06416256205101,100.0,0.06416256205101,100.0,0.06416256205101,100.0,0.06416256205101,100.0,0.06416256205101,0.06416256205101,100.0,0.06416256205101,100.0,0.06416256205101,100.0,0.06416256205101,100.0,0.06416256205101
Tahin,0.0016316793995459,0.0,100,100.0,0.16316793995459,100.0,0.16316793995459,100.0,0.16316793995459,100.0,0.16316793995459,100.0,0.16316793995459,100.0,0.16316793995459,100.0,0.16316793995459,0.16316793995459,100.0,0.16316793995459,100.0,0.16316793995459,100.0,0.16316793995459,100.0,0.16316793995459
Hazır Çorbalar,0.0012009265342498,0.0,100,100.0,0.1200926534249799,100.0,0.1200926534249799,100.0,0.1200926534249799,100.0,0.1200926534249799,100.0,0.1200926534249799,100.0,0.1200926534249799,97.52529084471422,0.1171207095358464,0.1200926534249799,96.52983279564737,0.1159252375509894,96.52983279564737,0.1159252375509894,100.89370901490334,0.1211659322948756,100.89370901490334,0.12116593229487566
Hazır Pakette Toz Tatlılar (Puding),0.0007702615457266,-0.1736111111111111,100,100.00014805557704,0.0770262686141776,100.00014805557704,0.0770262686141776,100.00014805557704,0.0770262686141776,100.00014805557704,0.0770262686141776,100.00014805557704,0.0770262686141776,100.00014805557704,0.0770262686141776,100.00014805557704,0.0770262686141776,0.07702615457266,100.01097727953108,0.0770346099489594,100.01097727953108,0.0770346099489594,100.01097727953108,0.0770346099489594,99.837347110643,0.07690086930668698
Kahve,0.004616949426612,0.0,100,100.0,0.4616949426612,100.0,0.4616949426612,100.0,0.4616949426612,100.0,0.4616949426612,100.0,0.4616949426612,101.277753356987,0.4675942652900927,101.277753356987,0.4675942652900927,0.4616949426612,102.61133540046742,0.4737513461410796,102.61133540046742,0.4737513461410796,102.61133540046742,0.4737513461410796,102.61133540046742,0.47375134614107967
Hazır Kahve,0.0031122018197843,0.45871559633027525,100,100.0734699875101,0.3114536239607418,100.0734699875101,0.3114488354072584,101.54006534501262,0.316013176147765,101.54006534501262,0.316013176147765,101.39358991409618,0.3155573150451132,101.50644924282804,0.3159085560533721,101.50644924282804,0.3159085560533721,0.31122018197843,101.50644924282804,0.3159085560533721,101.50644924282804,0.3159085560533721,101.50644924282804,0.3159085560533721,101.97207515678598,0.31735767787013075
Çay,0.0215834415061335,0.0,100,100.0,2.1583441506133503,100.0,2.1583441506133503,100.0,2.1583441506133503,100.0,2.1583441506133503,100.0,2.1583441506133503,100.3674357751611,2.1662746791738003,100.3674357751611,2.1662746791738003,2.1583441506133503,100.3674357751611,2.1662746791738003,100.3674357751611,2.1662746791738003,100.3674357751611,2.1662746791738003,100.3674357751611,2.1662746791738003
Bitki ve Meyve Çayı (Poşet),0.0003583359736664,0.29194537346711247,100,100.28898424304104,0.0359371508167443,100.28898424304104,0.0359371508167443,100.86685220180244,0.0361442216943977,100.86685220180244,0.0361442216943977,101.15745102693008,0.0362483537073461,101.15745102693008,0.0362483537073461,101.15745102693008,0.0362483537073461,0.03583359736664,101.15745102693008,0.0362483537073461,101.15745102693008,0.0362483537073461,101.15745102693008,0.0362483537073461,101.45277552512046,0.036354179098952756
Kakao,0.0001778913066051,0.0,100,100.0,0.0177891306605099,100.0,0.0177891306605099,100.0,0.0177891306605099,100.0,0.0177891306605099,100.0,0.0177891306605099,100.0,0.0177891306605099,100.0,0.0177891306605099,0.0177891306605099,100.0,0.0177891306605099,100.0,0.0177891306605099,100.0,0.0177891306605099,100.0,0.017789130660509998
Kakaolu Toz İçecekler,5.18206004383996e-05,0.0,100,100.0,0.0051820600438399,100.0,0.0051820600438399,99.38689217758984,0.0051502884283491,99.38689217758984,0.0051502884283491,99.38689217758984,0.0051502884283491,99.38689217758984,0.0051502884283491,99.38689217758984,0.0051502884283491,0.0051820600438399,99.38689217758984,0.0051502884283491,99.38689217758984,0.0051502884283491,99.38689217758984,0.0051502884283491,99.38689217758984,0.005150288428349185
Su,0.0118704473433773,0.12411347517730505,100,99.57366536849916,1.181983951543841,99.57366536849916,1.181983951543841,100.02964804807723,1.1873966699312648,100.27972216819744,1.190365161606093,100.6736764011564,1.195041574584133,100.79983389038092,1.196539120416945,100.79983389038092,1.196539120416945,1.18704473433773,100.79983389038092,1.196539120416945,101.05032190947442,1.1995125252577417,101.05032190947442,1.1995125252577417,101.17573897567414,1.2010012819380262
Maden Suyu ve Sodası,0.0028454158319941,0.0,100,100.0,0.28454158319941,100.0,0.28454158319941,100.0,0.28454158319941,100.0,0.28454158319941,100.0,0.28454158319941,100.0,0.28454158319941,100.0,0.28454158319941,0.28454158319941,100.0,0.28454158319941,100.0,0.28454158319941,100.0,0.28454158319941,100.0,0.28454158319941
Gazoz Meyveli,0.0020499309469324,0.5743707093821511,100,100.0,0.2049930946932399,100.0,0.2049930946932399,100.23288309268747,0.2054704889519573,100.23288309268747,0.2054704889519573,100.34895474022788,0.2057084278143118,100.34895474022788,0.2057084278143118,100.24619538075936,0.2054977782232504,0.2049930946932399,100.24619538075936,0.2054977782232504,100.24619538075936,0.2054977782232504,100.71812181057965,0.2064651948164143,101.29661720129945,0.20765107042050862
Kola,0.0074626489403514,0.8931266689887378,100,99.93540051679588,0.7457828107702594,99.93540051679588,0.7457828107702594,99.93540051679588,0.7457828107702594,99.93540051679588,0.7457828107702594,101.58128797022698,0.7580654910305448,101.58128797022698,0.7580654910305448,101.17125054536378,0.7550055256763849,0.74626489403514,101.17125054536378,0.7550055256763849,101.17125054536378,0.7550055256763849,101.92874666386965,0.7606584532824731,102.83909948369063,0.7674520967886561
Soğuk Çay,0.0009407673755451,0.0,100,100.0,0.09407673755451,100.0,0.09407673755451,100.0,0.09407673755451,100.0,0.09407673755451,100.34149117814457,0.0943980013139448,100.34149117814457,0.0943980013139448,100.47878485998515,0.0945271627306889,0.09407673755451,100.70358005472576,0.0947386427160802,100.70358005472576,0.0947386427160802,100.70358005472576,0.0947386427160802,100.70358005472576,0.09473864271608023
Ayran,0.0015950373183413,0.0,100,100.0,0.15950373183413,100.02357563850688,0.1595413358573522,100.02357563850688,0.1595413358573522,99.9471539774499,0.1594194404560366,99.9471539774499,0.1594194404560366,99.8787263153344,0.1593102957813556,99.8787263153344,0.1593102957813556,0.15950373183413,99.8787263153344,0.1593102957813556,99.90227336279578,0.1593478542007932,99.80268231146836,0.1591890027573532,99.80268231146836,0.1591890027573532
Meyve Suyu,0.0046847925294257,0.19082633053221282,100,99.89429175475686,0.4679770238978201,99.89429175475686,0.4679840317449562,100.02851664290276,0.4686128474982051,100.02851664290276,0.4686128474982051,100.03794881465012,0.4686570352659434,99.87477885423536,0.4678926178543657,99.66670639828904,0.466917841567169,0.46847925294257,99.66670639828904,0.466917841567169,99.66670639828904,0.466917841567169,100.13782003147422,0.4691249111964256,100.32890935891524,0.4700201250500743
