Tarih,GFE
2024-11-19 01:22:00,104.6
2024-11-19 02:43:00,104.55
2024-11-19 04:05:00,104.52
2024-11-19 05:23:00,104.51
2024-11-19 06:40:00,104.5
2024-11-19 07:58:00,104.48
2024-11-19 09:16:00,104.5
2024-11-19 10:35:00,104.6
2024-11-19 11:54:00,104.62
2024-11-19 13:13:00,104.51
2024-11-19 14:31:00,104.47
2024-11-19 15:50:00,104.51
2024-11-19 19:11:00,104.5268653884867
2024-11-19 19:20:00,104.5268653884867
2024-11-19 19:21:00,104.5268653884867
2024-11-19 19:23:00,104.5268653884867
2024-11-19 20:43:00,104.53743652198122
2024-11-19 22:01:00,104.5484420480176
2024-11-19 23:19:00,104.5282028648598
2024-11-20 01:21:00,104.64067975944168
2024-11-20 02:39:00,104.52282042447789
2024-11-20 03:56:00,104.55111084108384
2024-11-20 05:14:00,104.56559822582014
2024-11-20 06:32:00,104.54705730438954
2024-11-20 07:50:00,104.54622748072708
2024-11-20 09:16:00,104.51747862577348
2024-11-20 10:33:00,104.52092320128546
2024-11-20 11:51:00,104.5246081692864
2024-11-20 13:09:00,104.5140157008784
2024-11-20 14:27:00,104.52013965319746
2024-11-20 15:46:00,104.52862148018596
2024-11-20 17:07:00,104.42984857950596
2024-11-20 18:26:00,104.4301712220576
2024-11-20 19:46:00,104.43677707440264
2024-11-20 21:07:00,104.57296924308386
2024-11-20 22:29:00,104.53912042366694
2024-11-20 23:52:00,104.5584458035332
2024-11-21 01:24:00,104.63586659506242
2024-11-21 02:43:00,104.76664823249703
2024-11-21 04:01:00,104.70423731377446
2024-11-21 08:57:00,104.69388449855056
2024-11-21 10:15:00,104.7379558268776
2024-11-21 11:37:00,104.56820356059636
2024-11-21 12:56:00,104.5590470411574
2024-11-21 14:16:00,104.52168499778358
2024-11-21 15:35:00,104.4672150228309
2024-11-21 16:55:00,104.45194372918752
2024-11-21 18:15:00,104.48516967852586
2024-11-21 19:35:00,104.48259825176147
2024-11-21 20:55:00,104.48866179191248
2024-11-21 22:15:00,104.4949967277959
2024-11-21 23:35:00,104.49393075292136
2024-11-22 01:25:00,104.33588519961644
2024-11-22 02:43:00,104.2151866900956
2024-11-22 04:03:00,104.18007975970744
2024-11-22 05:21:00,104.16615083578232
2024-11-22 06:40:00,104.1596050352534
2024-11-22 07:59:00,104.1516369796566
2024-11-22 09:24:00,104.13922250063251
2024-11-22 11:07:00,104.15755521527156
2024-11-22 12:27:00,104.13493649636872
2024-11-22 13:49:00,104.19021075092785
2024-11-22 15:10:00,104.18115790768644
2024-11-22 16:31:00,104.19606981039654
2024-11-22 17:49:00,104.1779780933039
2024-11-22 20:53:00,104.17315194141132
2024-11-22 22:15:00,104.18706144337445
2024-11-22 23:35:00,104.1915628559404
2024-11-23 01:21:00,103.98174177474512
2024-11-23 02:42:00,103.9457781907614
2024-11-23 04:03:00,103.96515314461163
2024-11-23 05:23:00,104.01229963995578
2024-11-23 06:45:00,104.03297282237496
2024-11-23 08:06:00,104.06668157996044
2024-11-23 09:28:00,104.07361881317624
2024-11-23 10:50:00,104.07229750217832
2024-11-23 12:12:00,104.02203264254156
2024-11-23 13:35:00,103.96823260010824
2024-11-23 14:58:00,104.04043616164324
2024-11-23 18:00:00,104.02121372738972
2024-11-23 19:20:00,104.002067900994
2024-11-23 20:40:00,104.05621648266658
2024-11-23 22:02:00,104.03586033466472
2024-11-23 23:23:00,103.99681422706476
2024-11-24 01:22:00,103.9955418863268
2024-11-24 02:43:00,103.9439137667178
2024-11-24 04:04:00,103.93839942700627
2024-11-24 05:24:00,103.9537642899038
2024-11-24 06:43:00,103.95420588001606
2024-11-24 08:03:00,103.961418971475
2024-11-24 09:23:00,103.94896516259452
2024-11-24 12:29:00,103.92341256804524
2024-11-24 13:22:00,103.8718496801974
2024-11-24 14:15:00,103.86920090235888
2024-11-24 15:10:00,103.8886623773879
2024-11-24 16:05:00,103.96197831845971
2024-11-24 16:58:00,103.98440753639036
2024-11-24 17:55:00,103.9307608858238
2024-11-24 19:48:00,103.89620692506104
2024-11-24 21:03:00,103.85948931488298
2024-11-24 21:57:00,103.8904581323963
2024-11-24 22:51:00,103.87637330023504
2024-11-24 23:43:00,103.9906
2024-11-25 00:58:00,103.93279496502178
2024-11-25 01:50:00,103.95967335274084
2024-11-25 02:41:00,104.2672354399391
2024-11-25 03:33:00,104.1892893433769
2024-11-25 04:24:00,104.14348727426275
2024-11-25 05:16:00,104.13855270800732
2024-11-25 06:08:00,104.11107984121134
2024-11-25 06:59:00,104.12189280539408
2024-11-25 07:51:00,104.11578422807987
2024-11-25 08:42:00,104.12280743073931
2024-11-25 09:34:00,104.12886983906968
2024-11-25 11:05:00,104.2373888370117
2024-11-25 12:00:00,104.23903560150158
2024-11-25 12:56:00,104.24932891240029
2024-11-25 13:57:00,104.2695904590448
2024-11-25 14:55:00,104.27333256620769
2024-11-25 15:54:00,104.26743301492688
2024-11-25 16:49:00,104.27078718140685
2024-11-25 17:44:00,104.2784234757136
2024-11-25 18:38:00,104.28387197420346
2024-11-25 19:33:00,104.26270833726696
2024-11-25 20:28:00,104.2415045256986
2024-11-25 21:24:00,104.26897053011145
2024-11-25 22:19:00,104.27346473482152
2024-11-25 23:13:00,104.27527378459251
2024-11-26 01:01:00,104.43452687047052
2024-11-26 01:54:00,104.4525133891586
2024-11-26 02:48:00,104.50581797234015
2024-11-26 03:41:00,104.44718967804516
2024-11-26 04:33:00,104.39878527100896
2024-11-26 05:26:00,104.4219166380262
2024-11-26 06:20:00,104.41763391562954
2024-11-26 07:14:00,104.45793134293832
2024-11-26 08:07:00,104.46972680001048
2024-11-26 09:01:00,104.46686068711163
2024-11-26 10:26:00,104.49204695070527
2024-11-26 11:20:00,104.5041171685176
2024-11-26 12:13:00,104.5001350482376
2024-11-26 13:06:00,104.46002967443872
2024-11-26 13:59:00,104.33630803952748
2024-11-26 15:09:00,103.96941494675004
2024-11-26 16:37:00,103.84858933493638
2024-11-26 17:34:00,103.82796189396493
2024-11-26 18:29:00,103.82241939920114
2024-11-26 19:25:00,103.80915493260952
2024-11-26 20:20:00,103.83342132168804
2024-11-26 21:14:00,103.82077356849864
2024-11-26 22:08:00,103.90873947392056
2024-11-26 23:02:00,103.78841728655593
2024-11-26 23:56:00,103.77908898555796
2024-11-27 01:08:00,103.98900928108282
2024-11-27 02:01:00,103.97489154960788
2024-11-27 02:54:00,103.93725009494696
2024-11-27 03:47:00,103.9437626181402
2024-11-27 04:39:00,103.94902338931956
2024-11-27 05:32:00,103.94636910772584
2024-11-27 06:25:00,103.93407595387552
2024-11-27 07:17:00,103.85950065779556
2024-11-27 08:10:00,103.94070321901904
2024-11-27 09:03:00,103.94441443564652
2024-11-27 09:57:00,103.93621646117344
2024-11-27 10:51:00,103.9432740829498
2024-11-27 11:46:00,103.94619745085812
2024-11-27 12:41:00,103.92497613850946
2024-11-27 13:36:00,103.95789204576798
2024-11-27 14:31:00,103.96408034564044
2024-11-27 15:28:00,103.99897172710408
2024-11-27 16:25:00,103.979289370569
2024-11-27 17:22:00,103.99532208253322
2024-11-27 18:19:00,103.967772710944
2024-11-27 19:16:00,103.95378898004115
2024-11-27 20:11:00,103.94716123177744
2024-11-27 21:09:00,103.93775544811164
2024-11-27 22:04:00,103.96876639613252
2024-11-27 22:58:00,103.9504263867896
2024-11-27 23:52:00,103.99877727919926
2024-11-28 01:03:00,104.07791644840788
2024-11-28 01:57:00,104.06817101613883
2024-11-28 02:51:00,104.04854434778488
2024-11-28 03:44:00,104.05454897729555
2024-11-28 04:37:00,104.06350585207385
2024-11-28 05:30:00,104.04370674435418
2024-11-28 06:23:00,104.02749039815578
2024-11-28 07:36:00,104.0486866652678
2024-11-28 08:29:00,104.05457352361192
2024-11-28 09:22:00,104.06768488905855
2024-11-28 10:15:00,104.05529983815688
2024-11-28 11:10:00,104.05917000351435
2024-11-28 12:04:00,104.06295300738664
2024-11-28 12:58:00,104.1994490715407
2024-11-28 13:52:00,104.20441344990805
2024-11-28 14:46:00,104.2066451342069
2024-11-28 15:39:00,104.20919097897266
2024-11-28 16:35:00,104.23611425858452
2024-11-28 17:30:00,104.23307219755304
2024-11-28 18:26:00,104.23593786689824
2024-11-28 19:22:00,104.2378124566526
2024-11-28 20:17:00,104.21213347350825
2024-11-28 21:12:00,104.2002057989658
2024-11-28 22:08:00,104.2042618060086
2024-11-28 23:20:00,104.17400767740072
2024-11-29 20:16:00,105.72150227050278
2024-11-29 21:12:00,105.6013232325578
2024-11-29 22:10:00,105.5992340452954
2024-11-29 23:19:00,105.600043752386
2024-11-30 00:57:00,105.6314313414112
2024-11-30 01:52:00,105.88154350557556
2024-11-30 02:47:00,105.81316067383165
2024-11-30 03:41:00,105.8005056845694
2024-11-30 04:35:00,105.7593831851345
2024-11-30 05:31:00,105.7863206759327
2024-11-30 06:26:00,105.76123771288977
2024-11-30 07:20:00,105.81106130152502
2024-11-30 08:15:00,105.74607134576712
2024-11-30 09:10:00,105.86332181948634
2024-11-30 10:06:00,105.8552320291046
2024-11-30 11:00:00,105.91218329198033
2024-11-30 11:55:00,105.9502488067879
2024-11-30 12:50:00,105.87877651904432
2024-11-30 13:46:00,105.83631866265208
2024-11-30 14:42:00,105.8797280242786
2024-11-30 15:36:00,105.84448418188124
2024-11-30 16:32:00,105.8765289503168
2024-11-30 17:33:00,105.87633145875876
2024-11-30 18:38:00,105.90208594530506
2024-11-30 20:10:00,105.87511058982564
2024-11-30 21:05:00,105.85579947265782
2024-11-30 22:00:00,105.87189880263122
2024-11-30 22:57:00,105.82735102531656
2024-12-01 01:01:00,105.83905661008852
2024-12-01 02:08:00,105.83518015986002
2024-12-01 03:11:00,105.9390321582108
2024-12-01 04:06:00,105.84619439868918
2024-12-01 05:01:00,105.86141070127668
2024-12-01 05:56:00,105.72443283920772
2024-12-01 06:51:00,105.73956701197268
2024-12-01 07:46:00,105.73299706494504
2024-12-01 08:41:00,105.77996523917348
2024-12-01 09:36:00,105.79288713678824
2024-12-01 10:31:00,105.85944833954125
2024-12-01 11:26:00,105.85468968517694
2024-12-01 12:22:00,105.8125984140404
2024-12-01 13:18:00,105.82730085740836
2024-12-01 14:13:00,105.77527928710808
2024-12-01 15:09:00,105.7179362425644
2024-12-01 16:06:00,105.73116162696304
2024-12-01 17:01:00,105.67376139274276
2024-12-01 17:57:00,105.69966308298086
2024-12-01 18:54:00,105.72607423050232
2024-12-01 19:53:00,105.72616889836593
2024-12-01 20:49:00,105.74909753279226
2024-12-01 21:47:00,105.7152023243759
2024-12-01 22:47:00,105.68736901769628
2024-12-01 23:45:00,105.65872412560994
2024-12-02 00:57:00,105.73173236129752
2024-12-02 01:54:00,105.83529120328032
2024-12-02 02:51:00,105.8054836331244
2024-12-02 03:48:00,105.8498504698316
2024-12-02 04:45:00,105.8290286254064
2024-12-02 05:42:00,105.77030175207857
2024-12-02 06:40:00,105.82426961183918
2024-12-02 07:37:00,105.83925884642076
2024-12-02 08:34:00,105.85908955299614
2024-12-02 09:32:00,105.76808838586736
2024-12-02 10:31:00,105.76376705842934
2024-12-02 11:30:00,105.71831647094442
2024-12-02 12:36:00,105.7153538038654
2024-12-02 13:36:00,105.75879175485264
2024-12-02 14:36:00,105.75932892819034
2024-12-02 15:34:00,105.78497383123218
2024-12-02 16:33:00,105.8378929149938
2024-12-02 17:32:00,105.87510161506628
2024-12-02 18:49:00,105.7873950997934
2024-12-02 19:47:00,105.8559374748878
2024-12-02 20:58:00,105.86356150355192
2024-12-02 21:56:00,105.82395172484328
2024-12-02 22:54:00,105.8596304997584
2024-12-02 23:50:00,105.87176811034004
2024-12-03 01:03:00,105.91590708913957
2024-12-03 01:58:00,105.96308594546116
2024-12-03 02:52:00,105.91412606736372
2024-12-03 03:47:00,105.91226814046196
2024-12-03 04:42:00,105.87053862681162
2024-12-03 05:36:00,105.89313046014335
2024-12-03 06:31:00,105.92941389046972
2024-12-03 07:25:00,105.92444044800904
2024-12-03 08:20:00,105.88236204275094
2024-12-03 09:16:00,105.90412347136228
2024-12-03 10:13:00,105.94965598173783
2024-12-03 11:11:00,105.9272631379676
2024-12-03 12:07:00,105.93122795198276
2024-12-03 13:04:00,105.91506664869416
2024-12-03 14:00:00,105.95347054662388
2024-12-03 14:56:00,105.91492233125686
2024-12-03 15:52:00,105.85916124834829
2024-12-03 16:50:00,105.83061208683344
2024-12-03 17:46:00,105.85818408890482
2024-12-03 18:42:00,105.82026442100393
2024-12-03 19:39:00,105.80920388924778
2024-12-03 20:34:00,105.8505141402631
2024-12-03 21:30:00,105.87670762376898
2024-12-03 22:27:00,105.87560521944624
2024-12-03 23:26:00,105.88649509709316
2024-12-04 01:33:00,106.07738900306396
2024-12-04 02:29:00,106.06781827511212
2024-12-04 03:25:00,106.05587213571285
2024-12-04 04:19:00,106.06150097114036
2024-12-04 05:15:00,106.07099249500186
2024-12-04 06:09:00,106.06454496790155
2024-12-04 07:04:00,106.08720976101355
2024-12-04 07:59:00,106.03626172248818
2024-12-04 08:54:00,105.98154552476468
2024-12-04 09:50:00,106.03725687856556
2024-12-04 10:48:00,106.01446449425232
2024-12-04 11:47:00,106.0147182997306
2024-12-04 12:45:00,106.02341286999282
2024-12-04 13:48:00,106.1053210104968
2024-12-04 14:45:00,106.11997365482335
2024-12-04 15:42:00,106.12616642310364
2024-12-04 16:39:00,106.05595378917216
2024-12-04 17:41:00,106.02833366951891
2024-12-04 18:37:00,106.00182605821313
2024-12-04 19:35:00,106.06707588641764
2024-12-04 20:31:00,106.09138442077828
2024-12-04 21:28:00,106.07434046912088
2024-12-04 22:23:00,106.08709389653625
2024-12-04 23:18:00,106.09185731426965
2024-12-05 00:14:00,106.08128361211187
2024-12-05 01:10:00,106.13511481742177
2024-12-05 02:04:00,106.1572279804933
2024-12-05 02:58:00,106.11990468538907
2024-12-05 04:16:00,106.136420851941
2024-12-05 05:12:00,106.17796778988368
2024-12-05 06:08:00,106.16753173893612
2024-12-05 07:03:00,106.18936158482026
2024-12-05 07:58:00,106.22062724050278
2024-12-05 08:55:00,106.17581160052396
2024-12-05 09:51:00,106.15813070079427
2024-12-05 10:48:00,106.22504248042496
2024-12-05 11:47:00,106.09094388419372
2024-12-05 12:49:00,106.14209045297508
2024-12-05 13:46:00,106.05910260165632
2024-12-05 14:43:00,106.1243985681649
2024-12-05 15:39:00,106.15053660847953
2024-12-05 16:36:00,106.1420680587725
2024-12-05 17:32:00,106.16681186833496
2024-12-05 18:27:00,106.14078307078412
2024-12-05 19:23:00,106.13683439542478
2024-12-05 20:17:00,106.13704355828918
2024-12-05 21:12:00,106.13826573794825
2024-12-05 22:09:00,106.1775925597802
2024-12-05 23:04:00,106.11840155505776
2024-12-06 00:01:00,106.09747439205256
2024-12-06 00:56:00,105.91331192616688
2024-12-06 01:53:00,105.95361123040644
2024-12-06 02:49:00,105.90929805111216
2024-12-06 03:43:00,105.88793623575891
2024-12-06 04:38:00,105.9055610066715
2024-12-06 05:32:00,105.9445489414164
2024-12-06 06:27:00,105.93243775459112
2024-12-06 07:23:00,105.9110189981388
2024-12-06 08:18:00,105.95298967091848
2024-12-06 09:13:00,105.95335023395974
2024-12-06 10:09:00,105.91880538571482
2024-12-06 11:05:00,105.89994591596948
2024-12-06 12:02:00,105.98015317344772
2024-12-06 12:57:00,105.99993946468646
2024-12-06 13:51:00,106.04049586958628
2024-12-06 14:46:00,106.03497338353873
2024-12-06 15:42:00,106.01829057127668
2024-12-06 16:38:00,106.06865414060132
2024-12-06 17:34:00,106.04139591173968
2024-12-06 18:30:00,105.9624296698896
2024-12-06 19:27:00,106.0340190366562
2024-12-06 20:22:00,106.06821967890596
2024-12-06 21:19:00,106.00923773549032
2024-12-06 22:14:00,106.0161716314175
2024-12-06 23:09:00,105.98102089896744
2024-12-07 00:04:00,105.96668448164776
2024-12-07 00:58:00,105.84079525010168
2024-12-07 01:51:00,105.89156258203909
2024-12-07 03:15:00,105.87608699387609
2024-12-07 04:09:00,105.9395694524695
2024-12-07 05:03:00,105.90605469014932
2024-12-07 05:57:00,105.89566733907174
2024-12-07 06:51:00,105.82043912519048
2024-12-07 07:45:00,105.78267120663816
2024-12-07 08:39:00,105.76684527649356
2024-12-07 09:33:00,105.80098701551005
2024-12-07 10:28:00,105.88047778564456
2024-12-07 11:23:00,105.84909176431492
2024-12-07 12:18:00,105.82330466015236
2024-12-07 13:13:00,105.83829773601708
2024-12-07 14:09:00,105.83910553669988
2024-12-07 15:04:00,105.86848547031542
2024-12-07 15:58:00,105.8364975995689
2024-12-07 17:04:00,105.75960924634552
2024-12-07 17:58:00,105.79256111352038
2024-12-07 18:51:00,105.6892273485459
2024-12-07 19:47:00,105.7252373908216
2024-12-07 20:40:00,105.63069328383418
2024-12-07 21:34:00,105.6377942537564
2024-12-07 22:28:00,105.6265805166662
2024-12-07 23:21:00,105.63637243916372
2024-12-08 01:04:00,105.6271849916902
2024-12-08 02:00:00,105.5816155627463
2024-12-08 02:55:00,105.68615130758968
2024-12-08 03:54:00,105.6829930687365
2024-12-08 04:50:00,105.7248730065976
2024-12-08 05:46:00,105.67752824182858
2024-12-08 06:41:00,105.7089327705768
2024-12-08 07:36:00,105.61216298805532
2024-12-08 08:30:00,105.58224802381244
2024-12-08 09:25:00,105.61787313757034
2024-12-08 10:20:00,105.69704310650556
2024-12-08 11:15:00,105.64857602002655
2024-12-08 12:12:00,105.68561479423322
2024-12-08 13:07:00,105.61077494501184
2024-12-08 14:02:00,105.56955195844552
2024-12-08 14:55:00,105.59527213552826
2024-12-08 15:49:00,105.6790160022594
2024-12-08 16:43:00,105.70757051540048
2024-12-08 17:40:00,105.78578532519708
2024-12-08 18:41:00,105.79547671726658
2024-12-08 19:42:00,105.79045728178596
2024-12-08 20:44:00,105.82490520937898
2024-12-08 21:42:00,105.84568572342732
2024-12-08 22:43:00,105.85662121499428
2024-12-08 23:40:00,105.82054969432892
2024-12-09 01:16:00,105.85870264393516
2024-12-09 02:13:00,105.85532677676008
2024-12-09 03:09:00,105.89313081171473
2024-12-09 04:05:00,105.92713684317724
2024-12-09 05:01:00,105.92958213729116
2024-12-09 05:57:00,105.89114323452377
2024-12-09 06:53:00,105.8636368215241
2024-12-09 07:52:00,105.862951625059
2024-12-09 09:03:00,105.8540296593182
2024-12-09 10:13:00,105.90804355843602
2024-12-09 11:47:00,105.88032768709994
2024-12-09 13:26:00,105.87386622911347
2024-12-09 14:31:00,105.831937419482
2024-12-09 16:06:00,105.86862848004328
2024-12-09 17:06:00,105.89356807040816
2024-12-09 18:06:00,105.88380580931258
2024-12-09 19:05:00,105.75809603459189
2024-12-09 20:04:00,105.7516593030936
2024-12-09 21:03:00,105.67148501851464
2024-12-09 22:04:00,105.6387173663584
2024-12-09 23:03:00,105.6439421321916
2024-12-10 00:59:00,105.85519182427744
2024-12-10 01:58:00,105.82952758814592
2024-12-10 02:55:00,105.79188181590976
2024-12-10 03:55:00,105.89586658484951
2024-12-10 04:55:00,105.88454643118205
2024-12-10 05:54:00,105.88446917109422
2024-12-10 06:52:00,105.80889153491964
2024-12-10 07:51:00,105.8261543710798
2024-12-10 08:49:00,105.83943383355194
2024-12-10 09:48:00,105.8035708369444
2024-12-10 10:48:00,105.8621025906064
2024-12-10 11:49:00,105.87897991196208
2024-12-10 12:50:00,106.00132993047448
2024-12-10 13:51:00,106.0273931951502
2024-12-10 14:52:00,105.99182063106278
2024-12-10 15:52:00,105.99280217019958
2024-12-10 16:54:00,106.04984212571772
2024-12-10 17:55:00,106.0351354571382
2024-12-10 18:56:00,105.9798009557961
2024-12-10 19:56:00,106.00213140065648
2024-12-10 20:54:00,105.97862891374794
2024-12-10 21:53:00,105.8956214766356
2024-12-10 22:53:00,105.94154324868
2024-12-10 23:53:00,105.96741948232702
2024-12-11 01:06:00,106.20182860506632
2024-12-11 02:05:00,106.16480401377642
2024-12-11 03:04:00,106.16902491860152
2024-12-11 04:02:00,106.17554003586726
2024-12-11 05:07:00,106.14003048625112
2024-12-11 06:09:00,106.16579228250195
2024-12-11 07:06:00,106.16782058819324
2024-12-11 08:03:00,106.10919004136784
2024-12-11 09:01:00,106.2231411537452
2024-12-11 10:02:00,106.20704416628192
2024-12-11 11:12:00,106.2393233632456
2024-12-11 12:13:00,106.24870393308562
2024-12-11 13:14:00,106.23722719955146
2024-12-11 14:15:00,106.18128338997218
2024-12-11 15:16:00,106.1586276749899
2024-12-11 16:16:00,106.17638294665736
2024-12-11 17:16:00,106.15211727003256
2024-12-11 19:50:00,106.1286905866599
2024-12-11 20:53:00,106.16380774491314
2024-12-11 21:55:00,106.1859390556898
2024-12-11 23:00:00,106.21517075433604
2024-12-12 01:05:00,106.29940406731237
2024-12-12 08:48:00,106.3907727166968
2024-12-12 09:39:00,106.34490050226889
2024-12-12 10:29:00,106.33940052883604
2024-12-12 11:21:00,106.33576984237004
2024-12-12 12:11:00,106.19336823994104
2024-12-12 13:02:00,106.188734709846
2024-12-12 13:52:00,106.22243777832158
2024-12-12 14:42:00,106.20508693250966
2024-12-12 15:33:00,106.17895501002216
2024-12-12 16:24:00,106.11030723445724
2024-12-12 17:15:00,106.1742836025074
2024-12-12 18:06:00,106.1951035510104
2024-12-12 18:57:00,106.11464194446977
2024-12-12 19:48:00,106.18810099454107
2024-12-12 20:45:00,106.1714089407912
2024-12-12 21:42:00,106.18595875626066
2024-12-12 22:40:00,106.1702433012466
2024-12-12 23:36:00,106.17481950866694
2024-12-13 01:00:00,106.23168754664304
2024-12-13 01:56:00,106.34474742958726
2024-12-13 11:31:00,106.33863425123286
2024-12-13 12:27:00,106.29091054047626
2024-12-13 13:21:00,106.24116560062802
2024-12-13 14:12:00,106.33847510224992
2024-12-13 15:03:00,106.33888672829748
2024-12-13 15:54:00,106.33424990186388
2024-12-13 16:45:00,106.30892372775412
2024-12-13 17:40:00,106.32099110991854
2024-12-13 18:36:00,106.27228662580674
2024-12-13 19:28:00,106.25498481253577
2024-12-13 20:21:00,106.35531181197436
2024-12-13 21:13:00,106.42605865885376
2024-12-13 22:05:00,106.46666910633137
2024-12-13 22:59:00,106.44538582045068
2024-12-14 01:25:00,106.37751752903334
2024-12-14 02:15:00,106.33029306368158
2024-12-14 03:06:00,106.46771667061992
2024-12-14 03:56:00,106.42466648075128
2024-12-14 04:47:00,106.33577727080022
2024-12-14 05:37:00,106.44473695439136
2024-12-14 09:40:00,106.44109931606924
2024-12-14 10:30:00,106.3824299701709
2024-12-14 11:19:00,106.42191523684936
2024-12-14 12:16:00,106.4362449750148
2024-12-14 13:14:00,106.41061175186734
2024-12-14 14:10:00,106.36128487736345
2024-12-14 15:02:00,106.38315407881412
2024-12-14 15:53:00,106.40440931851836
2024-12-14 16:42:00,106.39009053906692
2024-12-14 17:33:00,106.3724544217214
2024-12-14 18:24:00,106.3280740862901
2024-12-14 19:21:00,106.3193710643372
2024-12-14 20:20:00,106.44274990196082
2024-12-14 21:13:00,106.36398574909794
2024-12-14 22:05:00,106.33186281194888
2024-12-14 22:59:00,106.30243033992583
2024-12-14 23:50:00,106.28622710674657
2024-12-15 01:13:00,106.26140675101408
2024-12-15 02:05:00,106.31739596852476
2024-12-15 02:53:00,106.34152787620744
2024-12-15 03:42:00,106.3782536729958
2024-12-15 04:30:00,106.3433173678092
2024-12-15 05:19:00,106.35597643092832
2024-12-15 06:08:00,106.356241847059
2024-12-15 06:57:00,106.33034161509288
2024-12-15 07:47:00,106.34931125358426
2024-12-15 08:37:00,106.34935066721512
2024-12-15 09:28:00,106.35983414821813
2024-12-15 10:18:00,106.41164996127212
2024-12-15 11:09:00,106.47444711317796
2024-12-15 12:04:00,106.55276906872967
2024-12-15 13:02:00,106.41717673744684
2024-12-15 13:56:00,106.42594306805428
2024-12-15 14:49:00,106.29222383594688
2024-12-15 15:43:00,106.32699791632326
2024-12-15 16:39:00,106.41162698139098
2024-12-15 17:33:00,106.40030902267506
2024-12-15 18:27:00,106.45343892742233
2024-12-15 19:24:00,106.49170234915582
2024-12-15 20:21:00,106.41867158402924
2024-12-15 21:18:00,106.45671269857483
2024-12-15 22:34:00,106.4470667490422
2024-12-15 23:32:00,106.48495180718778
2024-12-16 01:49:00,106.50279593675025
2024-12-16 03:11:00,106.43561453107569
2024-12-16 04:33:00,106.48148020065062
2024-12-16 05:56:00,106.63217486235686
2024-12-16 07:19:00,106.58001756192154
2024-12-16 08:43:00,106.47584564343836
2024-12-16 10:09:00,106.43233130869744
2024-12-16 11:37:00,106.42659936631271
2024-12-16 13:06:00,106.59782285576514
2024-12-16 14:30:00,106.64269462578996
2024-12-16 16:00:00,106.58513162875975
2024-12-16 17:28:00,106.56265702742068
2024-12-16 18:55:00,106.55310977931602
2024-12-16 20:27:00,106.59112085326124
2024-12-16 21:56:00,106.58233388310722
2024-12-16 23:24:00,106.6578716189252
2024-12-17 01:42:00,106.27506816404886
2024-12-17 03:09:00,106.45438713397373
2024-12-17 04:35:00,106.71178947671731
2024-12-17 06:00:00,106.7383802649448
2024-12-17 07:25:00,106.69264901088204
2024-12-17 08:50:00,106.49178586191915
2024-12-17 10:17:00,106.32928203683454
2024-12-17 11:47:00,106.32639419372993
2024-12-17 13:16:00,106.87979682737334
2024-12-17 14:44:00,106.86071289039673
2024-12-17 16:10:00,106.80038532558868
2024-12-17 17:37:00,106.80150304677306
2024-12-17 19:07:00,106.80968056088808
2024-12-17 20:37:00,106.8353788529938
2024-12-17 22:06:00,106.89188911786792
2024-12-17 23:35:00,106.9159262310056
2024-12-18 01:25:00,107.00210470466396
2024-12-18 02:50:00,107.02283904729312
2024-12-18 04:15:00,107.06009792279428
2024-12-18 05:39:00,107.04782786103362
2024-12-18 07:03:00,107.0698543872444
2024-12-18 08:27:00,107.0672132235714
2024-12-18 09:53:00,107.07424015992038
2024-12-18 11:36:00,107.06414857992227
2024-12-18 13:04:00,106.96694499930632
2024-12-18 14:32:00,106.97170858242868
2024-12-18 16:02:00,106.85663142068712
2024-12-18 17:57:00,106.79615203728008
2024-12-18 19:29:00,106.8111377210793
2024-12-18 21:02:00,106.87858552607238
2024-12-18 22:34:00,106.7712714050816
2024-12-19 00:05:00,106.78728595508043
2024-12-19 01:33:00,106.72219323744528
2024-12-19 03:03:00,106.74405735092034
2024-12-19 04:34:00,106.78232119677712
2024-12-19 06:04:00,106.7728405938738
2024-12-19 07:34:00,106.6820644553674
2024-12-19 09:03:00,106.70640000922036
2024-12-19 10:35:00,106.70696458899955
2024-12-19 12:06:00,106.72889074921748
2024-12-19 13:36:00,106.69339707099948
2024-12-19 15:07:00,106.66201431413104
2024-12-19 16:40:00,106.63570115263052
2024-12-19 18:13:00,106.74332635659556
2024-12-19 19:45:00,106.68319568263216
2024-12-19 21:20:00,106.63098510051418
2024-12-19 22:52:00,106.57702542866042
2024-12-20 00:24:00,106.60345439296306
2024-12-20 01:56:00,106.50007381677992
2024-12-20 03:27:00,106.44534790335705
2024-12-20 04:57:00,106.44755056078876
2024-12-20 06:27:00,106.47220754213498
2024-12-20 07:57:00,106.42239434037444
2024-12-20 09:26:00,106.46795573572764
2024-12-20 10:57:00,106.51215992769406
2024-12-20 12:26:00,106.50384751501456
2024-12-20 13:54:00,106.43466416226
2024-12-20 15:25:00,106.3328566336608
2024-12-20 16:58:00,106.47446951921646
2024-12-20 18:26:00,106.55783415443152
2024-12-20 19:51:00,106.45215565604592
2024-12-20 21:19:00,106.42285777758424
2024-12-20 22:49:00,106.35722542092556
2024-12-21 00:19:00,106.43642324568104
2024-12-21 01:49:00,106.486583043817
2024-12-21 03:18:00,106.6050613428919
2024-12-21 04:48:00,106.53061031252705
2024-12-21 06:18:00,106.47607352099124
2024-12-21 07:48:00,106.6094593204563
2024-12-21 09:20:00,106.54998044693164
2024-12-21 10:51:00,106.5855185265935
2024-12-21 12:25:00,106.66231536396008
2024-12-21 13:57:00,106.66837646417886
2024-12-21 15:23:00,106.66416022033629
2024-12-21 16:50:00,106.54724365717234
2024-12-21 18:20:00,106.56783717995243
2024-12-21 19:45:00,106.5823009559463
2024-12-21 21:16:00,106.43876476081296
2024-12-21 22:49:00,106.45836335345534
2024-12-22 01:51:00,106.42607170550906
2024-12-22 03:56:00,106.2771197836035
2024-12-22 05:26:00,106.33605295024428
2024-12-22 06:57:00,106.39212243215842
2024-12-22 08:28:00,106.2581210703427
2024-12-22 10:00:00,106.36600188913955
2024-12-22 11:30:00,106.47805099562795
2024-12-22 13:02:00,106.34579056994646
2024-12-22 14:31:00,106.30999342334812
2024-12-22 16:01:00,106.43782104611893
2024-12-22 17:32:00,106.24495218343584
2024-12-22 19:03:00,106.40458110514868
2024-12-22 20:33:00,106.4577679415378
2024-12-22 22:04:00,106.47348633862036
2024-12-23 01:39:00,106.3761297458546
2024-12-23 03:08:00,106.35977056762265
2024-12-23 04:35:00,106.37295606533266
2024-12-23 06:03:00,106.3391503027992
2024-12-23 07:30:00,106.34344948302808
2024-12-23 08:58:00,106.39475050308052
2024-12-23 10:25:00,106.37039581483047
2024-12-23 11:53:00,106.33293572586707
2024-12-23 13:21:00,106.4586632783056
2024-12-23 14:50:00,106.35974947910456
2024-12-23 16:20:00,106.41962512381065
2024-12-23 17:49:00,106.49594448643464
2024-12-23 19:17:00,106.47610994902186
2024-12-23 20:45:00,106.43754738234112
2024-12-23 22:18:00,106.42077269202684
2024-12-23 23:50:00,106.4218496908946
2024-12-24 01:42:00,106.42367205196246
2024-12-24 03:09:00,106.43539612691649
2024-12-24 04:39:00,106.45196818414423
2024-12-24 06:08:00,106.47970753060284
2024-12-24 07:37:00,106.52756047596948
2024-12-24 09:04:00,106.52366804559549
2024-12-24 12:07:00,106.50345008624764
2024-12-24 13:37:00,106.51160458722714
2024-12-24 15:05:00,106.53884519600204
2024-12-24 16:33:00,106.42804177105278
2024-12-24 18:08:00,106.4058368048328
2024-12-24 19:40:00,106.46735459150123
2024-12-24 21:15:00,106.49298339799486
2024-12-24 23:38:00,106.4499068927035
2024-12-25 01:30:00,106.62678995968432
2024-12-25 03:00:00,106.57186428251676
2024-12-25 04:30:00,106.67901767187196
2024-12-25 06:00:00,106.59476344578752
2024-12-25 07:30:00,106.76000282452404
2024-12-25 08:59:00,106.8035575120291
2024-12-25 10:26:00,106.71798869564668
2024-12-25 11:54:00,106.68518370719585
2024-12-25 13:22:00,106.70637213607488
2024-12-25 14:48:00,106.67131917156424
2024-12-25 16:16:00,106.6728126756593
2024-12-25 17:50:00,106.64318386930948
2024-12-25 19:20:00,106.67597740137418
2024-12-25 20:47:00,106.60266106572212
2024-12-25 22:15:00,106.7167723284293
2024-12-25 23:45:00,106.72732420238076
2024-12-26 01:48:00,106.79538030327215
2024-12-26 03:19:00,106.7692648240896
2024-12-26 04:49:00,106.67996707780014
2024-12-26 06:18:00,106.73169453907566
2024-12-26 07:47:00,106.78579309319204
2024-12-26 09:18:00,106.77162632197454
2024-12-26 10:52:00,106.63666640532928
2024-12-26 12:27:00,106.77698062025615
2024-12-26 14:02:00,106.78279781400768
2024-12-26 15:39:00,106.78019066102227
2024-12-26 17:15:00,106.78912944742456
2024-12-26 18:47:00,106.70598219578326
2024-12-26 20:20:00,106.63822693792903
2024-12-26 21:55:00,106.72833497339592
2024-12-26 23:29:00,106.84083372708386
2024-12-27 01:02:00,106.75805842258195
2024-12-27 02:33:00,106.8009041738193
2024-12-27 04:05:00,106.71701212532656
2024-12-27 05:38:00,106.70217855164182
2024-12-27 07:09:00,106.76122352513636
2024-12-27 08:40:00,106.725281814211
2024-12-27 10:16:00,106.75609125958886
2024-12-27 11:52:00,106.68871631335328
2024-12-27 13:26:00,106.85547550681298
2024-12-27 14:56:00,106.86165945667771
2024-12-27 16:29:00,106.9376852388827
2024-12-27 18:47:00,106.89447629719676
2024-12-27 20:16:00,106.87227324597444
2024-12-27 21:46:00,106.92714010764644
2024-12-28 01:27:00,106.82247253252504
2024-12-28 02:56:00,106.8766106070066
2024-12-28 04:24:00,107.03073656822087
2024-12-28 05:51:00,106.82619773996105
2024-12-28 07:18:00,106.85004886026942
2024-12-28 08:44:00,106.85756618945696
2024-12-28 11:30:00,106.8413158315366
2024-12-28 12:58:00,106.913670013035
2024-12-28 14:29:00,106.77185931421648
2024-12-29 14:29:00,106.77185931421648
2024-12-30 15:52:00,106.7715875377648
2024-12-30 17:46:00,106.81406907711388
2024-12-30 18:41:00,106.82575372954732
2024-12-30 20:45:00,106.82905804873111
2024-12-30 22:48:00,106.84864645632352
2024-12-31 01:29:00,106.93124608466869
2024-12-31 02:56:00,106.91329572544834
2024-12-31 04:25:00,106.91484332407684
2024-12-31 05:53:00,106.90969741138706
2024-12-31 07:21:00,106.91476921273387
2024-12-31 08:49:00,106.91856544874764
2024-12-31 10:19:00,106.93968640909767
2024-12-31 11:54:00,106.96031161562628
2024-12-31 13:27:00,106.98768461464672
2025-01-01 00:06:00,106.88588499472736
2025-01-01 00:10:00,106.82249633998944
2025-01-01 02:50:00,105.03764409145862
2025-01-01 03:06:00,107.5134122675053
2025-01-01 04:32:00,107.5123092641888
2025-01-01 05:56:00,107.5123092641888
2025-01-01 07:20:00,107.5141236640896
2025-01-01 08:44:00,107.51408371592396
2025-01-01 10:08:00,107.51408371592396
2025-01-01 11:31:00,107.51408371592396
2025-01-01 12:54:00,107.51408371592396
2025-01-01 14:19:00,107.51012049873036
2025-01-01 15:43:00,107.5079872820394
2025-01-01 17:07:00,107.5079872820394
2025-01-01 18:30:00,107.5079872820394
2025-01-01 21:57:00,107.5079872820394
2025-01-01 23:23:00,107.5079872820394
2025-01-02 01:26:00,104.88988970581492
2025-01-02 03:56:00,109.972451915167
2025-01-02 05:21:00,109.97244933408318
2025-01-02 06:44:00,109.97245904396284
2025-01-02 08:10:00,109.97245503380437
2025-01-02 09:34:00,109.97245352331134
2025-01-02 11:03:00,109.97245882759356
2025-01-02 12:31:00,109.9709738000817
2025-01-02 13:58:00,109.970971826237
2025-01-02 15:23:00,109.97097753195622
2025-01-02 16:49:00,109.97093625894644
2025-01-02 18:16:00,109.97093567646874
2025-01-02 19:43:00,109.97093567646874
2025-01-02 21:28:00,109.97094491275988
2025-01-02 22:00:00,110.08133201243125
2025-01-02 22:38:00,110.08133201243125
2025-01-02 23:03:00,110.08133201243125
2025-01-02 23:27:00,110.0813410985388
2025-01-02 23:51:00,110.0813410985388
2025-01-03 00:47:00,110.0098153487256
2025-01-03 01:30:00,110.01566263794128
2025-01-03 01:53:00,110.017244637553
2025-01-03 02:16:00,110.01646922906724
2025-01-03 02:40:00,110.0133653829123
2025-01-03 10:04:00,110.01307423271663
2025-01-03 10:29:00,110.01309424375684
2025-01-03 10:53:00,110.014700802484
2025-01-03 11:17:00,110.01469625978716
2025-01-03 11:41:00,110.01536541034352
2025-01-03 12:05:00,110.01567627233814
2025-01-03 12:28:00,110.01616979046248
2025-01-03 12:51:00,110.01610529939433
2025-01-03 13:15:00,110.0166149188459
2025-01-03 13:38:00,110.01694157893496
2025-01-03 14:01:00,110.01694157893496
2025-01-03 14:25:00,110.01753064005146
2025-01-03 14:48:00,110.01768470671983
2025-01-03 15:12:00,110.01388796477517
2025-01-03 15:34:00,110.01394916217882
2025-01-03 15:57:00,110.0139409290558
2025-01-03 16:21:00,110.01393933801388
2025-01-03 16:45:00,110.01393933801388
2025-01-03 17:09:00,110.01393933801388
2025-01-03 17:34:00,110.01394075294152
2025-01-03 17:58:00,110.01394075294152
2025-01-03 18:22:00,110.01394075294152
2025-01-03 18:45:00,110.01394075294152
2025-01-03 19:08:00,110.0139447814523
2025-01-03 19:31:00,110.0139447814523
2025-01-03 19:54:00,110.01399893862194
2025-01-03 20:17:00,110.01400798402852
2025-01-03 20:41:00,110.01400798402852
2025-01-03 21:04:00,110.01406112891462
2025-01-03 21:27:00,110.01407291836544
2025-01-03 21:50:00,110.01407291836544
2025-01-03 22:13:00,110.01407291836544
2025-01-03 22:36:00,110.01407291836544
2025-01-03 23:47:00,106.395158569332
2025-01-04 00:25:00,106.14606802367427
2025-01-04 00:48:00,106.16133970533292
2025-01-04 01:12:00,106.16268070962548
2025-01-04 01:36:00,106.16331930554958
2025-01-04 01:59:00,106.16631342665714
2025-01-04 02:22:00,106.16702691936028
2025-01-04 02:45:00,106.167006455297
2025-01-04 03:07:00,106.1669367079459
2025-01-04 03:30:00,106.16704205484528
2025-01-04 03:53:00,106.16608015259108
2025-01-04 04:15:00,106.16617969319618
2025-01-04 04:37:00,106.1661966833145
2025-01-04 05:00:00,106.15171680594202
2025-01-04 05:23:00,106.15168875342482
2025-01-04 05:45:00,106.1517215564819
2025-01-04 06:08:00,106.15171249998494
2025-01-04 06:31:00,106.15171249998494
2025-01-04 06:53:00,106.15175658529898
2025-01-04 07:15:00,106.15175658529898
2025-01-04 07:38:00,106.15442893564544
2025-01-04 08:00:00,106.1543229710368
2025-01-04 08:23:00,106.15447097244548
2025-01-04 08:46:00,106.1544443662306
2025-01-04 09:09:00,106.15446052748148
2025-01-04 09:32:00,106.15447646737192
2025-01-04 10:16:00,106.15453810186293
2025-01-04 12:14:00,106.171031981572
2025-01-04 12:42:00,106.17190223916324
2025-01-04 13:09:00,106.17196941827656
2025-01-04 13:36:00,106.17211297288829
2025-01-04 14:03:00,106.17225398022038
2025-01-04 14:29:00,106.17222214162253
2025-01-04 14:56:00,106.17222214162253
2025-01-04 15:22:00,106.16849688130026
2025-01-04 15:49:00,106.16849688130026
2025-01-04 17:57:00,106.16849433636926
2025-01-04 18:24:00,106.16849433636926
2025-01-04 18:49:00,106.16849433636926
2025-01-04 19:15:00,106.16849433636926
2025-01-04 19:40:00,106.16849891632722
2025-01-04 20:06:00,106.16849597913848
2025-01-04 20:32:00,106.16849597913848
2025-01-04 20:58:00,106.16849597913848
2025-01-04 21:23:00,106.16849597913848
2025-01-04 21:49:00,106.16849597913848
2025-01-04 22:14:00,106.16849597913848
2025-01-04 22:40:00,106.16849597913848
2025-01-04 23:06:00,106.16849597913848
2025-01-04 23:30:00,106.16849597913848
2025-01-05 00:43:00,106.22977249179915
2025-01-05 01:08:00,106.20933550683222
2025-01-05 01:33:00,106.2093849181648
2025-01-05 01:59:00,106.2094273561594
2025-01-05 02:24:00,106.20946389661044
2025-01-05 02:48:00,106.20945148070052
2025-01-05 03:14:00,106.2094499663041
2025-01-05 03:39:00,106.2094499663041
2025-01-05 04:04:00,106.20949642455334
2025-01-05 04:29:00,106.20905857304976
2025-01-05 04:54:00,106.20905875350944
2025-01-05 05:18:00,106.20906279592025
2025-01-05 05:43:00,106.20906297504818
2025-01-05 06:09:00,106.20905848140464
2025-01-05 06:34:00,106.20905848140464
2025-01-05 07:00:00,106.20905848140464
2025-01-05 07:26:00,106.20905848140464
2025-01-05 07:51:00,106.20905848140464
2025-01-05 08:16:00,106.20905848140464
2025-01-05 08:40:00,106.20905848140464
2025-01-05 09:05:00,106.20905848140464
2025-01-05 09:30:00,106.20905848140464
2025-01-05 09:56:00,106.20820345429053
2025-01-05 10:22:00,106.20820345429053
2025-01-05 10:48:00,106.20801067192974
2025-01-05 11:15:00,106.20858771381704
2025-01-05 11:42:00,106.20860004474076
2025-01-05 12:09:00,106.20860004474076
2025-01-05 12:35:00,106.20860021868648
2025-01-05 13:01:00,106.20860021868648
2025-01-05 13:28:00,106.20860021868648
2025-01-05 13:55:00,106.20860021868648
2025-01-05 14:22:00,106.20861405853763
2025-01-05 14:49:00,106.20861405853763
2025-01-05 15:16:00,106.20861405853763
2025-01-05 15:43:00,106.20861405853763
2025-01-05 16:10:00,106.20861405853763
2025-01-05 16:38:00,106.20861405853763
2025-01-05 17:05:00,106.20861405853763
2025-01-05 17:32:00,106.20861405853763
2025-01-05 17:59:00,106.20861405853763
2025-01-05 18:46:00,106.31493908776498
2025-01-05 19:13:00,106.31493908776498
2025-01-05 19:40:00,106.31493908776498
2025-01-05 20:07:00,106.3149346808722
2025-01-05 20:35:00,106.3149346808722
2025-01-05 21:02:00,106.3149346808722
2025-01-05 21:28:00,106.3149346808722
2025-01-05 21:55:00,106.31494643912772
2025-01-05 22:21:00,106.31494643912772
2025-01-05 22:48:00,106.31494643912772
2025-01-05 23:15:00,106.31496007671402
2025-01-05 23:44:00,106.29440529472508
2025-01-06 00:56:00,106.27797127146354
2025-01-06 01:22:00,106.27814238091752
2025-01-06 01:49:00,106.27850007824102
2025-01-06 02:15:00,106.27865559573964
2025-01-06 02:41:00,106.27856706858223
2025-01-06 03:07:00,106.27865296591791
2025-01-06 03:32:00,106.2786219296991
2025-01-06 03:57:00,106.27861233498338
2025-01-06 04:23:00,106.2787083007174
2025-01-06 04:48:00,106.27860559344283
2025-01-06 05:13:00,106.2781683761791
2025-01-06 05:39:00,106.2781683761791
2025-01-06 06:05:00,106.27814753299212
2025-01-06 06:30:00,106.27814753299212
2025-01-06 06:55:00,106.27805757466776
2025-01-06 07:20:00,106.27805757466776
2025-01-06 07:45:00,106.27821819489672
2025-01-06 08:10:00,106.27821819489672
2025-01-06 08:34:00,106.27821819489672
2025-01-06 08:59:00,106.27821819489672
2025-01-06 09:24:00,106.27822003302494
2025-01-06 09:48:00,106.27828626839612
2025-01-06 10:14:00,106.27828626839612
2025-01-06 10:41:00,106.27828626839612
2025-01-06 11:07:00,106.27828854533966
2025-01-06 11:34:00,106.27828854533966
2025-01-06 12:01:00,106.27825633600624
2025-01-06 12:27:00,106.27825633600624
2025-01-06 12:54:00,106.27821562825126
2025-01-06 13:21:00,106.27828034422168
2025-01-06 13:48:00,106.27829179054028
2025-01-06 14:16:00,106.27829179054028
2025-01-06 14:43:00,106.27829179054028
2025-01-06 15:09:00,106.2782940206628
2025-01-06 15:35:00,106.2783572689208
2025-01-06 16:02:00,106.27836127345525
2025-01-06 16:28:00,106.2783647508116
2025-01-06 16:55:00,106.2783647508116
2025-01-06 17:23:00,106.2783647508116
2025-01-06 17:51:00,106.2783647508116
2025-01-06 18:19:00,106.2783761033564
2025-01-06 18:46:00,106.2783761033564
2025-01-06 19:13:00,106.2783782880874
2025-01-06 19:40:00,106.2783782880874
2025-01-06 21:38:00,106.27844202918838
2025-01-06 22:03:00,106.27844202918838
2025-01-06 22:29:00,106.27845301793003
2025-01-06 22:56:00,106.27845301793003
2025-01-06 23:22:00,106.27845301793003
2025-01-06 23:46:00,106.27845301793003
2025-01-07 00:26:00,106.50651024809495
2025-01-07 01:06:00,106.51081753036922
2025-01-07 01:31:00,106.51218892720333
2025-01-07 01:56:00,106.51072890871345
2025-01-07 02:20:00,106.50990052922336
2025-01-07 02:45:00,106.50998129346692
2025-01-07 03:09:00,106.50940016572612
2025-01-07 03:34:00,106.51296946152956
2025-01-07 03:58:00,106.51184432260548
2025-01-07 04:22:00,106.511444823153
2025-01-07 04:46:00,106.5114717903874
2025-01-07 05:10:00,106.51146017786056
2025-01-07 05:34:00,106.51145908630696
2025-01-07 05:58:00,106.51129513092198
2025-01-07 06:23:00,106.51129513092198
2025-01-07 06:48:00,106.51129513092198
2025-01-07 07:12:00,106.51113145262504
2025-01-07 07:36:00,106.51113145262504
2025-01-07 08:01:00,106.51113145262504
2025-01-07 08:25:00,106.51060274356222
2025-01-07 08:50:00,106.51060274356222
2025-01-07 09:15:00,106.5094038443215
2025-01-07 09:41:00,106.45467188072575
2025-01-07 10:06:00,106.45372670389273
2025-01-07 10:32:00,106.47019124646934
2025-01-07 10:57:00,106.47021706582449
2025-01-07 11:25:00,106.46932451432382
2025-01-07 11:50:00,106.46932451432382
2025-01-07 12:17:00,106.46932451432382
2025-01-07 12:44:00,106.4693370910288
2025-01-07 13:10:00,106.46954270930355
2025-01-07 13:37:00,106.46956729522284
2025-01-07 14:04:00,106.46928830317296
2025-01-07 14:31:00,106.46931269222264
2025-01-07 14:57:00,106.4692531193958
2025-01-07 15:24:00,106.4692531193958
2025-01-07 15:52:00,106.4692531193958
2025-01-07 16:19:00,106.4692531193958
2025-01-07 17:07:00,106.4692531193958
2025-01-07 17:54:00,106.46932415342852
2025-01-07 18:41:00,106.4691262216706
2025-01-07 19:30:00,106.4691262216706
2025-01-07 20:18:00,106.4691382506676
2025-01-07 21:06:00,106.46914921688624
2025-01-07 21:52:00,106.46914921688624
2025-01-07 22:40:00,106.46917182278732
2025-01-07 23:28:00,106.46919531743411
2025-01-08 00:27:00,107.14927910716467
2025-01-08 00:56:00,107.1492133495392
2025-01-08 01:45:00,107.14890991550914
2025-01-08 02:28:00,107.16340681583432
2025-01-08 03:16:00,107.1604014372382
2025-01-08 04:06:00,107.160315884121
2025-01-08 04:55:00,107.16029241386472
2025-01-08 05:45:00,107.1602575810192
2025-01-08 06:34:00,107.16015853128393
2025-01-08 07:22:00,107.1601635726286
2025-01-08 08:11:00,107.16006210181332
2025-01-08 08:59:00,107.15975867567958
2025-01-08 09:47:00,107.15975861434268
2025-01-08 10:35:00,107.15975752441352
2025-01-08 11:23:00,107.1597572562294
2025-01-08 12:09:00,107.15975784118385
2025-01-08 12:57:00,107.14296362995177
2025-01-08 13:46:00,107.17776116689116
2025-01-08 14:35:00,107.17783276400807
2025-01-08 15:23:00,107.17783276400807
2025-01-08 16:13:00,107.17783276400807
2025-01-08 17:03:00,107.17783249918176
2025-01-08 17:54:00,107.17784517429716
2025-01-08 18:42:00,107.17784574533871
2025-01-08 19:30:00,107.17784568448148
2025-01-08 20:19:00,107.1769177288662
2025-01-08 22:01:00,107.34555622460104
2025-01-08 22:50:00,107.34555596789836
2025-01-08 23:39:00,107.34555596789836
2025-01-09 01:01:00,107.00135913440236
2025-01-09 01:50:00,107.0010164989345
2025-01-09 02:39:00,107.00287463413756
2025-01-09 03:26:00,107.0047978667341
2025-01-09 04:14:00,107.01040757782783
2025-01-09 05:02:00,107.00992616068262
2025-01-09 05:51:00,107.00937739355682
2025-01-09 06:40:00,107.00977281664396
2025-01-09 07:29:00,107.0107841260132
2025-01-09 08:22:00,106.95876514913496
2025-01-09 09:10:00,106.95876514913496
2025-01-09 09:59:00,106.95876514913496
2025-01-09 10:48:00,106.95876514913496
2025-01-09 11:37:00,106.95876514913496
2025-01-09 12:26:00,106.95876514913496
2025-01-09 13:16:00,106.95876514913496
2025-01-09 14:05:00,106.95876514913496
2025-01-09 14:55:00,106.95876514913496
2025-01-09 15:45:00,106.95876514913496
2025-01-09 16:36:00,106.95876514913496
2025-01-09 17:27:00,106.95876514913496
2025-01-09 19:45:00,108.48547362464905
2025-01-09 20:40:00,108.48547362464905
2025-01-09 21:19:00,108.48547362464905
2025-01-09 21:59:00,108.48547362464905
2025-01-09 22:38:00,108.48547362464905
2025-01-09 23:17:00,108.48547362464905
2025-01-10 00:37:00,108.39915229475412
2025-01-10 01:16:00,108.39915229475412
2025-01-10 01:55:00,108.39915229475412
2025-01-10 02:34:00,108.39915229475412
2025-01-10 03:12:00,108.39915229475412
2025-01-10 03:49:00,108.39915229475412
2025-01-10 04:27:00,108.39915229475412
2025-01-10 10:30:00,108.39915229475412
2025-01-10 11:10:00,108.39915229475412
2025-01-10 11:51:00,108.39915229475412
2025-01-10 12:32:00,108.39915229475412
2025-01-10 13:14:00,108.39915229475412
2025-01-10 13:54:00,108.39915229475412
2025-01-10 14:34:00,108.39915229475412
2025-01-10 15:14:00,108.39915229475412
2025-01-10 15:53:00,108.39915229475412
2025-01-10 16:33:00,108.39915229475412
2025-01-10 17:12:00,108.39915229475412
2025-01-10 17:52:00,108.39915229475412
2025-01-10 18:30:00,108.39915229475412
2025-01-10 19:07:00,108.39915229475412
2025-01-10 19:43:00,108.39915229475412
2025-01-10 20:20:00,108.39915229475412
2025-01-10 20:56:00,108.39915229475412
2025-01-10 21:33:00,108.39915229475412
2025-01-10 22:13:00,108.39915229475412
2025-01-10 22:52:00,108.39915229475412
2025-01-10 23:31:00,108.39915229475412
2025-01-11 00:29:00,108.39466866988404
2025-01-11 01:07:00,108.39466866988404
2025-01-11 01:46:00,108.39466866988404
2025-01-11 02:26:00,108.39466866988404
2025-01-11 03:04:00,108.39466866988404
2025-01-11 03:42:00,108.39466866988404
2025-01-11 11:43:00,108.39466866988404
2025-01-11 12:23:00,108.39466866988404
2025-01-11 13:02:00,108.39466866988404
2025-01-11 13:40:00,108.39466866988404
2025-01-11 14:18:00,108.39466866988404
2025-01-11 14:57:00,108.39466866988404
2025-01-11 15:36:00,108.39466866988404
2025-01-11 16:16:00,108.39466866988404
2025-01-11 16:56:00,108.39466866988404
2025-01-11 17:36:00,108.39466866988404
2025-01-11 18:16:00,108.39466866988404
2025-01-11 18:56:00,108.39466866988404
2025-01-11 19:36:00,108.39466866988404
2025-01-11 20:18:00,108.39466866988404
2025-01-11 20:59:00,108.39466866988404
2025-01-11 21:39:00,108.39466866988404
2025-01-11 22:20:00,108.39466866988404
2025-01-12 00:57:00,108.41391536596808
2025-01-12 01:29:00,108.41391536596808
2025-01-12 11:14:00,108.41391536596808
2025-01-12 11:55:00,108.41391536596808
2025-01-12 12:46:00,108.41391536596808
2025-01-12 13:36:00,108.41391536596808
2025-01-12 14:26:00,108.41391536596808
2025-01-12 15:16:00,108.41391536596808
2025-01-12 16:06:00,108.41391536596808
2025-01-12 16:55:00,108.41391536596808
2025-01-12 19:52:00,108.41391536596808
2025-01-12 20:43:00,108.41391536596808
2025-01-12 21:35:00,108.41391536596808
2025-01-12 22:27:00,108.41391536596808
2025-01-12 23:17:00,108.41391536596808
2025-01-13 00:07:00,108.41391536596808
2025-01-13 00:58:00,108.43356754513604
2025-01-13 01:49:00,108.43356754513604
2025-01-13 02:40:00,108.43356754513604
2025-01-13 03:29:00,108.43356754513604
2025-01-13 04:19:00,108.43356754513604
2025-01-13 08:25:00,108.43356754513604
2025-01-13 09:15:00,108.43356754513604
2025-01-13 10:06:00,108.43356754513604
2025-01-13 11:10:00,108.46358981255597
2025-01-13 12:01:00,108.40983588437943
2025-01-13 12:47:00,108.48936678145132
2025-01-13 13:28:00,108.4151141835067
2025-01-13 14:11:00,108.41615284001504
2025-01-13 14:49:00,108.41615284001504
2025-01-13 15:28:00,108.41980202855753
2025-01-13 16:06:00,108.41980202855753
2025-01-13 16:45:00,108.39572580636936
2025-01-13 17:23:00,108.41980202855753
2025-01-13 18:03:00,108.41980202855753
2025-01-13 20:46:00,108.4178888619308
2025-01-13 21:25:00,108.419620773443
2025-01-13 22:04:00,108.41801843258524
2025-01-14 01:41:00,108.23482603847992
2025-01-14 02:20:00,108.29305219751993
2025-01-14 02:59:00,108.30045766638672
2025-01-14 03:39:00,108.30226383610092
2025-01-14 04:18:00,108.3080269548612
2025-01-14 04:56:00,108.30226383610092
2025-01-14 05:33:00,108.30226383610092
2025-01-14 06:11:00,108.33534385642788
2025-01-14 06:49:00,108.30415757941736
2025-01-14 07:28:00,108.3103196157144
2025-01-14 08:07:00,108.310479168471
2025-01-14 08:46:00,108.30819682156395
2025-01-14 09:25:00,108.35514441030946
2025-01-14 10:03:00,108.3112551237188
2025-01-14 10:42:00,108.25374276017791
2025-01-14 11:20:00,108.25374276017791
2025-01-14 11:59:00,108.3311684748084
2025-01-14 12:38:00,108.34140596387184
2025-01-14 13:17:00,108.2914124057481
2025-01-14 13:55:00,108.2911748752994
2025-01-14 14:34:00,108.29912509845752
2025-01-14 15:13:00,108.2944593703142
2025-01-14 15:52:00,108.28937146014042
2025-01-14 16:31:00,108.29431255842962
2025-01-14 17:11:00,108.29172189254098
2025-01-14 17:51:00,108.29428071493211
2025-01-14 18:30:00,108.29431255842962
2025-01-14 19:08:00,108.29380325321712
2025-01-14 19:45:00,108.30512258838831
2025-01-14 22:41:00,108.28875580032602
2025-01-14 23:19:00,108.27410919214404
2025-01-14 23:58:00,108.27523138848429
2025-01-15 00:39:00,108.27523138848429
2025-01-15 01:17:00,108.29243264571902
2025-01-15 01:57:00,108.32568596603193
2025-01-15 08:24:00,108.47263754856934
2025-01-15 09:03:00,108.29216108346536
2025-01-15 09:41:00,108.2863834977591
2025-01-15 10:19:00,108.2863834977591
2025-01-15 18:15:00,108.33929647502048
2025-01-15 18:54:00,108.33929647502048
2025-01-15 19:33:00,108.34041351831787
2025-01-15 20:12:00,108.34125522976012
2025-01-15 20:49:00,108.3365212232339
2025-01-15 21:27:00,108.334793186898
2025-01-15 22:05:00,108.31050073180177
2025-01-15 22:43:00,108.3155900247518
2025-01-15 23:23:00,108.33460570337172
2025-01-16 00:02:00,108.2384201026256
2025-01-16 00:41:00,108.33599362993648
2025-01-16 01:19:00,108.35071597328276
2025-01-16 01:56:00,108.36634153691784
2025-01-16 02:35:00,108.3690043426334
2025-01-16 03:15:00,108.3688891075895
2025-01-16 03:54:00,108.36632532862534
2025-01-16 04:32:00,108.31679375314803
2025-01-16 05:10:00,108.3168831973898
2025-01-16 05:49:00,108.37084940585724
2025-01-16 06:29:00,108.36916517277209
2025-01-16 07:08:00,108.36916517277209
2025-01-16 10:06:00,108.33018217433408
2025-01-16 10:45:00,108.33018217433408
2025-01-16 11:25:00,108.32284058664249
2025-01-16 12:04:00,108.20181099222218
2025-01-16 12:43:00,108.20181099222218
2025-01-16 13:22:00,108.19247367396244
2025-01-16 14:03:00,108.19475604556328
2025-01-16 14:42:00,108.1797960655612
2025-01-16 15:22:00,108.18188328259248
2025-01-16 16:03:00,108.19457241635776
2025-01-16 16:42:00,108.19475604556328
2025-01-16 17:35:00,108.30161715322949
2025-01-16 18:14:00,108.19209200795832
2025-01-16 18:53:00,108.18647547795968
2025-01-16 19:32:00,108.168774503263
2025-01-16 20:11:00,108.1774340969326
2025-01-16 20:51:00,108.1704605867053
2025-01-16 21:31:00,108.16402694670776
2025-01-16 22:11:00,108.16753379894848
2025-01-16 22:50:00,108.16780852048332
2025-01-16 23:31:00,108.15580129922918
2025-01-17 00:40:00,108.15748738267148
2025-01-17 01:19:00,108.09497538482448
2025-01-17 01:58:00,108.11487543398373
2025-01-17 02:38:00,108.09112231748144
2025-01-17 03:19:00,108.16582431584422
2025-01-17 03:58:00,108.1574011378356
2025-01-17 04:39:00,108.1574011378356
2025-01-17 05:18:00,108.1574011378356
2025-01-17 05:58:00,108.1574011378356
2025-01-17 06:38:00,108.1574011378356
2025-01-17 07:19:00,108.1574011378356
2025-01-17 07:59:00,108.1574011378356
2025-01-17 08:39:00,108.1574011378356
2025-01-17 09:18:00,108.15663793802815
2025-01-17 12:22:00,107.99149693189273
2025-01-17 13:28:00,108.04140422571196
2025-01-17 14:08:00,108.22243177872495
2025-01-17 14:48:00,108.22243177872495
2025-01-17 15:29:00,108.14951300593464
2025-01-17 16:09:00,108.22243177872495
2025-01-17 16:49:00,108.22243177872495
2025-01-17 17:29:00,108.21020615767792
2025-01-17 18:10:00,108.21020615767792
2025-01-17 18:50:00,108.20852007423562
2025-01-17 19:31:00,108.20573201057826
2025-01-17 20:13:00,108.20982034967616
2025-01-17 20:54:00,108.23005427380208
2025-01-17 21:40:00,108.20922050343384
2025-01-17 22:23:00,108.20922050343384
2025-01-17 23:04:00,108.2090979311158
2025-01-17 23:45:00,108.21290402688476
2025-01-18 01:25:00,108.22145496138762
2025-01-18 02:07:00,108.20516700029438
2025-01-18 02:48:00,108.23698054630722
2025-01-18 03:28:00,108.24202447455306
2025-01-18 04:08:00,108.23899895298246
2025-01-18 04:48:00,108.24042153477733
2025-01-18 05:29:00,108.24338075249872
2025-01-18 06:08:00,108.24347467814589
2025-01-18 06:49:00,108.26567621854316
2025-01-18 07:28:00,108.21578889124334
2025-01-18 08:09:00,108.23950062572132
2025-01-18 08:50:00,108.24202447455306
2025-01-18 09:30:00,108.24764549385004
2025-01-18 10:10:00,108.2451984233736
2025-01-18 10:50:00,108.24628921590435
2025-01-18 11:31:00,108.2490969148469
2025-01-18 12:19:00,108.24521557066548
2025-01-18 13:00:00,108.2477394194972
2025-01-18 13:41:00,108.24722162936668
2025-01-18 14:21:00,108.2477394194972
2025-01-18 15:01:00,108.2490969148469
2025-01-18 15:41:00,108.25996504054424
2025-01-18 16:21:00,108.25965038474288
2025-01-18 17:01:00,108.25987111489708
2025-01-18 17:41:00,108.2585148369514
2025-01-18 18:22:00,108.25736474548312
2025-01-18 19:02:00,108.2578393076043
2025-01-18 19:41:00,108.2627771221844
2025-01-18 20:20:00,108.26300362136443
2025-01-18 21:01:00,108.26300362136443
2025-01-18 21:40:00,108.2603343780466
2025-01-18 22:21:00,108.28047843026292
2025-01-18 23:00:00,108.26155341777162
2025-01-18 23:40:00,108.25951593087204
2025-01-19 00:41:00,108.26300362136443
2025-01-19 01:20:00,108.26425409299638
2025-01-19 02:00:00,108.26425409299638
2025-01-19 02:39:00,108.26425409299638
2025-01-19 03:18:00,108.26425409299638
2025-01-19 03:59:00,108.26425409299638
2025-01-19 04:39:00,108.26425409299638
2025-01-19 05:19:00,108.26425409299638
2025-01-19 06:00:00,108.26528275181052
2025-01-19 06:39:00,108.26528275181052
2025-01-19 07:19:00,108.26425409299638
2025-01-19 07:59:00,108.26425409299638
2025-01-19 08:40:00,108.26425409299638
2025-01-19 09:19:00,108.267488766258
2025-01-19 09:59:00,108.272362780419
2025-01-19 10:38:00,108.272362780419
2025-01-19 11:17:00,108.2675864437218
2025-01-19 11:56:00,108.272362780419
2025-01-19 12:36:00,108.272362780419
2025-01-19 13:14:00,108.2675864437218
2025-01-19 13:52:00,108.272362780419
2025-01-19 14:30:00,108.272362780419
2025-01-19 15:08:00,108.26922872573913
2025-01-19 15:47:00,108.272362780419
2025-01-19 16:24:00,108.272362780419
2025-01-19 17:03:00,108.26922872573913
2025-01-19 17:41:00,108.27287289067544
2025-01-19 18:20:00,108.27287289067544
2025-01-19 18:57:00,108.27025738455328
2025-01-19 19:35:00,108.272362780419
2025-01-19 20:15:00,108.272362780419
2025-01-19 21:20:00,108.2675864437218
2025-01-19 22:02:00,108.272362780419
2025-01-19 22:40:00,108.272362780419
2025-01-19 23:48:00,108.27025738455328
2025-01-20 00:41:00,108.27184977579756
2025-01-20 01:22:00,108.3136148073246
2025-01-20 02:02:00,108.33325558620066
2025-01-20 02:41:00,108.33988355016578
2025-01-20 03:22:00,108.33305552417704
2025-01-20 04:02:00,108.35008586186618
2025-01-20 04:43:00,108.35129057911604
2025-01-20 05:23:00,108.35029254777244
2025-01-20 06:03:00,108.35008586186618
2025-01-20 06:48:00,108.35008586186618
2025-01-20 07:30:00,108.34973068240376
2025-01-20 08:10:00,108.35008586186618
2025-01-20 08:50:00,108.33846993674663
2025-01-20 09:29:00,108.33825828170932
2025-01-20 10:09:00,108.33685601779884
2025-01-20 10:49:00,108.33805159580308
2025-01-20 11:29:00,108.340850136176
2025-01-20 12:08:00,108.32076936636328
2025-01-20 12:49:00,108.33714436284058
2025-01-20 13:29:00,108.32469984209038
2025-01-20 14:09:00,108.32511513291102
2025-01-20 14:51:00,108.32601895369076
2025-01-20 15:33:00,108.32717809461948
2025-01-20 16:15:00,108.33398569118404
2025-01-20 17:15:00,108.34165877129284
2025-01-20 17:57:00,108.32880660510833
2025-01-20 18:37:00,108.33323673557176
2025-01-20 22:38:00,108.33631522360888
2025-01-20 23:19:00,108.3361035685716
2025-01-20 23:59:00,108.33631522360888
2025-01-21 00:40:00,108.3379501460734
2025-01-21 01:20:00,108.3569151208815
2025-01-21 02:00:00,108.35989241466852
2025-01-21 02:41:00,108.35868769741867
2025-01-21 03:22:00,108.3618593764058
2025-01-21 04:03:00,108.36165269049954
2025-01-21 04:45:00,108.36165269049954
2025-01-21 05:26:00,108.36165269049954
2025-01-21 06:06:00,108.3610533363968
2025-01-21 06:45:00,108.36165269049954
2025-01-21 07:24:00,108.35985045818288
2025-01-21 08:03:00,108.35983224010026
2025-01-21 08:41:00,108.29604090696212
2025-01-21 09:20:00,108.29918240553604
2025-01-21 09:59:00,108.3187489190524
2025-01-21 10:38:00,108.3187489190524
2025-01-21 11:17:00,108.31719998182466
2025-01-21 11:57:00,108.3287647860012
2025-01-21 12:38:00,108.2498407445126
2025-01-21 13:18:00,108.24800604692332
2025-01-21 13:59:00,108.24980827923996
2025-01-21 14:42:00,108.24980827923996
2025-01-21 15:23:00,108.24800604692332
2025-01-21 16:03:00,108.24980827923996
2025-01-21 16:43:00,108.24980827923996
2025-01-21 17:23:00,108.24540744221528
2025-01-21 18:02:00,108.24781120712376
2025-01-21 18:41:00,108.24661032042918
2025-01-21 19:20:00,108.25970515495216
2025-01-21 19:58:00,108.24661032042918
2025-01-21 20:37:00,108.24660261075834
2025-01-21 21:17:00,108.24540744221528
2025-01-21 23:14:00,108.24720967453192
2025-01-21 23:52:00,108.22249924510358
2025-01-22 00:39:00,108.24661032042918
2025-01-22 01:27:00,108.2711991600288
2025-01-22 02:08:00,108.26972858024408
2025-01-22 02:47:00,108.27931371834453
2025-01-22 03:27:00,108.2810801387389
2025-01-22 04:08:00,108.2802740987299
2025-01-22 04:47:00,108.25522583306656
2025-01-22 05:28:00,108.2810801387389
2025-01-22 06:07:00,108.2802740987299
2025-01-22 06:46:00,108.27933690839218
2025-01-22 07:24:00,108.27099681043484
2025-01-22 08:03:00,108.27257943117988
2025-01-22 08:41:00,108.28193551310024
2025-01-22 09:20:00,108.28204071674972
2025-01-22 09:59:00,108.28287270343796
2025-01-22 10:39:00,108.28287270343796
2025-01-22 11:18:00,108.28457692525664
2025-01-22 11:59:00,108.28471006077147
2025-01-22 12:38:00,108.28728743256808
2025-01-22 13:17:00,108.27316259866582
2025-01-22 13:57:00,108.26918488431436
2025-01-22 14:37:00,108.27962476333548
2025-01-22 15:17:00,108.27771192023783
2025-01-22 15:57:00,108.27962476333548
2025-01-22 16:37:00,108.27962476333548
2025-01-22 17:18:00,108.28116130777592
2025-01-22 17:58:00,108.27962476333548
2025-01-22 18:38:00,108.27782825265793
2025-01-22 19:18:00,108.27864134502929
2025-01-22 19:58:00,108.2794754864792
2025-01-22 20:38:00,108.27687942152504
2025-01-22 21:19:00,108.27768546153403
2025-01-22 21:59:00,108.27523924006614
2025-01-22 22:40:00,108.27523924006614
2025-01-22 23:21:00,108.27747877562776
2025-01-23 00:01:00,108.27687942152504
2025-01-23 08:04:00,108.31289737397924
2025-01-23 08:43:00,108.31289737397924
2025-01-23 19:05:00,108.29223054011936
2025-01-23 19:45:00,108.30436424088556
2025-01-23 20:25:00,108.30436424088556
2025-01-23 21:05:00,108.30436424088556
2025-01-23 21:45:00,108.30436424088556
2025-01-23 22:25:00,108.30436424088556
2025-01-23 23:05:00,108.30496359498828
2025-01-23 23:45:00,108.3031926390886
2025-01-24 00:39:00,108.30449243334012
2025-01-24 13:17:00,108.5627364382796
2025-01-24 14:34:00,108.46070453733176
2025-01-24 15:07:00,108.44733065164088
2025-01-24 15:37:00,108.45013171435896
2025-01-24 16:06:00,108.4894128510904
2025-01-24 16:35:00,108.4547244077362
2025-01-24 17:42:00,32.691018333525065
2025-01-24 18:17:00,112.03857849242486
2025-01-24 18:46:00,112.00421923333484
2025-01-24 19:16:00,112.03900111204165
2025-01-24 19:45:00,112.02474179585678
2025-01-24 20:14:00,112.0271634542882
2025-01-24 20:44:00,112.0181477452555
2025-01-24 21:15:00,112.03253251453184
2025-01-24 21:44:00,112.0088994991389
2025-01-24 22:15:00,111.98587224667358
2025-01-24 22:46:00,111.99203795804188
2025-01-24 23:17:00,111.9947443833393
2025-01-24 23:51:00,111.99290451811213
2025-01-25 00:33:00,112.02585284515952
2025-01-25 01:05:00,111.94561658415093
2025-01-25 01:37:00,111.9444081910676
2025-01-25 02:09:00,111.97097120004965
2025-01-25 02:46:00,111.9322609098169
2025-01-25 03:17:00,111.96744296426364
2025-01-25 03:47:00,111.93959234689072
2025-01-25 04:18:00,111.96313558336436
2025-01-25 04:50:00,111.96514987256896
2025-01-25 05:20:00,111.94760067064573
2025-01-25 05:51:00,111.97258863690236
2025-01-25 06:22:00,111.99667528394356
2025-01-25 06:53:00,111.96399892648311
2025-01-25 07:22:00,111.94999749488385
2025-01-25 07:51:00,111.96194847772026
2025-01-25 08:19:00,111.95144752736677
2025-01-25 08:50:00,112.02261326392949
2025-01-25 09:22:00,111.99468989443116
2025-01-25 09:52:00,112.03269804463292
2025-01-25 10:21:00,112.0023197062877
2025-01-25 10:51:00,112.00154971622308
2025-01-25 11:22:00,112.00814536543676
2025-01-25 11:52:00,111.98697346001464
2025-01-25 12:24:00,112.00554540389942
2025-01-25 12:54:00,112.01114705092922
2025-01-25 13:25:00,112.01652910417224
2025-01-25 13:55:00,111.98144019653613
2025-01-25 14:25:00,111.97872683292964
2025-01-25 14:54:00,111.99956702579414
2025-01-25 15:24:00,111.989740165
2025-01-25 15:53:00,111.9885937462522
2025-01-25 21:15:00,111.90205563732712
2025-01-25 21:44:00,111.89413464286024
2025-01-25 23:33:00,111.89885162947922
2025-01-26 00:33:00,111.89560118880316
2025-01-26 01:03:00,112.16772129179152
2025-01-26 01:35:00,112.16454051496623
2025-01-26 02:05:00,112.26693910344376
2025-01-26 12:54:00,112.26777130599046
2025-01-26 13:25:00,112.26620603203052
2025-01-26 13:59:00,111.75870063049824
2025-01-26 14:32:00,111.76077151908906
2025-01-26 15:03:00,111.7491525786541
2025-01-26 15:34:00,111.7496343009801
2025-01-26 16:05:00,111.758744834398
2025-01-26 16:35:00,111.70605983731107
2025-01-26 17:06:00,111.757198889019
2025-01-26 17:38:00,inf
2025-01-26 18:12:00,inf
2025-01-26 18:49:00,inf
2025-01-26 19:41:00,inf
2025-01-26 22:41:00,111.72819275307786
2025-01-26 23:12:00,111.72815200033448
2025-01-26 23:43:00,111.7331442979146
2025-01-27 07:53:00,112.07990801658828
2025-01-27 08:25:00,112.055817010433
2025-01-27 08:56:00,112.03356437056794
2025-01-27 09:28:00,112.0382372707509
2025-01-27 10:00:00,112.00737682338392
2025-01-27 10:33:00,112.01316626176975
2025-01-27 11:05:00,112.023994864572
2025-01-27 11:39:00,112.01878212671971
2025-01-27 12:12:00,112.0256987630122
2025-01-27 12:44:00,112.00245565946324
2025-01-27 19:11:00,111.95008731703028
2025-01-27 19:42:00,111.94742091181315
2025-01-27 20:15:00,111.95030421871242
2025-01-27 20:47:00,111.96310953795772
2025-01-27 21:19:00,111.9716847609896
2025-01-27 21:51:00,111.96844903792172
2025-01-27 22:25:00,111.96203334636834
2025-01-27 22:57:00,111.97152449206769
2025-01-27 23:29:00,111.96519009699992
2025-01-28 00:01:00,111.96818159598544
2025-01-28 01:01:00,112.0311840945946
2025-01-28 01:33:00,112.03667399408953
2025-01-28 02:05:00,112.04128593896831
2025-01-28 02:36:00,112.1420345656883
2025-01-28 03:09:00,112.0789976519686
2025-01-28 11:36:00,112.06195554809824
2025-01-28 12:09:00,112.11519836428252
2025-01-28 12:42:00,112.13809933264598
2025-01-28 13:15:00,112.16973102392868
2025-01-28 13:47:00,112.17359902078404
2025-01-28 14:20:00,112.16922295167464
2025-01-28 14:51:00,112.1726695205652
2025-01-28 15:23:00,112.17132100246744
2025-01-28 15:55:00,112.10217572023254
2025-01-28 16:29:00,112.20698125289178
2025-01-28 17:00:00,112.20548635606887
2025-01-28 17:32:00,112.23523155869243
2025-01-28 18:03:00,112.23601493711874
2025-01-28 18:35:00,112.12372244277564
2025-01-28 19:07:00,112.12295317427436
2025-01-28 19:38:00,112.14435183091156
2025-01-28 20:11:00,112.1257680048986
2025-01-28 20:46:00,112.12158665004556
2025-01-28 22:31:00,112.14902859382114
2025-01-28 23:04:00,112.12562551186862
2025-01-28 23:38:00,112.1250188762505
2025-01-29 00:42:00,112.76214895677133
2025-01-29 01:14:00,112.72415050184492
2025-01-29 01:46:00,112.73181094957002
2025-01-29 02:18:00,112.64902129815329
2025-01-29 02:50:00,112.65040409521256
2025-01-29 03:23:00,112.65612257988349
2025-01-29 03:55:00,112.65956394792218
2025-01-29 04:27:00,112.6599256164894
2025-01-29 04:58:00,112.65972277319378
2025-01-29 05:33:00,112.65955444460069
2025-01-29 06:07:00,112.66614797393343
2025-01-29 06:40:00,112.66477442570796
2025-01-29 07:13:00,112.6581159831589
2025-01-29 07:44:00,112.66102662829329
2025-01-29 08:17:00,112.66355553344953
2025-01-29 08:49:00,112.66215347266096
2025-01-29 09:21:00,112.63565522939776
2025-01-29 09:53:00,112.62449050533158
2025-01-29 10:26:00,112.62133711818836
2025-01-29 10:58:00,112.62361455731074
2025-01-29 11:30:00,112.59606965406878
2025-01-29 12:03:00,112.58922630180356
2025-01-29 12:35:00,112.55981491930773
2025-01-29 13:08:00,112.59670222024928
2025-01-29 13:40:00,112.59060202208252
2025-01-29 14:12:00,112.59357924999756
2025-01-29 14:45:00,112.59403740686916
2025-01-29 15:18:00,112.59200551434104
2025-01-29 15:50:00,112.59320773996916
2025-01-29 16:22:00,112.59185351728138
2025-01-29 16:54:00,112.59176116340264
2025-01-29 17:26:00,112.5929651674396
2025-01-29 20:27:00,112.59417275816246
2025-01-29 21:00:00,112.59485239207564
2025-01-29 21:32:00,112.60257249264048
2025-01-29 22:04:00,112.5676666460395
2025-01-29 22:38:00,112.56929189967076
2025-01-30 07:48:00,115.29724141268088
2025-01-30 08:09:00,115.29503807276384
2025-01-30 08:30:00,115.2955515464598
2025-01-30 19:21:00,115.25915010893196
2025-01-30 19:43:00,115.25864149975126
2025-01-30 20:03:00,115.25547815467182
2025-01-30 20:25:00,115.26036758509
2025-01-30 20:48:00,115.26515132612924
2025-01-30 21:16:00,115.26002272290158
2025-01-30 21:43:00,115.26341867283632
2025-01-30 22:12:00,115.25767675174956
2025-01-30 22:40:00,115.25726282726468
2025-01-30 23:12:00,115.25615635243771
2025-01-31 10:34:00,115.0358867689767
2025-01-31 10:56:00,115.03590938821748
2025-01-31 11:18:00,115.03310849186084
2025-01-31 11:39:00,115.03608486571493
2025-01-31 12:00:00,115.01889732273249
2025-01-31 12:22:00,114.96401172634972
2025-01-31 12:43:00,115.00833656741864
2025-01-31 13:04:00,115.0072143524232
2025-01-31 13:25:00,114.96108290667078
2025-01-31 13:45:00,115.00502257629856
2025-01-31 14:06:00,115.00718746765652
2025-01-31 14:27:00,115.01342813146998
2025-01-31 14:49:00,114.96342298503424
2025-01-31 15:10:00,115.0082714920075
2025-01-31 15:31:00,115.00878299071036
2025-01-31 15:55:00,115.00758868614837
2025-01-31 16:18:00,115.01131132243648
2025-01-31 16:40:00,115.01438497603698
2025-01-31 17:01:00,115.00725911736444
2025-01-31 17:22:00,114.99926501897204
2025-01-31 17:43:00,115.01043354439118
2025-01-31 18:04:00,115.01304932144842
2025-01-31 18:24:00,115.01609671269298
2025-01-31 18:45:00,115.01054823988667
2025-01-31 19:06:00,115.01132789312794
2025-01-31 22:09:00,115.00465058477708
2025-01-31 22:30:00,115.01056119346184
2025-01-31 22:50:00,115.01501029117996
2025-01-31 23:11:00,115.01326083364884
2025-01-31 23:32:00,115.00828807804852
2025-02-01 00:20:00,115.02690009095052
2025-02-01 00:49:00,115.03053165748582
2025-02-01 01:08:00,115.0550555692562
2025-02-01 01:28:00,115.07031090308482
2025-02-01 01:47:00,115.08696669414292
2025-02-01 02:07:00,115.43295385158817
2025-02-01 02:29:00,115.43015450215104
2025-02-01 15:17:00,114.1494833665913
2025-02-01 15:37:00,114.14921962688736
2025-02-01 15:56:00,114.1495022062544
2025-02-01 16:16:00,114.14993445654252
2025-02-01 16:36:00,114.1517883790749
2025-02-01 16:55:00,114.15196778199166
2025-02-01 17:17:00,114.15114783355476
2025-02-01 17:37:00,114.12029615182024
2025-02-01 17:57:00,114.1269659154454
2025-02-01 18:16:00,114.12628399735502
2025-02-01 18:36:00,114.09387133678229
2025-02-01 18:55:00,114.12796148270807
2025-02-01 19:14:00,114.1241402524316
2025-02-01 19:33:00,114.12884861351088
2025-02-01 19:54:00,114.12946699371876
2025-02-01 20:14:00,114.1297948971058
2025-02-01 20:34:00,114.13582656128298
2025-02-01 20:54:00,114.12796688435635
2025-02-01 21:22:00,114.12240650449156
2025-02-01 21:43:00,114.11401872683004
2025-02-01 22:03:00,114.11467726341928
2025-02-01 22:24:00,114.11536052034172
2025-02-01 22:45:00,114.08373676407088
2025-02-01 23:06:00,114.11156073476278
2025-02-01 23:27:00,114.1123809449772
2025-02-01 23:47:00,114.11929130383427
2025-02-02 00:21:00,114.12132916690408
2025-02-02 00:41:00,114.13361631220803
2025-02-02 01:01:00,114.17979875766216
2025-02-02 01:21:00,114.1775943098086
2025-02-02 01:40:00,114.17934180701972
2025-02-02 02:00:00,114.17865614905486
2025-02-02 02:20:00,114.1841749292993
2025-02-02 02:39:00,114.1841749292993
2025-02-02 02:59:00,114.1849089672868
2025-02-02 03:18:00,114.18527511897778
2025-02-02 03:38:00,114.1864970808496
2025-02-02 03:57:00,114.18697536637714
2025-02-02 04:16:00,114.1869759933614
2025-02-02 04:35:00,114.18600609936016
2025-02-02 04:55:00,114.18655553803262
2025-02-02 05:15:00,114.18528014426208
2025-02-02 05:34:00,114.1845941835888
2025-02-02 11:19:00,114.18928685235213
2025-02-02 11:40:00,114.18786638545065
2025-02-02 12:01:00,114.18929361316908
2025-02-02 12:22:00,114.18929613136469
2025-02-02 12:42:00,114.1878688379393
2025-02-02 13:03:00,114.19114678632022
2025-02-02 13:23:00,114.19097473513496
2025-02-02 13:43:00,114.19040847879435
2025-02-02 14:03:00,114.19040847879435
2025-02-02 14:23:00,114.19422058815732
2025-02-02 14:43:00,114.19183827536683
2025-02-02 15:03:00,114.19156822752018
2025-02-02 15:23:00,114.19121024919424
2025-02-02 15:42:00,114.16228991459325
2025-02-02 16:02:00,114.1615678556431
2025-02-02 16:22:00,114.16312601611229
2025-02-02 16:42:00,114.16336002168606
2025-02-02 17:02:00,114.1625664775597
2025-02-02 17:21:00,114.16167329915388
2025-02-02 17:41:00,114.10806040729562
2025-02-02 18:02:00,114.16279533236175
2025-02-02 18:23:00,114.16065372438204
2025-02-02 18:44:00,114.16076953899083
2025-02-02 19:04:00,114.16214374226672
2025-02-02 19:25:00,114.1629082922428
2025-02-02 19:49:00,114.1605343042032
2025-02-02 20:13:00,114.15954021921571
2025-02-02 20:38:00,114.1619657864774
2025-02-02 21:19:00,114.16401448107814
2025-02-02 21:48:00,114.16077545688157
2025-02-02 22:13:00,114.15619726501046
2025-02-02 22:41:00,114.15451831575244
2025-02-02 23:08:00,114.15393256827468
2025-02-02 23:38:00,114.15954021921571
2025-02-03 00:34:00,114.22474244001668
2025-02-03 01:01:00,114.23792098403852
2025-02-03 01:24:00,114.22859407207436
2025-02-03 01:46:00,114.23216138185782
2025-02-03 02:07:00,114.23002153602935
2025-02-03 02:28:00,114.22958873834897
2025-02-03 02:49:00,114.23466722373666
2025-02-03 03:10:00,114.23279506108628
2025-02-03 03:31:00,114.23165301655332
2025-02-03 03:52:00,114.23065520540148
2025-02-03 08:24:00,114.23310550346568
2025-02-03 08:45:00,114.23167489160448
2025-02-03 09:07:00,114.2274019615234
2025-02-03 09:28:00,114.2853918382202
2025-02-03 09:49:00,114.2827492876362
2025-02-03 10:11:00,114.2482479942933
2025-02-03 10:33:00,114.25187999488465
2025-02-03 11:50:00,114.49283934096248
2025-02-03 12:12:00,114.49315000070104
2025-02-03 12:37:00,114.49068534110616
2025-02-03 12:58:00,114.49036161569344
2025-02-03 13:19:00,114.48760385247206
2025-02-03 13:40:00,114.48819599638324
2025-02-03 14:20:00,114.48624785689
2025-02-03 14:43:00,114.48297800527884
2025-02-03 15:06:00,114.48204952827048
2025-02-03 15:28:00,114.48435624892632
2025-02-03 15:50:00,114.48473246363926
2025-02-03 16:14:00,114.48523100305596
2025-02-03 16:37:00,114.48802904881998
2025-02-03 17:00:00,114.48466649676256
2025-02-03 17:23:00,114.48566878794108
2025-02-03 17:46:00,114.48565914001816
2025-02-03 18:08:00,114.4842117332166
2025-02-03 18:29:00,114.48565823689484
2025-02-03 18:50:00,114.48658799605909
2025-02-03 19:12:00,114.48230623588364
2025-02-03 19:33:00,114.48348472035264
2025-02-03 19:53:00,114.4813773798427
2025-02-03 20:17:00,114.49173242020892
2025-02-03 20:54:00,114.48521193783988
2025-02-03 21:17:00,114.48414322795703
2025-02-03 21:45:00,114.48399421879016
2025-02-03 22:12:00,114.49355524666444
2025-02-03 22:33:00,114.49400395567056
2025-02-03 22:54:00,114.48388414368472
2025-02-03 23:16:00,114.48907533653244
2025-02-03 23:37:00,114.48990972654788
2025-02-04 00:21:00,114.55204340279631
2025-02-04 00:43:00,114.53411193033926
2025-02-04 01:04:00,114.49676906199802
2025-02-04 01:26:00,114.49282641738498
2025-02-04 02:50:00,114.46878797112528
2025-02-04 03:11:00,114.4655272560876
2025-02-04 03:32:00,114.49137778396984
2025-02-04 03:53:00,114.46857483571536
2025-02-04 04:18:00,114.46751022985744
2025-02-04 04:52:00,114.4756022412891
2025-02-04 05:30:00,114.46675966286008
2025-02-04 06:04:00,114.47508853989603
2025-02-04 06:32:00,114.46617386317916
2025-02-04 06:54:00,114.46707882432008
2025-02-04 07:17:00,114.43382229180902
2025-02-04 07:40:00,114.4436310169153
2025-02-04 08:03:00,114.44386391181766
2025-02-04 08:26:00,114.44286419647496
2025-02-04 08:48:00,114.44386298413302
2025-02-04 09:10:00,114.42648413330645
2025-02-04 09:33:00,114.4328845781254
2025-02-04 09:56:00,114.45290342965863
2025-02-04 10:20:00,114.4533144441688
2025-02-04 10:43:00,114.45148679866377
2025-02-04 11:06:00,114.45663261317192
2025-02-04 11:29:00,114.45546988493952
2025-02-04 12:23:00,115.39734371995654
2025-02-04 12:46:00,115.37864489391734
2025-02-04 13:12:00,115.3828138998772
2025-02-04 13:34:00,115.42884840252924
2025-02-04 13:56:00,115.41027728715552
2025-02-04 14:19:00,115.40929938165483
2025-02-04 14:43:00,115.41003216482544
2025-02-04 15:07:00,115.40829369821526
2025-02-04 15:47:00,115.40386459964684
2025-02-04 16:10:00,115.40719136233484
2025-02-04 16:33:00,115.40575067472032
2025-02-04 16:57:00,115.40464105394008
2025-02-04 17:21:00,115.40560434356392
2025-02-04 17:45:00,115.40408612428844
2025-02-04 18:08:00,115.40005189972558
2025-02-04 18:30:00,115.40285611063048
2025-02-04 19:46:00,115.39624094954335
2025-02-04 20:09:00,115.39320504737736
2025-02-04 20:32:00,115.42705720025968
2025-02-04 20:55:00,115.4307166509226
2025-02-04 21:17:00,115.438308250332
2025-02-04 21:41:00,115.42361956912436
2025-02-04 22:05:00,115.42642571143072
2025-02-04 22:30:00,115.42728134356436
2025-02-04 22:54:00,115.40453247838468
2025-02-04 23:17:00,115.42653297734712
2025-02-04 23:41:00,115.41928633392682
2025-02-05 19:23:00,115.85077977812756
2025-02-05 19:46:00,115.85924657653402
2025-02-05 20:10:00,115.86358790972824
2025-02-05 20:33:00,115.85551701287496
2025-02-05 20:57:00,115.8602816085866
2025-02-05 21:20:00,115.81067468929682
2025-02-05 21:43:00,115.80830023538788
2025-02-05 22:06:00,115.8075577530484
2025-02-05 22:30:00,115.80972852691797
2025-02-05 22:53:00,115.80295651881173
2025-02-05 23:16:00,115.79730767308864
2025-02-05 23:39:00,115.80562711338844
2025-02-06 23:22:00,116.33372576292167
2025-02-07 01:02:00,116.23579780133622
2025-02-07 03:12:00,116.29836933823432
2025-02-07 04:11:00,116.27428500425948
2025-02-07 05:07:00,116.27550131315915
2025-02-07 06:03:00,116.27400396193649
2025-02-07 07:00:00,116.33205244037217
2025-02-07 07:56:00,116.27148243389892
2025-02-07 08:53:00,116.22094001225462
2025-02-07 09:51:00,116.23518664257249
2025-02-07 10:49:00,116.21914388651405
2025-02-07 11:47:00,116.19836212153666
2025-02-07 12:45:00,116.20439853235705
2025-02-07 13:44:00,116.20061752851204
2025-02-07 14:42:00,116.20485947131012
2025-02-07 15:40:00,116.22784095478512
2025-02-07 16:39:00,116.21743977931617
2025-02-07 17:40:00,116.236845476271
2025-02-07 22:18:00,116.20977294030055
2025-02-07 23:15:00,116.20869463483962
2025-02-08 01:47:00,116.23954880384431
2025-02-08 03:54:00,116.25987377169798
2025-02-08 04:50:00,116.2645632712467
2025-02-08 05:46:00,116.26916934596014
2025-02-08 06:43:00,116.2685623450505
2025-02-08 07:39:00,116.259061988119
2025-02-08 08:35:00,116.27693646818436
2025-02-08 09:31:00,116.26992715711432
2025-02-08 10:33:00,116.27002058838106
2025-02-08 11:34:00,116.25818907144595
2025-02-08 12:40:00,116.22714482163344
2025-02-08 13:39:00,116.22823841429356
2025-02-08 14:37:00,116.2275608180492
2025-02-08 15:52:00,116.24172974089294
2025-02-08 16:58:00,116.24399268517844
2025-02-08 18:02:00,116.24950795406924
2025-02-08 19:02:00,116.24110364057714
2025-02-08 20:01:00,116.23593192007804
2025-02-08 21:02:00,116.24876828404912
2025-02-08 22:03:00,116.248082705058
2025-02-08 23:04:00,116.24526710137282
2025-02-09 01:07:00,116.2466541672
2025-02-09 13:07:00,116.24635278101576
2025-02-09 14:04:00,116.2414268136224
2025-02-09 15:08:00,116.24397886682584
2025-02-09 16:08:00,116.24180895782
2025-02-09 17:09:00,116.24345542870807
2025-02-09 18:08:00,116.23924363341908
2025-02-09 19:07:00,116.23825121379394
2025-02-09 20:07:00,116.24262879253789
2025-02-09 21:08:00,116.24350282205464
2025-02-09 22:05:00,116.2483760059002
2025-02-09 23:03:00,116.2393490655248
2025-02-10 10:15:00,116.27090420622218
2025-02-10 13:09:00,116.42573384462736
2025-02-10 14:08:00,116.42874700826766
2025-02-10 15:08:00,116.42774999404216
2025-02-10 16:31:00,116.43278323650873
2025-02-10 17:28:00,116.43588284093056
2025-02-10 18:25:00,116.4367664958592
2025-02-10 19:22:00,116.43693226198474
2025-02-10 20:20:00,116.440991408279
2025-02-10 21:19:00,116.4340541454318
2025-02-10 22:17:00,116.43530157163288
2025-02-10 23:16:00,116.43984962335932
2025-02-11 00:58:00,116.46863631611608
2025-02-11 17:14:00,116.83979184038022
2025-02-11 19:30:00,113.91831453088268
2025-02-11 20:30:00,113.9167039611377
2025-02-11 21:29:00,113.917803456142
2025-02-11 22:35:00,113.91832815173208
2025-02-12 01:07:00,114.25243913236886
2025-02-12 08:23:00,114.23044189792655
2025-02-12 09:22:00,114.23690168577002
2025-02-12 10:20:00,114.22709480587535
2025-02-12 11:19:00,114.25789331755492
2025-02-12 12:17:00,114.26936639077772
2025-02-12 13:14:00,114.26227357201718
2025-02-12 14:12:00,114.26498394125584
2025-02-12 15:10:00,114.26156260008275
2025-02-12 16:08:00,114.26345473514404
2025-02-12 17:09:00,114.26427100707022
2025-02-12 18:06:00,114.26670312109374
2025-02-12 19:08:00,114.26597084586136
2025-02-12 20:13:00,114.20934137493276
2025-02-12 21:20:00,114.20522921629916
2025-02-12 22:24:00,114.2080008002048
2025-02-12 23:33:00,114.20885909325152
2025-02-13 01:06:00,114.24241907524475
2025-02-13 02:09:00,114.25216425407002
2025-02-13 03:11:00,114.24641813468448
2025-02-13 04:15:00,114.24734177024564
2025-02-13 05:18:00,114.24871764579775
2025-02-13 06:23:00,114.2523696645033
2025-02-13 07:25:00,114.24901877422158
2025-02-13 08:29:00,114.24940963405842
2025-02-13 20:05:00,114.3083864605628
2025-02-13 21:17:00,114.37199097412558
2025-02-14 02:08:00,112.51636752636242
2025-02-14 03:20:00,112.49795732541028
2025-02-14 04:31:00,112.50998713686126
2025-02-14 05:48:00,112.54722490383423
2025-02-15 03:09:00,112.72079527930453
2025-02-15 17:18:00,112.74789987708172
2025-02-15 18:15:00,112.74466748003296
2025-02-15 19:33:00,112.74493078978436
2025-02-15 20:36:00,112.74515103189738
2025-02-15 21:33:00,112.70414704378916
2025-02-16 14:01:00,112.75948398458743
2025-02-17 10:51:00,112.8746406927468
2025-02-18 10:16:00,113.43426485583493
2025-02-19 00:54:00,114.17086985513556
2025-02-19 01:44:00,114.25288069794875
2025-02-19 02:33:00,114.2214000007372
2025-02-19 03:23:00,114.23843557078474
2025-02-19 04:12:00,114.22408614101076
2025-02-19 05:01:00,114.22558842212187
2025-02-19 05:50:00,114.22732432210849
2025-02-19 06:40:00,114.22702403610845
2025-02-19 07:29:00,114.22533855699672
2025-02-19 08:19:00,114.24042411973753
2025-02-19 09:10:00,114.41013600346784
2025-02-19 10:01:00,114.42762890852154
2025-02-19 10:52:00,114.47270195117429
2025-02-19 11:45:00,114.46644257627167
2025-02-19 12:36:00,114.53205104408636
2025-02-19 13:30:00,114.52149273631848
2025-02-19 14:20:00,114.5416436699913
2025-02-19 15:11:00,114.65941837850016
2025-02-19 16:03:00,114.66418143630986
2025-02-19 16:58:00,114.66650753162448
2025-02-19 19:54:00,114.63472785027034
2025-02-19 21:03:00,114.60669958133272
2025-02-20 01:01:00,114.1567290199626
2025-02-20 01:50:00,114.19554635407752
2025-02-20 02:31:00,114.28386682465975
2025-02-20 03:07:00,114.30476628273992
2025-02-20 03:56:00,114.31372519360612
2025-02-20 04:45:00,114.30365019977378
2025-02-20 05:34:00,114.30563733917424
2025-02-20 06:23:00,114.30364838598815
2025-02-20 07:12:00,114.30221697372257
2025-02-20 08:01:00,114.29720163773314
2025-02-20 08:51:00,114.32901071382466
2025-02-20 09:46:00,114.30726769040972
2025-02-20 20:53:00,114.24501350861254
2025-02-21 11:44:00,114.56842024047393
2025-02-21 17:26:00,114.74031553939544
2025-02-21 18:16:00,114.74046760208893
2025-02-21 19:05:00,114.74108688644064
2025-02-21 19:54:00,114.70578619015262
2025-02-21 20:44:00,114.7119240356555
2025-02-22 01:33:00,114.79789060792108
2025-02-22 02:22:00,114.68570106439648
2025-02-22 03:11:00,114.65963280957038
2025-02-22 03:59:00,114.64638145062804
2025-02-22 04:47:00,114.65177927797598
2025-02-22 05:35:00,114.64389543206384
2025-02-22 06:24:00,114.65832061478524
2025-02-22 07:12:00,114.6548849657554
2025-02-22 08:01:00,114.66210164919072
2025-02-22 08:49:00,114.66820487294758
2025-02-23 12:06:00,114.78533705328664
2025-02-24 01:03:00,114.80252586418212
2025-02-24 02:17:00,114.8217630909091
2025-02-24 03:06:00,114.82672302036094
2025-02-24 03:54:00,114.83386969351542
2025-02-24 04:43:00,114.8260172412553
2025-02-24 05:31:00,114.83000215161488
2025-02-24 06:19:00,114.8148264897636
2025-02-24 07:08:00,114.83197147800485
2025-02-24 07:56:00,114.82571056242362
2025-02-24 08:45:00,114.82281536541583
2025-02-24 09:34:00,114.89251612182152
2025-02-25 01:54:00,115.10736046788648
2025-02-25 02:42:00,115.22703340091948
2025-02-25 03:31:00,115.2280033615106
2025-02-25 04:19:00,115.2282748530391
2025-02-25 05:08:00,115.2267735721048
2025-02-25 05:57:00,115.22877479128636
2025-02-25 06:45:00,115.22786307936968
2025-02-25 07:34:00,115.2302487672304
2025-02-25 08:22:00,115.22517483163102
2025-02-25 09:12:00,115.2309607580362
2025-02-26 10:38:00,115.44854380162118
2025-02-27 10:34:00,115.47032567385892
2025-02-28 11:32:00,115.82506938369286
2025-03-01 01:53:00,116.09087691786216
2025-03-02 03:30:00,116.15967904661798
2025-03-03 04:40:00,116.20903117269869
2025-03-04 02:38:00,116.73085472969876
2025-03-04 11:31:00,116.9435437740483
2025-03-05 00:52:00,117.3565512215666
2025-03-05 11:36:00,117.59820035304368
2025-03-06 10:30:00,117.95223403766992
2025-03-07 03:34:00,118.06757021045966
2025-03-08 01:11:00,118.24953552186692
2025-03-08 12:19:00,118.29451687799845
2025-03-09 01:26:00,118.35816455547872
2025-03-09 01:52:00,118.32254452223368
2025-03-09 10:33:00,118.32966069461844
2025-03-10 01:26:00,118.0691176297604
2025-03-10 12:42:00,118.04865051441058
2025-03-11 01:05:00,118.5398031031466
2025-03-11 16:02:00,118.8511916442639
2025-03-12 02:00:00,118.95494426253508
2025-03-12 02:57:00,118.94603876072944
2025-03-12 03:47:00,118.98918642269548
2025-03-12 04:36:00,118.99251090645744
2025-03-12 05:24:00,119.00644131271856
2025-03-12 09:57:00,118.98074422566192
2025-03-12 10:47:00,118.97461640333007
2025-03-13 01:30:00,118.97789032539804
2025-03-13 08:47:00,118.9947094906472
2025-03-13 09:35:00,118.98452840780357
2025-03-14 10:07:00,118.84252874071464
2025-03-15 02:31:00,118.82954198681388
2025-03-15 03:18:00,118.85082821583468
2025-03-15 04:05:00,118.81763010457094
2025-03-15 04:52:00,118.82931700478848
2025-03-15 05:39:00,118.81534168053344
2025-03-16 01:59:00,118.7329964317214
2025-03-17 02:08:00,118.47337589125652
2025-03-17 02:53:00,118.484626741601
2025-03-17 11:51:00,118.50645095879491
2025-03-18 02:20:00,119.25965668976404
2025-03-18 03:06:00,119.2527654866189
2025-03-18 03:52:00,119.25468690944004
2025-03-18 04:39:00,119.26781724882848
2025-03-18 05:25:00,119.28973304418103
2025-03-18 06:11:00,119.29999799259124
2025-03-18 06:58:00,119.30878776029802
2025-03-18 07:45:00,119.26193672483528
2025-03-18 08:32:00,119.28104291288652
2025-03-18 09:19:00,119.34796740538737
2025-03-18 10:06:00,119.30052831433233
2025-03-18 10:53:00,119.3378505131476
2025-03-18 11:40:00,119.30233959873746
2025-03-19 01:05:00,119.30157239535964
2025-03-19 01:52:00,119.30615237873477
2025-03-19 02:37:00,119.38445306371554
2025-03-19 10:17:00,119.37341231668933
2025-03-19 11:05:00,119.37185507263176
2025-03-19 11:59:00,119.39702508980598
2025-03-19 12:49:00,119.38694559196897
2025-03-19 16:14:00,119.31762718300992
2025-03-19 16:19:00,119.2803643768076
2025-03-19 17:10:00,119.3167713185304
2025-03-19 17:57:00,119.27771617749166
2025-03-19 18:44:00,119.29241997007524
2025-03-19 19:30:00,119.37269566744332
2025-03-20 01:01:00,119.45516856726329
2025-03-20 01:21:00,119.5952142254558
2025-03-20 10:45:00,119.61822137856169
2025-03-20 11:12:00,132.9339225846619
2025-03-20 11:14:00,120.2926519100142
2025-03-20 11:17:00,120.2926519100142
2025-03-21 01:35:00,120.76136612781448
2025-03-21 01:50:00,22824879653.830788
2025-03-21 01:52:00,117.24770901330966
2025-03-21 13:32:00,120.6869090056884
2025-03-22 02:44:00,118.66824760193148
2025-03-23 01:07:00,118.6619260384026
2025-03-24 01:38:00,118.723122644201
2025-03-24 02:24:00,118.72216204633412
2025-03-24 03:10:00,118.79545004524486
2025-03-24 03:57:00,118.79566817037588
2025-03-24 04:43:00,118.80751155861172
2025-03-24 05:29:00,118.79861888071451
2025-03-24 06:15:00,118.80166707359018
2025-03-24 07:05:00,118.80434216472494
2025-03-25 01:53:00,118.892061331768
2025-03-26 00:55:00,119.4210827354528
2025-03-26 21:47:00,119.45668368755844
2025-03-27 01:11:00,119.44307360348856
2025-03-28 01:01:00,119.55250273775312
2025-03-29 00:53:00,119.63234721657643
2025-04-01 12:19:00,119.76342339953295
2025-04-02 07:44:00,119.914901098788
2025-04-02 08:31:00,119.89918308513036
2025-04-03 01:13:00,119.90171646230569
2025-04-03 01:57:00,119.92044362283733
2025-04-03 02:42:00,119.91658868971066
2025-04-04 01:31:00,119.650039610041
2025-04-05 02:20:00,119.66910672669373
2025-04-05 03:05:00,119.54692448073806
2025-04-05 03:50:00,119.54974442940136
2025-04-05 04:35:00,119.54757751851304
2025-04-05 05:19:00,119.55533504385602
2025-04-05 06:05:00,119.5640876860998
2025-04-06 01:20:00,119.67021213018248
2025-04-06 02:05:00,119.74524887734776
2025-04-06 02:50:00,119.70275809581923
2025-04-06 03:36:00,119.69479667721116
2025-04-06 04:22:00,119.7036006889254
2025-04-06 05:07:00,119.69912591398798
2025-04-06 05:53:00,119.6829509021217
2025-04-06 06:39:00,119.70585005578356
2025-04-06 07:30:00,119.70709797208823
2025-04-06 08:17:00,119.715475269537
2025-04-07 00:49:00,119.6792055525768
2025-04-07 01:33:00,119.68251531475704
2025-04-07 02:15:00,119.69443369803555
2025-04-07 02:56:00,119.69471223197496
2025-04-07 03:37:00,119.70405064854322
2025-04-07 04:18:00,119.70130976140112
2025-04-07 04:59:00,119.70684571584894
2025-04-07 05:40:00,119.69214787247428
2025-04-07 06:22:00,119.68921859432749
2025-04-07 07:03:00,119.70941486133832
2025-04-07 07:45:00,119.69116686697036
2025-04-07 08:29:00,119.71080360447417
2025-04-08 00:53:00,119.65937526839772
2025-04-08 01:36:00,119.74855896238068
2025-04-08 02:18:00,119.79627741905176
2025-04-08 03:00:00,119.80674390484506
2025-04-08 03:42:00,119.8437653589262
2025-04-08 04:23:00,119.80676002204808
2025-04-08 05:05:00,119.81674672346628
2025-04-08 05:47:00,119.82941095626632
2025-04-08 06:29:00,119.80098264713038
2025-04-08 07:11:00,119.78104950565609
2025-04-08 07:56:00,119.7810538149468
2025-04-08 08:39:00,119.7408519230432
2025-04-09 00:42:00,119.80189164239091
2025-04-09 01:23:00,119.98755327911353
2025-04-09 02:04:00,120.09647140172282
2025-04-09 02:44:00,120.01158148049116
2025-04-09 03:24:00,119.99581427604046
2025-04-09 04:05:00,119.94321232208644
2025-04-09 04:45:00,119.97374629550669
2025-04-09 05:26:00,120.12525077514022
2025-04-09 06:06:00,120.0749355449232
2025-04-09 06:48:00,119.99421027525264
2025-04-09 07:29:00,120.01849508380349
2025-04-09 08:11:00,120.10338492813489
2025-04-10 01:00:00,120.23546936784794
2025-04-10 01:43:00,120.14961984667607
2025-04-10 02:27:00,120.23245600866196
2025-04-10 09:27:00,120.32311261004588
2025-04-11 00:47:00,120.2106976209561
2025-04-11 01:32:00,120.27372702480788
2025-04-11 02:16:00,120.24028907435938
