,il_plaka,ilce_id,ilce_adi,lat,lon,northeast_lat,northeast_lon,southwest_lat,southwest_lon,İl
0,1,1,ALADAĞ(KARSANTI),37.546379,35.402962,37.5552252,35.4189694,37.5375317,35.3869546,Adana
1,1,2,CEYHAN,37.0317,35.82275,37.055723,35.850071,37.006241,35.795967,Adana
2,1,3,ÇUKUROVA,37.0,35.3213333,37.072004,35.461995,36.935523,35.174706,Adana
3,1,4,FEKE,37.8199181,35.9124835,37.8241311,35.922007,37.811669,35.903793,Adana
4,1,5,İMAMOĞLU,37.258751,35.67284,37.272539,35.675316,37.245506,35.646995,Adana
5,1,6,KARAİSALI,37.25201,35.06329,37.262918,35.07267,37.249031,35.053697,Adana
6,1,7,KARATAŞ,36.563376,35.384388,36.584948,35.408662,36.551019,35.361828,Adana
7,1,8,KOZAN,37.45,35.8,37.48114,35.843395,37.435659,35.775853,Adana
8,1,9,POZANTI,37.4277778,34.8711111,37.4308311,34.877559,37.418369,34.859441,Adana
9,1,10,SAİMBEYLİ,37.9881827,36.0920584,37.9929311,36.101828,37.980469,36.083572,Adana
10,1,11,SARIÇAM,37.0,35.3213333,37.072004,35.461995,36.935523,35.174706,Adana
11,1,12,SEYHAN,37.0,35.3213333,37.072004,35.461995,36.935523,35.174706,Adana
12,1,13,TUFANBEYLİ,38.2646417,36.2223985,38.2711311,36.229863,38.258669,36.211537,Adana
13,1,14,YUMURTALIK,36.7666667,35.7833333,36.7752311,35.796681,36.762769,35.778719,Adana
14,1,15,YÜREĞİR,37.0,35.3213333,37.072004,35.461995,36.935523,35.174706,Adana
15,2,16,ADIYAMAN,37.7641667,38.2761667,37.825667,38.335465,37.717086,38.188188,Adıyaman
16,2,17,BESNİ,37.6929433,37.8591895,37.699646,37.869141,37.68541,37.848314,Adıyaman
17,2,18,ÇELİKHAN,38.0333333,38.25,38.0410311,38.255034,38.028569,38.236766,Adıyaman
18,2,19,GERGER,38.0288889,39.0322222,38.0350871,39.041404,38.022625,39.023136,Adıyaman
19,2,20,GÖLBAŞI,37.7838889,37.6444444,37.796445,37.665348,37.776508,37.623463,Adıyaman
20,2,21,KAHTA,37.7833333,38.6166667,37.799191,38.639781,37.761864,38.60513,Adıyaman
21,2,22,SAMSAT,37.5792887,38.482364,37.5854401,38.491519,37.572978,38.473363,Adıyaman
22,2,23,SİNCİK,38.0380556,38.6158333,38.0442311,38.625035,38.031769,38.606765,Adıyaman
23,2,24,TUT,37.7966667,37.915,37.8028311,37.924205,37.790369,37.905995,Adıyaman
24,3,25,AFYON,38.76376,30.54034,38.802105,30.611167,38.714289,30.44232,Afyonkarahisar
25,3,26,BAŞMAKÇI,37.8959675,30.0116271,37.9025311,30.020717,37.890069,30.002483,Afyonkarahisar
26,3,27,BAYAT,38.98708,30.919849,38.9900311,30.935656,38.977569,30.917144,Afyonkarahisar
27,3,28,BOLVADİN,38.7166667,31.05,38.741473,31.069887,38.6873,31.029234,Afyonkarahisar
28,3,29,ÇAY,38.5931933,31.0249093,38.599533,31.039608,38.582351,31.006621,Afyonkarahisar
29,3,30,ÇOBANLAR,38.7,30.783333,38.7086311,30.791919,38.696169,30.773481,Afyonkarahisar
30,3,31,DAZKIRI,37.9166667,29.8666667,37.9261311,29.86922,37.913669,29.85098,Afyonkarahisar
31,3,32,DİNAR,38.0666667,30.1666667,38.079176,30.175199,38.053677,30.143017,Afyonkarahisar
32,3,33,EMİRDAĞ,39.026039,31.15345,39.033548,31.165464,39.019026,31.146461,Afyonkarahisar
33,3,34,EVCİLER,38.043083,29.883094,38.0471311,29.894435,38.034669,29.876165,Afyonkarahisar
34,3,35,HOCALAR,38.58337,29.972071,38.5838311,29.980203,38.571369,29.961797,Afyonkarahisar
35,3,36,İHSANİYE,39.0333333,30.4166667,39.03451,30.423706,39.022465,30.408649,Afyonkarahisar
36,3,37,İSCEHİSAR,38.8666667,30.75,38.8688311,30.75984,38.856369,30.74136,Afyonkarahisar
37,3,38,KIZILÖREN,37.9629031,29.8019498,37.967277,29.807103,37.958723,29.796786,Afyonkarahisar
38,3,39,SANDIKLI,38.465389,30.270241,38.481718,30.285246,38.431346,30.251714,Afyonkarahisar
39,3,40,SİNCANLI(SİNANPAŞA),38.743796,30.2440609,38.749186,30.249352,38.740451,30.235591,Afyonkarahisar
40,3,41,SULTANDAĞI,38.5333333,31.2333333,38.5367311,31.241297,38.524269,31.222903,Afyonkarahisar
41,3,42,ŞUHUT,38.5333333,30.55,38.545402,30.566978,38.523369,30.536411,Afyonkarahisar
42,4,43,AĞRI,39.7216667,43.0566667,39.748605,43.085241,39.688144,43.001778,Ağrı
43,4,44,DİYADİN,39.54,43.6772222,39.549364,43.684618,39.529034,43.664235,Ağrı
44,4,45,DOĞUBAYAZIT(DOĞUBEYAZIT),39.548,44.083333,39.570301,44.112143,39.525038,44.057691,Ağrı
45,4,46,ELEŞKİRT,39.797161,42.687111,39.814093,42.693294,39.79432,42.660698,Ağrı
46,4,47,HAMUR,39.6102778,42.9925,39.6161311,43.001739,39.603669,42.983061,Ağrı
47,4,48,PATNOS,39.2333333,42.8666667,39.252667,42.891262,39.217231,42.826429,Ağrı
48,4,49,TAŞLIÇAY,39.6343827,43.3767661,39.6416311,43.387242,39.629169,43.368558,Ağrı
49,4,50,TUTAK,39.5422222,42.7716667,39.5484311,42.78113,39.535969,42.76247,Ağrı
50,5,51,AMASYA,40.65,35.8333333,40.672834,35.856321,40.636911,35.789091,Amasya
51,5,52,GÖYNÜCEK,40.397869,35.52615,40.4046311,35.542047,40.392169,35.523153,Amasya
52,5,53,GÜMÜŞHACIKÖY,40.87064,35.217579,40.8798311,35.226215,40.867369,35.207185,Amasya
53,5,54,HAMAMÖZÜ,40.78347,35.022289,40.7915311,35.034402,40.779069,35.015398,Amasya
54,5,55,MERZİFON,40.874859,35.45974,40.881216,35.471876,40.86043,35.448263,Amasya
55,5,56,SULUOVA,40.8333333,35.65,40.847677,35.66935,40.810493,35.625124,Amasya
56,5,57,TAŞOVA,40.7619873,36.3226471,40.76988,36.341594,40.750501,36.309172,Amasya
57,6,58,AKYURT,40.1333333,33.0833333,40.157575,33.109395,40.115222,33.057458,Ankara
58,6,59,ALTINDAĞ,39.92077,32.85411,40.100981,33.024866,39.722821,32.499097,Ankara
59,6,60,AYAŞ,40.021751,32.34095,40.036394,32.359378,40.008084,32.293982,Ankara
60,6,61,BALA,39.5538889,33.1211111,39.559772,33.126477,39.550084,33.11568,Ankara
61,6,62,BEYPAZARI,40.1675,31.9211111,40.174013,31.931356,40.148742,31.904051,Ankara
62,6,63,ÇAMLIDERE,40.48735,32.4726901,40.4949311,32.47976,40.482469,32.46084,Ankara
63,6,64,ÇANKAYA,39.8451842,32.9212265,39.93684,33.142878,39.658157,32.692328,Ankara
64,6,65,ÇUBUK,40.2386111,33.0330556,40.2552,33.054334,40.165763,33.004852,Ankara
65,6,66,ELMADAĞ,39.9208333,33.2308333,39.939873,33.258278,39.904149,33.206439,Ankara
66,6,67,ETİMESGUT,39.9458333,32.6694444,40.005681,32.799292,39.820303,32.55683,Ankara
67,6,68,EVREN,39.0290506,33.8104222,39.0348961,33.82053,39.022434,33.802002,Ankara
68,6,69,GÖLBAŞI,39.92077,32.85411,40.100981,33.024866,39.722821,32.499097,Ankara
69,6,70,GÜDÜL,40.2111111,32.2427778,40.2158311,32.255121,40.203369,32.236279,Ankara
70,6,71,HAYMANA,39.436069,32.496639,39.449843,32.524024,39.422494,32.490419,Ankara
71,6,72,KALECİK,40.0972222,33.4083333,40.115789,33.422812,40.081737,33.400809,Ankara
72,6,73,KAZAN,40.2316667,32.6838889,40.244638,32.704157,40.176638,32.665871,Ankara
73,6,74,KEÇİÖREN,40.0210623,32.831015,40.215276,32.900291,39.957774,32.740333,Ankara
74,6,75,KIZILCAHAMAM,40.4697222,32.6505556,40.476183,32.656376,40.460634,32.629877,Ankara
75,6,76,MAMAK,39.8900436,33.0113568,39.990879,33.159002,39.788449,32.875961,Ankara
76,6,77,NALLIHAN,40.191601,31.359949,40.195846,31.366001,40.18264,31.344825,Ankara
77,6,78,POLATLI,39.5841667,32.1472222,39.605367,32.172152,39.532431,32.098566,Ankara
78,6,79,PURSAKLAR,40.0488418,32.8953187,40.060255,32.943504,40.023686,32.873314,Ankara
79,6,80,SİNCAN,39.966751,32.584229,39.9753021,32.6002364,39.9581988,32.5682216,Ankara
80,6,81,ŞEREFLİKOÇHİSAR,38.93951,33.55246,38.961722,33.580842,38.930655,33.536908,Ankara
81,6,82,YENİMAHALLE,39.9904289,32.695547,40.104982,32.847119,39.723311,32.480839,Ankara
82,7,83,AKSEKİ,37.051529,31.78381,37.0558311,31.797714,37.043369,31.779686,Antalya
83,7,84,AKSU,36.9466805,30.839845,36.951646,30.845756,36.943092,30.835578,Antalya
84,7,85,ALANYA,36.560139,32.002121,36.596959,32.037191,36.527087,31.931719,Antalya
85,7,86,DEMRE(KALE),36.249441,29.950079,36.268404,30.020738,36.22901,29.880908,Antalya
86,7,87,DÖŞEMEALTI,37.0229292,30.5984143,37.028046,30.603262,37.019492,30.593074,Antalya
87,7,88,ELMALI,36.7373079,29.9191194,36.74791,29.932493,36.727796,29.90702,Antalya
88,7,89,FİNİKE,36.3008267,30.144496,36.313335,30.153714,36.28571,30.132022,Antalya
89,7,90,GAZİPAŞA,36.270902,32.3135862,36.279126,32.320681,36.264237,32.305928,Antalya
90,7,91,GÜNDOĞMUŞ,36.811194,32.0013363,36.8178311,32.011786,36.805369,31.993814,Antalya
91,7,92,İBRADI(AYDINKENT),37.092651,31.58786,37.1638199,31.7159194,37.0214152,31.4598006,Antalya
92,7,93,KAŞ,36.204441,29.638981,36.206793,29.668252,36.188224,29.62982,Antalya
93,7,94,KEMER,36.592381,30.54771,36.624685,30.5926,36.562862,30.521227,Antalya
94,7,95,KEPEZ,36.88414,30.70563,36.975178,30.840953,36.785866,30.516095,Antalya
95,7,96,KONYAALTI,36.88414,30.70563,36.975178,30.840953,36.785866,30.516095,Antalya
96,7,97,KORKUTELİ,37.0666667,30.2,37.076042,30.214439,37.055604,30.188249,Antalya
97,7,98,KUMLUCA,36.362831,30.286421,36.401858,30.325704,36.310967,30.255704,Antalya
98,7,99,MANAVGAT,36.790081,31.46286,36.801766,31.483895,36.770443,31.413427,Antalya
99,7,100,MURATPAŞA,36.8827594,30.769476,36.930861,30.841037,36.845381,30.653727,Antalya
100,7,101,SERİK,36.921822,31.101271,36.936221,31.117678,36.907489,31.085968,Antalya
101,8,102,ARDANUÇ,41.1286,42.0592,41.1353311,42.069152,41.122869,42.050048,Artvin
102,8,103,ARHAVİ,41.3520976,41.3115846,41.357205,41.320728,41.348874,41.299492,Artvin
103,8,104,ARTVİN,41.1833333,41.8166667,41.207078,41.854799,41.155415,41.777361,Artvin
104,8,105,BORÇKA,41.3625,41.68,41.3699311,41.688686,41.357469,41.669514,Artvin
105,8,106,HOPA,41.386719,41.437018,41.427672,41.45683,41.384881,41.410757,Artvin
106,8,107,MURGUL(GÖKTAŞ),41.25,41.65,41.2835475,41.7140297,41.2164353,41.5859703,Artvin
107,8,108,ŞAVŞAT,41.2419,42.3644,41.2496311,42.373468,41.237169,42.354332,Artvin
108,8,109,YUSUFELİ,40.8253871,41.5486163,40.8296311,41.558107,40.817169,41.539093,Artvin
109,9,110,AYDIN,37.8444,27.8458,37.870997,27.885355,37.819573,27.790522,Aydın
110,9,111,BOZDOĞAN,37.6703,28.3097,37.676544,28.321088,37.665322,28.304119,Aydın
111,9,112,BUHARKENT(ÇUBUKDAĞI),37.970211,28.747219,37.9790067,28.7632264,37.9614143,28.7312116,Aydın
112,9,113,ÇİNE,37.6117,28.0614,37.620109,28.074354,37.599542,28.048292,Aydın
113,9,114,DİDİM(YENİHİSAR),37.3756,27.2678,37.418555,27.335266,37.336109,27.200355,Aydın
114,9,115,GERMENCİK,37.87207,27.60181,37.87836,27.619905,37.863446,27.585461,Aydın
115,9,116,İNCİRLİOVA,37.8522,27.7236,37.86072,27.74128,37.844046,27.71137,Aydın
116,9,117,KARACASU,37.729641,28.60634,37.739279,28.615659,37.719957,28.596256,Aydın
117,9,118,KARPUZLU,37.5586,27.8336,37.5638311,27.839876,37.551369,27.821724,Aydın
118,9,119,KOÇARLI,37.761749,27.70397,37.764628,27.71144,37.7561,27.698838,Aydın
119,9,120,KÖŞK,37.8533,28.0517,37.8574311,28.061312,37.844969,28.043088,Aydın
120,9,121,KUŞADASI,37.86,27.26,37.893408,27.290506,37.815245,27.236103,Aydın
121,9,122,KUYUCAK,37.9153,28.4592,37.9219111,28.47065,37.909449,28.45241,Aydın
122,9,123,NAZİLLİ,37.910419,28.320259,37.920854,28.337675,37.895044,28.316473,Aydın
123,9,124,SÖKE,37.756081,27.403931,37.773564,27.431925,37.73088,27.375004,Aydın
124,9,125,SULTANHİSAR,37.8897,28.1575,37.8959311,28.166516,37.883469,28.148284,Aydın
125,9,126,YENİPAZAR,37.829769,28.19549,37.8329311,28.208809,37.820469,28.190591,Aydın
126,10,127,AYVALIK,39.3178003,26.6980742,39.340802,26.707137,39.314516,26.69013,Balıkesir
127,10,128,BALIKESİR,39.648369,27.88261,39.693666,27.95241,39.612411,27.838313,Balıkesir
128,10,129,BALYA,39.75,27.5833333,39.7580311,27.591658,39.745569,27.572942,Balıkesir
129,10,130,BANDIRMA,40.35946,27.979227,40.366947,28.017047,40.314984,27.921182,Balıkesir
130,10,131,BİGADİÇ,39.3925,28.1311111,39.408089,28.143596,39.382401,28.120571,Balıkesir
131,10,132,BURHANİYE,39.506931,26.977819,39.513372,26.985246,39.501966,26.974754,Balıkesir
132,10,133,DURSUNBEY,39.5877778,28.6275,39.591982,28.644332,39.575409,28.614721,Balıkesir
133,10,134,EDREMİT,39.59901,27.022079,39.606523,27.034977,39.586272,27.005241,Balıkesir
134,10,135,ERDEK,40.403052,27.796098,40.41416,27.804378,40.392961,27.790641,Balıkesir
135,10,136,GÖMEÇ,39.3911111,26.84,39.399309,26.847343,39.383394,26.830003,Balıkesir
136,10,137,GÖNEN,40.103329,27.65575,40.123529,27.673202,40.096292,27.645805,Balıkesir
137,10,138,HAVRAN,39.5583333,27.0983333,39.5639311,27.108232,39.551469,27.089568,Balıkesir
138,10,139,İVRİNDİ,39.5833333,27.4833333,39.590147,27.493677,39.576033,27.480117,Balıkesir
139,10,140,KEPSUT,39.6888889,28.1522222,39.697246,28.168525,39.683548,28.147344,Balıkesir
140,10,141,MANYAS,40.0463889,27.97,40.0560311,27.974799,40.043569,27.956001,Balıkesir
141,10,142,MARMARA,40.5875,27.5552778,40.5945311,27.564774,40.582069,27.545826,Balıkesir
142,10,143,SAVAŞTEPE,39.3838889,27.6547222,39.3897311,27.665408,39.377269,27.646792,Balıkesir
143,10,144,SINDIRGI,39.24,28.175,39.247244,28.189259,39.234139,28.165612,Balıkesir
144,10,145,SUSURLUK,39.918869,28.157101,39.923192,28.170291,39.902503,28.148437,Balıkesir
145,11,146,BİLECİK,40.150131,29.983061,40.197617,30.013592,40.106243,29.956657,Bilecik
146,11,147,BOZÜYÜK,39.9077778,30.0366667,39.912399,30.095662,39.887189,30.02054,Bilecik
147,11,148,GÖLPAZARI,40.2847222,30.3172222,40.2904311,30.325731,40.277969,30.306869,Bilecik
148,11,149,İNHİSAR,40.05349,30.39068,40.0551311,30.398599,40.042669,30.379801,Bilecik
149,11,150,OSMANELİ,40.3593103,30.0116271,40.3646311,30.022842,40.352169,30.003958,Bilecik
150,11,151,PAZARYERİ,39.9964874,29.9075516,40.0008311,29.914891,39.988369,29.896109,Bilecik
151,11,152,SÖĞÜT,40.0186111,30.1813889,40.0213311,30.192794,40.008869,30.174006,Bilecik
152,11,153,YENİPAZAR,40.1783333,30.52,40.1852311,30.529217,40.172769,30.510383,Bilecik
153,12,154,ADAKLI,39.2281776,40.4833955,39.2356311,40.492688,39.223169,40.474112,Bingöl
154,12,155,BİNGÖL,38.885349,40.498291,38.897963,40.525929,38.872987,40.477258,Bingöl
155,12,156,GENÇ,38.7530556,40.5666667,38.760934,40.576387,38.746133,40.546912,Bingöl
156,12,157,KARLIOVA,39.2977738,41.0125134,39.300012,41.016178,39.29404,41.009219,Bingöl
157,12,158,KİĞI,39.3166667,40.35,39.3199311,40.354899,39.307469,40.336301,Bingöl
158,12,159,SOLHAN,38.9689856,41.0523881,38.97314,41.063125,38.959459,41.039572,Bingöl
159,12,160,YAYLADERE,39.2244444,40.0725,39.2366311,40.079588,39.224169,40.061012,Bingöl
160,12,161,YEDİSU,39.4333333,40.55,39.4398311,40.553915,39.427369,40.535285,Bingöl
161,13,162,ADİLCEVAZ,38.8066671,42.7346377,38.8114311,42.744532,38.798969,42.726068,Bitlis
162,13,163,AHLAT,38.7527778,42.4944444,38.764951,42.527981,38.732372,42.444389,Bitlis
163,13,164,BİTLİS,38.4,42.1166667,38.453638,42.148879,38.385312,42.09384,Bitlis
164,13,165,GÜROYMAK,38.5753871,42.0174717,38.5829151,42.028933,38.570453,42.010527,Bitlis
165,13,166,HİZAN,38.2247019,42.4252797,38.2312311,42.437158,38.218769,42.418842,Bitlis
166,13,167,MUTKİ,38.4102386,41.9184957,38.4159311,41.930382,38.403469,41.912018,Bitlis
167,13,168,TATVAN,38.5022222,42.2813889,38.530845,42.318189,38.473895,42.267859,Bitlis
168,14,169,BOLU,40.739479,31.611561,40.758004,31.658418,40.716802,31.573324,Bolu
169,14,170,DÖRTDİVAN,40.7166667,32.0666667,40.7234311,32.067092,40.710969,32.048108,Bolu
170,14,171,GEREDE,40.8005556,32.1986111,40.8062581,32.205727,40.793796,32.186717,Bolu
171,14,172,GÖYNÜK,40.4003841,30.7838403,40.4068311,30.796548,40.394369,30.777652,Bolu
172,14,173,KIBRISCIK,40.4086815,31.8472123,40.4150311,31.859049,40.402569,31.840151,Bolu
173,14,174,MENGEN,40.9374385,32.0762881,40.9460311,32.084524,40.933569,32.065476,Bolu
174,14,175,MUDURNU,40.4666667,31.2166667,40.485439,31.226902,40.460467,31.203895,Bolu
175,14,176,SEBEN,40.4090719,31.5741036,40.4175311,31.581749,40.405069,31.562851,Bolu
176,14,177,YENİÇAĞA,40.7724078,32.0358283,40.7783311,32.0424,40.765869,32.0234,Bolu
177,15,178,AĞLASUN,37.657716,30.532342,37.665087,30.543069,37.650354,30.521621,Burdur
178,15,179,ALTINYAYLA(DİRMİL),36.998631,29.54598,37.007616,29.557802,36.99135,29.535732,Burdur
179,15,180,BUCAK,37.456841,30.581881,37.479729,30.609957,37.435027,30.553874,Burdur
180,15,181,BURDUR,37.726909,30.288876,37.76375,30.336662,37.691433,30.191757,Burdur
181,15,182,ÇAVDIR,37.155,29.6938889,37.1576421,29.700263,37.14518,29.682209,Burdur
182,15,183,ÇELTİKÇİ,37.5344444,30.4844444,37.5428311,30.490573,37.530369,30.472427,Burdur
183,15,184,GÖLHİSAR,37.144437,29.5078705,37.1492311,29.517526,37.136769,29.499474,Burdur
184,15,185,KARAMANLI,37.37,29.821,37.3787311,29.829053,37.366269,29.810947,Burdur
185,15,186,KEMER,37.352,30.063,37.3593311,30.072351,37.346869,30.054249,Burdur
186,15,187,TEFENNİ,37.310984,29.7744512,37.3191311,29.785146,37.306669,29.767054,Burdur
187,15,188,YEŞİLOVA,37.5080556,29.7547222,37.5141311,29.76237,37.501669,29.74423,Burdur
188,16,189,BÜYÜKORHAN,39.7710397,28.885894,39.7791311,28.896761,39.766669,28.878039,Bursa
189,16,190,GEMLİK,40.4330556,29.1566667,40.448588,29.188462,40.410495,29.130839,Bursa
190,16,191,GÜRSU,40.2409678,29.2088303,40.339413,29.323098,40.198372,29.131163,Bursa
191,16,192,HARMANCIK,39.6761111,29.1552778,39.6840311,29.165648,39.671569,29.146952,Bursa
192,16,193,İNEGÖL,40.0833333,29.5166667,40.106759,29.541853,40.063787,29.480256,Bursa
193,16,194,İZNİK,40.4289628,29.7165417,40.44726,29.728625,40.420067,29.707283,Bursa
194,16,195,KARACABEY,40.225498,28.37273,40.238962,28.382421,40.207269,28.354967,Bursa
195,16,196,KELES,39.9136111,29.2294444,39.918344,29.240236,39.904701,29.223516,Bursa
196,16,197,KESTEL,40.1956105,29.2117365,40.2018311,29.221319,40.189369,29.202481,Bursa
197,16,198,MUDANYA,40.3763889,28.8833333,40.384591,28.899534,40.365664,28.856114,Bursa
198,16,199,MUSTAFAKEMALPAŞA,40.0353,28.4117,40.0451731,28.415316,40.032711,28.39652,Bursa
199,16,200,NİLÜFER,40.18257,29.06687,40.297194,29.211237,40.162997,28.85963,Bursa
200,16,201,ORHANELİ,39.906719,28.988621,39.912205,28.995382,39.8945,28.978482,Bursa
201,16,202,ORHANGAZİ,40.501129,29.31068,40.505541,29.319877,40.475122,29.288702,Bursa
202,16,203,OSMANGAZİ,40.18257,29.06687,40.297194,29.211237,40.162997,28.85963,Bursa
203,16,204,YENİŞEHİR,40.2644444,29.6530556,40.275238,29.664206,40.252146,29.62948,Bursa
204,16,205,YILDIRIM,40.3298442,29.5586174,40.334877,29.565599,40.326323,29.554928,Bursa
205,17,206,AYVACIK,39.6011111,26.4047222,39.613627,26.412666,39.593876,26.392446,Çanakkale
206,17,207,BAYRAMİÇ,40.7038355,26.9101736,40.707677,26.915831,40.699123,26.905101,Çanakkale
207,17,208,BİGA,40.23407,27.24572,40.244455,27.27853,40.210171,27.229899,Çanakkale
208,17,209,BOZCAADA,39.8230643,26.0325226,39.8282311,26.039775,39.815769,26.021041,Çanakkale
209,17,210,ÇAN,40.0275,27.0475,40.037244,27.068991,40.017831,27.035123,Çanakkale
210,17,211,ÇANAKKALE,40.155312,26.41416,40.199462,26.457106,40.088086,26.378026,Çanakkale
211,17,212,ECEABAT,40.1838889,26.3563889,40.191987,26.368594,40.168346,26.347521,Çanakkale
212,17,213,EZİNE,39.7832499,26.3411793,39.794117,26.350924,39.769994,26.333624,Çanakkale
213,17,214,GELİBOLU,40.417447,26.677435,40.423102,26.683015,40.403472,26.655371,Çanakkale
214,17,215,GÖKÇEADA(İMROZ),40.197029,25.917959,40.2311116,25.9819887,40.1629292,25.8539293,Çanakkale
215,17,216,LAPSEKİ,40.35299,26.6995478,40.359579,26.704192,40.343594,26.683343,Çanakkale
216,17,217,YENİCE,39.928291,27.26038,39.936515,27.30293,39.919325,27.242897,Çanakkale
217,18,218,ATKARACALAR,40.8166667,33.0833333,40.8246311,33.086107,40.812169,33.067093,Çankırı
218,18,219,BAYRAMÖREN,40.9419568,33.2041374,40.9498311,33.213825,40.937369,33.194775,Çankırı
219,18,220,ÇANKIRI,40.6,33.6166667,40.655159,33.684853,40.557709,33.596571,Çankırı
220,18,221,ÇERKEŞ,40.8166667,32.9,40.817947,32.903344,40.806593,32.881081,Çankırı
221,18,222,ELDİVAN,40.5333333,33.5,40.5364311,33.512866,40.523969,33.493934,Çankırı
222,18,223,ILGAZ,40.9261452,33.6289615,40.930768,33.637123,40.921159,33.620725,Çankırı
223,18,224,KIZILIRMAK,40.35,33.9833333,40.3540311,33.99694,40.341569,33.97806,Çankırı
224,18,225,KORGUN,40.7333333,33.5166667,40.7434311,33.528495,40.730969,33.509505,Çankırı
225,18,226,KURŞUNLU,40.8396835,33.2577547,40.8462311,33.27071,40.833769,33.25169,Çankırı
226,18,227,ORTA,40.6240684,33.1116234,40.6322311,33.119579,40.619769,33.100621,Çankırı
227,18,228,ŞABANÖZÜ,40.4833333,33.2833333,40.4847311,33.291358,40.472269,33.272442,Çankırı
228,18,229,YAPRAKLI,40.763351,33.777699,40.7651311,33.788098,40.752669,33.769102,Çankırı
229,19,230,ALACA,40.17366,34.844238,40.179221,34.865961,40.157051,34.827034,Çorum
230,19,231,BAYAT,40.646,34.261,40.650302,34.265763,40.641025,34.250071,Çorum
231,19,232,BOĞAZKALE,40.0277582,34.6167589,40.0323311,34.624995,40.019869,34.606205,Çorum
232,19,233,ÇORUM,40.5505556,34.9555556,40.609317,35.006438,40.495214,34.887634,Çorum
233,19,234,DODURGA,40.8570016,34.808352,40.8618311,34.817312,40.849369,34.798288,Çorum
234,19,235,İSKİLİP,40.74123,34.470829,40.751722,34.482637,40.730124,34.460443,Çorum
235,19,236,KARGI,41.1344,34.4872,41.1412311,34.497053,41.128769,34.477947,Çorum
236,19,237,LAÇİN,40.7693431,34.896896,40.7760311,34.9052,40.763569,34.8862,Çorum
237,19,238,MECİTÖZÜ,40.52,35.2952778,40.5268311,35.305064,40.514369,35.286136,Çorum
238,19,239,OĞUZLAR(KARAÖREN),40.5505556,34.9555556,40.609317,35.006438,40.495214,34.887634,Çorum
239,19,240,ORTAKÖY,40.2733356,35.2490312,40.2791311,35.25503,40.266669,35.23617,Çorum
240,19,241,OSMANCIK,40.97406,34.802158,40.986145,34.824815,40.968235,34.788472,Çorum
241,19,242,SUNGURLU,40.161,34.377,40.175232,34.398085,40.158487,34.356373,Çorum
242,19,243,UĞURLUDAĞ,40.447504,34.4547213,40.4522311,34.464354,40.439769,34.445446,Çorum
243,20,244,ACIPAYAM,37.4333333,29.35,37.440633,29.364598,37.416377,29.336816,Denizli
244,20,245,AKKÖY,37.9558,29.0786,37.9632311,29.086125,37.950769,29.067875,Denizli
245,20,246,BABADAĞ,37.8087799,28.8567675,37.8140311,28.864506,37.801569,28.846294,Denizli
246,20,247,BAKLAN,37.9795005,29.6064479,37.9862311,29.617928,37.973769,29.599672,Denizli
247,20,248,BEKİLLİ,38.2319444,29.4216667,38.2371311,29.426659,38.224669,29.408341,Denizli
248,20,249,BEYAĞAÇ,37.2221931,28.9091914,37.2297311,28.919335,37.217269,28.901265,Denizli
249,20,250,BOZKURT,37.8244223,29.6064479,37.8286311,29.615308,37.816169,29.597092,Denizli
250,20,251,BULDAN,38.052872,28.831499,38.056491,28.843741,38.042536,28.824248,Denizli
251,20,252,ÇAL,38.0844338,29.3961647,38.091081,29.40139,38.077784,29.388302,Denizli
252,20,253,ÇAMELİ,37.0708307,29.3453611,37.0792311,29.354917,37.066769,29.336883,Denizli
253,20,254,ÇARDAK,37.8246553,29.6759908,37.8319311,29.684508,37.819469,29.666292,Denizli
254,20,255,ÇİVRİL,38.2998807,29.7397084,38.310137,29.74986,38.276628,29.729202,Denizli
255,20,256,DENİZLİ,37.77652,29.08639,37.847366,29.188915,37.716171,28.981373,Denizli
256,20,257,GÜNEY,38.159569,29.06777,38.1604311,29.073849,38.147969,29.055551,Denizli
257,20,258,HONAZ,37.7576427,29.2640387,37.7630311,29.2748,37.750569,29.2566,Denizli
258,20,259,KALE,37.4391667,28.8452778,37.4483311,28.852462,37.435869,28.834338,Denizli
259,20,260,SARAYKÖY,37.9264527,28.9266621,37.933968,28.934331,37.915276,28.916066,Denizli
260,20,261,SERİNHİSAR,37.5806645,29.2698489,37.5867311,29.276078,37.574269,29.257922,Denizli
261,20,262,TAVAS,37.59108,29.06315,37.604967,29.067642,37.587034,29.046703,Denizli
262,21,263,BAĞLAR,37.91441,40.230629,37.976174,40.245803,37.879624,40.106159,Diyarbakır
263,21,264,BİSMİL,37.8452,40.67561,37.860402,40.708633,37.838245,40.652192,Diyarbakır
264,21,265,ÇERMİK,38.1372222,39.4511111,38.13991,39.470708,38.130873,39.442384,Diyarbakır
265,21,266,ÇINAR,37.7241667,40.415,37.731171,40.424728,37.71254,40.407485,Diyarbakır
266,21,267,ÇÜNGÜŞ,38.2166667,39.2833333,38.2189271,39.29607,38.206465,39.277756,Diyarbakır
267,21,268,DİCLE,38.375,40.0733333,38.3812311,40.082377,38.368769,40.064023,Diyarbakır
268,21,269,EĞİL,38.2566123,40.0836662,38.2635061,40.09389,38.251044,40.075566,Diyarbakır
269,21,270,ERGANİ,38.2666667,39.7666667,38.277292,39.779567,38.255009,39.748358,Diyarbakır
270,21,271,HANİ,38.4136111,40.3925,38.4197311,40.401782,38.407269,40.383418,Diyarbakır
271,21,272,HAZRO,38.25,40.7833333,38.2624311,40.792462,38.249969,40.774138,Diyarbakır
272,21,273,KAYAPINAR,37.91441,40.230629,37.976174,40.245803,37.879624,40.106159,Diyarbakır
273,21,274,KOCAKÖY,38.2897222,40.5013889,38.2959031,40.510652,38.283441,40.49232,Diyarbakır
274,21,275,KULP,38.5016667,41.0116667,38.5077851,41.020774,38.495323,41.002388,Diyarbakır
275,21,276,LİCE,38.4604983,40.6468573,38.4683581,40.655816,38.455896,40.63744,Diyarbakır
276,21,277,SİLVAN,38.1422222,41.0013889,38.149762,41.022898,38.13324,40.999699,Diyarbakır
277,21,278,SUR,38.0597606,40.388604,38.283918,40.680438,37.790679,40.216719,Diyarbakır
278,21,279,YENİŞEHİR,37.91441,40.230629,37.976174,40.245803,37.879624,40.106159,Diyarbakır
279,22,280,EDİRNE,41.6666667,26.5666667,41.697939,26.603093,41.649935,26.514059,Edirne
280,22,281,ENEZ,40.729328,26.0889,40.7314311,26.094393,40.718969,26.075407,Edirne
281,22,282,HAVSA,41.55,26.8166667,41.5566311,26.830114,41.544169,26.810886,Edirne
282,22,283,İPSALA,40.9227353,26.3795495,40.931364,26.396683,40.916045,26.362586,Edirne
283,22,284,KEŞAN,40.85,26.6333333,40.872965,26.650113,40.835532,26.618745,Edirne
284,22,285,LALAPAŞA,41.8333333,26.7333333,41.8457311,26.745657,41.833269,26.726343,Edirne
285,22,286,MERİÇ,41.189,26.418,41.1975311,26.427961,41.185069,26.408839,Edirne
286,22,287,SÜLOĞLU(SÜLEOĞLU),41.7666667,26.9166667,41.7726311,26.921146,41.760169,26.901854,Edirne
287,22,288,UZUNKÖPRÜ,41.271259,26.69972,41.283327,26.71461,41.261938,26.682454,Edirne
288,23,289,AĞIN,38.9422222,38.7155556,38.9483311,38.72475,38.935869,38.70625,Elâzığ
289,23,290,ALACAKAYA,38.453244,39.8512762,38.4587311,39.859987,38.446269,39.841613,Elâzığ
290,23,291,ARICAK,38.5666667,40.1333333,38.5707311,40.143701,38.558269,40.125299,Elâzığ
291,23,292,BASKİL,38.5697222,38.8230556,38.5758311,38.832302,38.563369,38.813898,Elâzığ
292,23,293,ELAZIĞ,38.680969,39.226398,38.713568,39.277314,38.630564,39.133405,Elâzığ
293,23,294,KARAKOÇAN,38.9583665,40.03481,38.9626311,40.045752,38.950169,40.027248,Elâzığ
294,23,295,KEBAN,38.7939296,38.7419367,38.7987311,38.753131,38.786269,38.734669,Elâzığ
295,23,296,KOVANCILAR,38.7166667,39.8666667,38.732639,39.885397,38.71181,39.851654,Elâzığ
296,23,297,MADEN,38.3897222,39.6686111,38.3959311,39.677779,38.383469,39.659421,Elâzığ
297,23,298,PALU,38.7054728,39.9525286,38.7101311,39.960319,38.697669,39.941881,Elâzığ
298,23,299,SİVRİCE,38.4466667,39.3116667,38.4528311,39.320786,38.440369,39.302414,Elâzığ
299,24,300,ÇAYIRLI,39.805,40.0411111,39.8117311,40.045865,39.799269,40.027135,Erzincan
300,24,301,ERZİNCAN,39.75,39.5,39.769164,39.531743,39.729884,39.460253,Erzincan
301,24,302,ILIÇ(İLİÇ),39.4580563,38.5647362,39.4634311,38.572618,39.450969,38.553982,Erzincan
302,24,303,KEMAH,39.6027778,39.0355556,39.6089311,39.044938,39.596469,39.026262,Erzincan
303,24,304,KEMALİYE,39.2608333,38.4966667,39.2666311,38.505992,39.254169,38.487408,Erzincan
304,24,305,OTLUKBELİ,39.9739655,40.0224165,39.9798311,40.031488,39.967369,40.012712,Erzincan
305,24,306,REFAHİYE,39.9016487,38.7683142,39.9074311,38.777878,39.894969,38.759122,Erzincan
306,24,307,TERCAN,39.7794559,40.3850845,39.7857311,40.393562,39.773269,40.374838,Erzincan
307,24,308,ÜZÜMLÜ,39.71,39.7016667,39.712825,39.707231,39.706838,39.695452,Erzincan
308,25,309,AŞKALE,39.92025,40.6923611,39.927684,40.707165,39.915332,40.677438,Erzurum
309,25,310,AZİZİYE(ILICA),39.9458333,41.1052778,39.952929,41.119009,39.939911,41.091268,Erzurum
310,25,311,ÇAT,39.6111111,40.9788889,39.6174311,40.988239,39.604969,40.969561,Erzurum
311,25,312,HINIS,39.3566706,41.702949,39.3649311,41.711805,39.352469,41.693195,Erzurum
312,25,313,HORASAN,40.038521,42.16235,40.050835,42.185755,40.024017,42.14762,Erzurum
313,25,314,İSPİR,40.4836111,40.9952778,40.487274,41.00606,40.473199,40.975106,Erzurum
314,25,315,KARAÇOBAN,39.3508333,42.1119444,39.3562311,42.122604,39.343769,42.103996,Erzurum
315,25,316,KARAYAZI,39.7010606,42.143789,39.704691,42.149374,39.699046,42.138134,Erzurum
316,25,317,KÖPRÜKÖY,39.9755556,41.8711111,39.9815311,41.880488,39.969069,41.861712,Erzurum
317,25,318,NARMAN,40.345058,41.867199,40.3534311,41.87784,40.340969,41.85896,Erzurum
318,25,319,OLTU,40.5455556,41.9955556,40.5559311,42.009169,40.543469,41.990231,Erzurum
319,25,320,OLUR,40.8333333,42.1333333,40.8359311,42.138208,40.823469,42.119192,Erzurum
320,25,321,PALANDÖKEN,39.9043189,41.2678853,39.954533,41.303594,39.866715,41.177093,Erzurum
321,25,322,PASİNLER,39.9797222,41.6755556,39.983887,41.688112,39.972016,41.665842,Erzurum
322,25,323,PAZARYOLU,40.415909,40.768829,40.4226311,40.78045,40.410169,40.76155,Erzurum
323,25,324,ŞENKAYA,40.5666667,42.35,40.5680311,42.35597,40.555569,42.33703,Erzurum
324,25,325,TEKMAN,39.645,41.5083333,39.6512311,41.517543,39.638769,41.498857,Erzurum
325,25,326,TORTUM,40.2992011,41.5478508,40.3043311,41.558433,40.291869,41.539567,Erzurum
326,25,327,UZUNDERE,40.5363889,41.5483333,40.5426311,41.557867,40.530169,41.538933,Erzurum
327,25,328,YAKUTİYE,39.9043189,41.2678853,39.954533,41.303594,39.866715,41.177093,Erzurum
328,26,329,ALPU,39.7605556,30.9580556,39.7664311,30.967559,39.753969,30.948841,Eskişehir
329,26,330,BEYLİKOVA,39.6869444,31.2055556,39.6938311,31.216849,39.681369,31.198151,Eskişehir
330,26,331,ÇİFTELER,39.3830556,31.0391667,39.3882311,31.050108,39.375769,31.031492,Eskişehir
331,26,332,GÜNYÜZÜ,39.3838889,31.81,39.3904311,31.819308,39.377969,31.800692,Eskişehir
332,26,333,HAN,39.1591667,30.8613889,39.1668311,30.870979,39.154369,30.852421,Eskişehir
333,26,334,İNÖNÜ,39.8212299,30.144496,39.8287311,30.154868,39.816269,30.136132,Eskişehir
334,26,335,MAHMUDİYE,39.497327,30.988913,39.510084,31.002346,39.484575,30.975488,Eskişehir
335,26,336,MİHALGAZİ,40.0263889,30.5777778,40.0337311,30.587296,40.021269,30.568504,Eskişehir
336,26,337,MİHALIÇÇIK,39.8641667,31.4952778,39.8719311,31.505773,39.859469,31.487027,Eskişehir
337,26,338,ODUNPAZARI,39.784302,30.51922,39.816793,30.66769,39.724752,30.414084,Eskişehir
338,26,339,SARICAKAYA,40.0403444,30.617113,40.0450311,30.627897,40.032569,30.609103,Eskişehir
339,26,340,SEYİTGAZİ,39.4447222,30.6947222,39.4518311,30.704217,39.439369,30.685583,Eskişehir
340,26,341,SİVRİHİSAR,39.45,31.5377778,39.454681,31.546623,39.434235,31.524187,Eskişehir
341,26,342,TEPEBAŞI,39.784302,30.51922,39.816793,30.66769,39.724752,30.414084,Eskişehir
342,27,343,ARABAN,37.4265042,37.6892062,37.430595,37.699556,37.422125,37.673727,Gaziantep
343,27,344,İSLAHİYE,37.025,36.6345,37.039937,36.64806,37.014769,36.621845,Gaziantep
344,27,345,KARKAMIŞ,36.834,38.001,36.8408311,38.007789,36.828369,37.989811,Gaziantep
345,27,346,NİZİP,37.0166667,37.8,37.029593,37.818343,36.990352,37.769901,Gaziantep
346,27,347,NURDAĞI,37.1791719,36.7361539,37.186529,36.749685,37.173745,36.729778,Gaziantep
347,27,348,OĞUZELİ,36.9657424,37.513475,36.972138,37.523643,36.955192,37.504747,Gaziantep
348,27,349,ŞAHİNBEY,37.06622,37.38332,37.113722,37.466958,37.005947,37.303709,Gaziantep
349,27,350,ŞEHİTKAMİL,37.06622,37.38332,37.113722,37.466958,37.005947,37.303709,Gaziantep
350,27,351,YAVUZELİ,37.3201746,37.5667735,37.3258311,37.577647,37.313369,37.559553,Gaziantep
351,28,352,ALUCRA,40.3166667,38.7666667,40.3245311,38.775736,40.312069,38.756864,Giresun
352,28,353,BULANCAK,40.9352034,38.2125926,40.942399,38.251085,40.931463,38.189909,Giresun
353,28,354,ÇAMOLUK,40.133333,38.75,40.1354311,38.75791,40.122969,38.73909,Giresun
354,28,355,ÇANAKÇI,40.9130184,39.0043345,40.9188311,39.01662,40.906369,38.99758,Giresun
355,28,356,DERELİ,40.7400946,38.4481174,40.7450311,38.458995,40.732569,38.440005,Giresun
356,28,357,DOĞANKENT,40.8,38.9166667,40.8120141,38.926728,40.799552,38.907718,Giresun
357,28,358,ESPİYE,40.9483587,38.7082259,40.950606,38.720901,40.945512,38.692487,Giresun
358,28,359,EYNESİL,41.0602883,39.1435365,41.0669311,39.153542,41.054469,39.134458,Giresun
359,28,360,GİRESUN,40.912811,38.38953,40.927995,38.450044,40.877876,38.309018,Giresun
360,28,361,GÖRELE,41.0318044,39.0013811,41.038007,39.015921,41.02679,38.992732,Giresun
361,28,362,GÜCE,40.8934796,38.8059883,40.8980311,38.815417,40.885569,38.796383,Giresun
362,28,363,KEŞAP,40.9166667,38.5166667,40.9227311,38.518821,40.910269,38.499779,Giresun
363,28,364,PİRAZİZ,40.9515492,38.1200837,40.958066,38.130773,40.945604,38.112403,Giresun
364,28,365,ŞEBİNKARAHİSAR,40.2897875,38.4209894,40.293523,38.426572,40.284651,38.416323,Giresun
365,28,366,TİREBOLU,41.0051024,38.8141059,41.011633,38.823,41.002954,38.808462,Giresun
366,28,367,YAĞLIDERE,40.8616233,38.6254981,40.8691311,38.636713,40.856669,38.617687,Giresun
367,29,368,GÜMÜŞHANE,40.4602778,39.4813889,40.471359,39.520641,40.430201,39.446914,Gümüşhane
368,29,369,KELKİT,40.1286111,39.4383333,40.136864,39.444428,40.121327,39.428564,Gümüşhane
369,29,370,KÖSE,40.210369,39.65073,40.2185311,39.660421,40.206069,39.641579,Gümüşhane
370,29,371,KÜRTÜN,40.6909866,39.1029913,40.6975311,39.115889,40.685069,39.096911,Gümüşhane
371,29,372,ŞİRAN,40.1894444,39.1266667,40.1958311,39.136218,40.183369,39.117382,Gümüşhane
372,29,373,TORUL,40.5572222,39.2919444,40.5622311,39.297469,40.549769,39.278531,Gümüşhane
373,30,374,ÇUKURCA,37.2505556,43.6166667,37.2571311,43.622239,37.244669,43.604161,Hakkâri
374,30,375,HAKKARİ,37.5833333,43.7333333,37.601656,43.762257,37.551549,43.69809,Hakkâri
375,30,376,ŞEMDİNLİ,37.3028311,44.5748696,37.311866,44.582179,37.297907,44.567161,Hakkâri
376,30,377,YÜKSEKOVA,37.5666667,44.2833333,37.587907,44.297989,37.562266,44.262278,Hakkâri
377,31,378,ALTINÖZÜ,36.1166667,36.25,36.133219,36.261581,36.110964,36.236561,Hatay
378,31,379,ANTAKYA,36.20015,36.176189,36.2091535,36.1921964,36.1911454,36.1601816,Hatay
379,31,380,BELEN,36.4927,36.1933,36.494178,36.204385,36.4828,36.188329,Hatay
380,31,381,DÖRTYOL,36.85603,36.222328,36.875082,36.237623,36.834833,36.193293,Hatay
381,31,382,ERZİN,36.9539,36.2022,36.970343,36.220075,36.950489,36.193419,Hatay
382,31,383,HASSA,36.7994,36.5178,36.80816,36.531473,36.792433,36.505179,Hatay
383,31,384,İSKENDERUN,36.586863,36.172571,36.619441,36.219925,36.54876,36.131857,Hatay
384,31,385,KIRIKHAN,36.497959,36.364128,36.520763,36.376962,36.479913,36.339216,Hatay
385,31,386,KUMLU,36.3717386,36.4553727,36.3772311,36.464835,36.364769,36.446965,Hatay
386,31,387,REYHANLI,36.267181,36.573669,36.285096,36.596058,36.234558,36.54167,Hatay
387,31,388,SAMANDAĞ,36.08239,35.999321,36.109449,36.010324,36.053633,35.962377,Hatay
388,31,389,YAYLADAĞI,35.9025,36.0606,35.9081781,36.068788,35.895716,36.051024,Hatay
389,32,390,AKSU,37.799,31.071,37.8061311,31.078305,37.793669,31.060095,Isparta
390,32,391,ATABEY,37.9523623,30.6458749,37.9578311,30.652124,37.945369,30.633876,Isparta
391,32,392,EĞİRDİR(EĞRİDİR),38.0237567,30.8728615,38.277909,30.969937,37.841711,30.746119,Isparta
392,32,393,GELENDOST,38.123989,31.011351,38.1279311,31.025345,38.115469,31.007055,Isparta
393,32,394,GÖNEN,37.958611,30.514391,37.9652311,30.525225,37.952769,30.506975,Isparta
394,32,395,ISPARTA,37.7666667,30.55,37.830719,30.609197,37.73988,30.503673,Isparta
395,32,396,KEÇİBORLU,37.9481994,30.3060706,37.9543311,30.314324,37.941869,30.296076,Isparta
396,32,397,SENİRKENT,38.1054091,30.5480578,38.1130311,30.559243,38.100569,30.540957,Isparta
397,32,398,SÜTÇÜLER,37.487251,30.98963,37.4949311,31.003367,37.482469,30.985233,Isparta
398,32,399,ŞARKİKARAAĞAÇ,38.081272,31.3670283,38.084956,31.374582,38.076466,31.360003,Isparta
399,32,400,ULUBORLU,38.0789004,30.4559258,38.0851311,30.46634,38.072669,30.44806,Isparta
400,32,401,YALVAÇ,38.295231,31.180229,38.313998,31.195378,38.273,31.161018,Isparta
401,32,402,YENİŞARBADEMLİ,37.7080691,31.3856088,37.7132311,31.395694,37.700769,31.377506,Isparta
402,33,403,AKDENİZ,36.8,34.6333333,36.878272,34.716702,36.699503,34.457655,Mersin
403,33,404,ANAMUR,36.07515,32.838539,36.082687,32.849362,36.067128,32.818133,Mersin
404,33,405,AYDINCIK,36.1416948,33.3177479,36.1489311,33.326909,36.136469,33.309091,Mersin
405,33,406,BOZYAZI,36.1030632,32.9747512,36.1081311,32.984005,36.095669,32.966195,Mersin
406,33,407,ÇAMLIYAYLA,37.170139,34.60825,37.1749311,34.613329,37.162469,34.595271,Mersin
407,33,408,ERDEMLİ,36.607769,34.316139,36.673064,34.349857,36.584036,34.226527,Mersin
408,33,409,GÜLNAR (GÜLPINAR),36.8,34.6333333,36.878272,34.716702,36.699503,34.457655,Mersin
409,33,410,MEZİTLİ,36.8,34.6333333,36.878272,34.716702,36.699503,34.457655,Mersin
410,33,411,MUT,36.644336,33.4355499,36.655936,33.448597,36.632632,33.426512,Mersin
411,33,412,SİLİFKE,36.3753014,33.9331874,36.386754,33.945274,36.36708,33.913609,Mersin
412,33,413,TARSUS,36.9166667,34.9,36.951752,34.947577,36.890481,34.847163,Mersin
413,33,414,TOROSLAR,36.8,34.6333333,36.878272,34.716702,36.699503,34.457655,Mersin
414,33,415,YENİŞEHİR,36.8661859,34.4863567,36.924393,34.620111,36.762991,34.439126,Mersin
415,34,416,ADALAR,40.8763772,29.095444,40.914627,29.148194,40.837376,29.039114,İstanbul
416,34,417,ARNAVUTKÖY,41.2,28.733333,41.2083949,28.7493404,41.191604,28.7173256,İstanbul
417,34,418,ATAŞEHİR,40.9833333,29.1166667,41.009525,29.21224,40.959029,29.072244,İstanbul
418,34,419,AVCILAR,41.0153479,28.7314618,41.106113,28.756692,40.9691,28.681979,İstanbul
419,34,420,BAĞCILAR,41.0455556,28.8405556,41.072214,28.87269,41.017565,28.807967,İstanbul
420,34,421,BAHÇELİEVLER,40.9975,28.8505556,41.02785,28.884746,40.99166,28.805903,İstanbul
421,34,422,BAKIRKÖY,40.968155,28.8228,41.007142,28.896622,40.954508,28.773472,İstanbul
422,34,423,BAŞAKŞEHİR,41.077895,28.812551,41.149446,28.823924,41.057844,28.63913,İstanbul
423,34,424,BAYRAMPAŞA,41.0481503,28.9004553,41.077101,28.92398,41.025852,28.878448,İstanbul
424,34,425,BEŞİKTAŞ,41.068616,29.0285355,41.106452,29.055098,41.036762,28.991826,İstanbul
425,34,426,BEYKOZ,41.132719,29.10569,41.1411225,29.1216974,41.1243144,29.0896826,İstanbul
426,34,427,BEYLİKDÜZÜ,40.9910381,28.6498144,41.018631,28.69839,40.957305,28.595554,İstanbul
427,34,428,BEYOĞLU,41.0382864,28.9703304,41.065071,28.995755,41.021025,28.939004,İstanbul
428,34,429,BÜYÜKÇEKMECE,41.034133,28.590003,41.129654,28.634821,40.984576,28.390983,İstanbul
429,34,430,ÇATALCA,41.148239,28.46773,41.1566405,28.4837374,41.1398364,28.4517226,İstanbul
430,34,431,ÇEKMEKÖY,41.104235,29.3177272,41.13267,29.401125,41.012979,29.138379,İstanbul
431,34,432,ESENLER,41.0794133,28.8538545,41.135797,28.900626,41.017275,28.813479,İstanbul
432,34,433,ESENYURT,41.0342806,28.6801194,41.098539,28.7019,40.999071,28.620525,İstanbul
433,34,434,EYÜP,41.1871598,28.8829816,41.306537,28.976283,41.024339,28.770507,İstanbul
434,34,435,FATİH,41.0166667,28.9333333,41.040841,28.988072,40.987637,28.919037,İstanbul
435,34,436,GAZİOSMANPAŞA,41.0759477,28.9004553,41.096741,28.939195,41.051592,28.874389,İstanbul
436,34,437,GÜNGÖREN,41.0166667,28.8833333,41.038473,28.900905,41.001386,28.858493,İstanbul
437,34,438,KADIKÖY,40.980141,29.08227,41.012268,29.111257,40.949998,29.014849,İstanbul
438,34,439,KAĞITHANE,41.071,28.97,41.112959,29.008107,41.052908,28.949372,İstanbul
439,34,440,KARTAL,40.899651,29.193649,40.964925,29.255199,40.878129,29.138289,İstanbul
440,34,441,KÜÇÜKÇEKMECE,41.008658,28.775342,41.064103,28.8217,40.977276,28.739023,İstanbul
441,34,442,MALTEPE,40.949047,29.174109,40.981235,29.216277,40.906637,29.09481,İstanbul
442,34,443,PENDİK,40.879326,29.258135,40.8877619,29.2741424,40.870889,29.2421276,İstanbul
443,34,444,SANCAKTEPE,41.0287028,29.2901829,41.052722,29.364344,40.946046,29.182914,İstanbul
444,34,445,SARIYER,41.166328,29.04995,41.1747272,29.0659574,41.1579277,29.0339426,İstanbul
445,34,446,SİLİVRİ,41.080158,28.26829,41.0885683,28.2842974,41.0717467,28.2522826,İstanbul
446,34,447,SULTANBEYLİ,40.9611123,29.2669438,41.004896,29.311989,40.931768,29.244706,İstanbul
447,34,448,SULTANGAZİ,41.1255794,28.8713314,41.159735,28.922422,41.081541,28.824494,İstanbul
448,34,449,ŞİLE,41.1763889,29.6127778,41.182252,29.65835,41.152742,29.568199,İstanbul
449,34,450,ŞİŞLİ,41.06,28.987,41.149289,29.025922,41.039196,28.958668,İstanbul
450,34,451,TUZLA,40.842,29.295,40.980648,29.456523,40.802689,29.254621,İstanbul
451,34,452,ÜMRANİYE,41.0303,29.1065,41.065545,29.19719,40.988965,29.080313,İstanbul
452,34,453,ÜSKÜDAR,41.032236,29.031938,41.077997,29.091718,40.9925,29.006362,İstanbul
453,34,454,ZEYTİNBURNU,40.990635,28.89614,41.032476,28.928996,40.977844,28.889444,İstanbul
454,35,455,ALİAĞA,38.795,26.9702778,38.826751,26.996672,38.768954,26.916263,İzmir
455,35,456,BALÇOVA,38.369294,27.093442,38.3780416,27.1094494,38.3605453,27.0774346,İzmir
456,35,457,BAYINDIR,38.228565,27.646533,38.2336511,27.656367,38.221189,27.638049,İzmir
457,35,458,BAYRAKLI,38.4622222,27.1666667,38.500488,27.203413,38.44784,27.107306,İzmir
458,35,459,BERGAMA,39.1166667,27.1833333,39.12758,27.214148,39.094703,27.145367,İzmir
459,35,460,BEYDAĞ,38.0868739,28.2088013,38.0909311,28.219741,38.078469,28.201459,İzmir
460,35,461,BORNOVA,38.4626548,27.2440957,38.576577,27.344864,38.3647,27.177905,İzmir
461,35,462,BUCA,38.41885,27.12872,38.506773,27.304415,38.343157,27.017192,İzmir
462,35,463,ÇEŞME,38.32981,26.314921,38.386884,26.492119,38.258391,26.229765,İzmir
463,35,464,ÇİĞLİ,38.4994322,27.0382158,38.543915,27.092524,38.473845,26.991247,İzmir
464,35,465,DİKİLİ,39.072097,26.888203,39.079988,26.894626,39.063196,26.881424,İzmir
465,35,466,FOÇA,38.6675,26.7580556,38.693574,26.763802,38.659697,26.732301,İzmir
466,35,467,GAZİEMİR,38.32515,27.12252,38.345386,27.188731,38.290179,27.118416,İzmir
467,35,468,GÜZELBAHÇE,38.3619761,26.9028125,38.384778,26.942629,38.342,26.797394,İzmir
468,35,469,KARABAĞLAR,38.3269882,27.0441009,38.406204,27.142443,38.295361,26.948274,İzmir
469,35,470,KARABURUN,38.6333333,26.5166667,38.6402311,26.51871,38.627769,26.50029,İzmir
470,35,471,KARŞIYAKA,38.41885,27.12872,38.506773,27.304415,38.343157,27.017192,İzmir
471,35,472,KEMALPAŞA,38.426323,27.423052,38.4333361,27.429534,38.420874,27.411166,İzmir
472,35,473,KINIK,39.088371,27.38069,39.0945311,27.391025,39.082069,27.372487,İzmir
473,35,474,KİRAZ,38.2306,28.2044,38.2364311,28.215559,38.223969,28.197241,İzmir
474,35,475,KONAK,38.4144802,27.1441227,38.448715,27.189448,38.393027,27.068714,İzmir
475,35,476,MENDERES(CUMAOVASI),38.254,27.134,38.30022,27.171027,38.240005,27.113512,İzmir
476,35,477,MENEMEN,38.6,27.0666667,38.619454,27.106007,38.538183,26.99133,İzmir
477,35,478,NARLIDERE,38.3909989,27.0029015,38.418246,27.035014,38.362058,26.923027,İzmir
478,35,479,ÖDEMİŞ,38.2305556,27.9716667,38.252395,28.006897,38.213203,27.945337,İzmir
479,35,480,SEFERİHİSAR,38.198921,26.837339,38.205153,26.846455,38.187271,26.832671,İzmir
480,35,481,SELÇUK,37.949888,27.370142,37.958473,27.381473,37.938058,27.362079,İzmir
481,35,482,TİRE,38.088581,27.733471,38.097963,27.751851,38.080797,27.72311,İzmir
482,35,483,TORBALI,38.177841,27.35334,38.185217,27.377684,38.141531,27.341354,İzmir
483,35,484,URLA,38.32457,26.7619,38.339453,26.784729,38.318933,26.751971,İzmir
484,36,485,AKYAKA,40.7444444,43.625,40.7458311,43.634795,40.733369,43.615805,Kars
485,36,486,ARPAÇAY,40.85,43.3333333,40.8545311,43.341111,40.842069,43.322089,Kars
486,36,487,DİGOR,40.3755556,43.4125,40.3817311,43.422044,40.369269,43.403156,Kars
487,36,488,KAĞIZMAN,40.1577181,43.1331231,40.1642311,43.143614,40.151769,43.124786,Kars
488,36,489,KARS,40.59267,43.077831,40.624843,43.1339,40.577484,43.056432,Kars
489,36,490,SARIKAMIŞ,40.331921,42.595169,40.340787,42.615468,40.320148,42.569978,Kars
490,36,491,SELİM,40.4633333,42.7858333,40.4695311,42.795356,40.457069,42.776444,Kars
491,36,492,SUSUZ,40.78,43.1352778,40.7860311,43.144401,40.773569,43.125399,Kars
492,37,493,ABANA,41.9758333,34.0113889,41.9836311,34.022178,41.971169,34.002822,Kastamonu
493,37,494,AĞLI,41.6873612,33.5534665,41.6916311,33.563234,41.679169,33.543966,Kastamonu
494,37,495,ARAÇ,41.2422222,33.3283333,41.2515311,33.339669,41.239069,33.320531,Kastamonu
495,37,496,AZDAVAY,41.6408126,33.2983279,41.6494311,33.308127,41.636969,33.288873,Kastamonu
496,37,497,BOZKURT,41.9609909,34.0153241,41.9645311,34.024075,41.952069,34.004725,Kastamonu
497,37,498,CİDE,41.891941,33.000192,41.8984311,33.012065,41.885969,32.992735,Kastamonu
498,37,499,ÇATALZEYTİN,41.954521,34.215031,41.9583311,34.224574,41.945869,34.205226,Kastamonu
499,37,500,DADAY,41.4792128,33.46907,41.4842311,33.476503,41.471769,33.457297,Kastamonu
500,37,501,DEVREKANİ,41.6002778,33.8333333,41.6068311,33.845221,41.594369,33.825979,Kastamonu
501,37,502,DOĞANYURT,42.0041489,33.459841,42.0102311,33.469182,41.997769,33.449818,Kastamonu
502,37,503,HANÖNÜ(GÖKÇEAĞAÇ),41.6385322,34.4970675,41.643977,34.503217,41.635423,34.492332,Kastamonu
503,37,504,İHSANGAZİ,41.2033203,33.5517834,41.2096311,33.561062,41.197169,33.541938,Kastamonu
504,37,505,İNEBOLU,41.9747222,33.7608333,41.979824,33.770497,41.96919,33.750382,Kastamonu
505,37,506,KASTAMONU,41.38871,33.78273,41.436059,33.814989,41.350668,33.752901,Kastamonu
506,37,507,KÜRE,41.8047731,33.7106855,41.8119311,33.720052,41.799469,33.700748,Kastamonu
507,37,508,PINARBAŞI,41.6024392,33.1056816,41.6080311,33.116521,41.595569,33.097279,Kastamonu
508,37,509,SEYDİLER,41.6193614,33.7154617,41.6249311,33.725824,41.612469,33.706576,Kastamonu
509,37,510,ŞENPAZAR,41.8069491,33.2325445,41.8153311,33.240852,41.802869,33.221548,Kastamonu
510,37,511,TAŞKÖPRÜ,41.5138889,34.2147222,41.515242,34.224679,41.498025,34.202059,Kastamonu
511,37,512,TOSYA,41.0184913,34.0373739,41.0235311,34.047035,41.011069,34.027965,Kastamonu
512,38,513,AKKIŞLA,39.0,36.1666667,39.008209,36.181443,38.991287,36.15571,Kayseri
513,38,514,BÜNYAN,38.8483,35.86,38.851265,35.861856,38.842873,35.854276,Kayseri
514,38,515,DEVELİ,38.385429,35.499519,38.4204054,35.5635487,38.3504357,35.4354893,Kayseri
515,38,516,FELAHİYE,39.0913648,35.5685219,39.0980311,35.57567,39.085569,35.55713,Kayseri
516,38,517,HACILAR,38.6497222,35.4502778,38.667777,35.463661,38.639316,35.440572,Kayseri
517,38,518,İNCESU,38.62043,35.188278,38.6298311,35.191709,38.617369,35.173291,Kayseri
518,38,519,KOCASİNAN,38.7333333,35.4833333,38.818797,35.627675,38.622002,35.304324,Kayseri
519,38,520,MELİKGAZİ,38.7333333,35.4833333,38.818797,35.627675,38.622002,35.304324,Kayseri
520,38,521,ÖZVATAN(ÇUKUR),38.7333333,35.4833333,38.818797,35.627675,38.622002,35.304324,Kayseri
521,38,522,PINARBAŞI,38.722,36.391,38.73066,36.407943,38.715518,36.381712,Kayseri
522,38,523,SARIOĞLAN,39.0793999,35.9652586,39.088663,35.977388,39.066795,35.954288,Kayseri
523,38,524,SARIZ,38.4791667,36.5005556,38.4859311,36.50639,38.473469,36.48801,Kayseri
524,38,525,TALAS,38.68602,35.577911,38.6947292,35.5939184,38.6773097,35.5619036,Kayseri
525,38,526,TOMARZA,38.45,35.8,38.458133,35.812338,38.439468,35.787902,Kayseri
526,38,527,YAHYALI,38.1,35.3608333,38.109392,35.363904,38.086942,35.347474,Kayseri
527,38,528,YEŞİLHİSAR,38.3585317,35.0801068,38.3651111,35.089811,38.352649,35.071463,Kayseri
528,39,529,BABAESKİ,41.4333333,27.1,41.445066,27.108691,41.426615,27.085632,Kırklareli
529,39,530,DEMİRKÖY,41.823,27.7623,41.8295311,27.772554,41.817069,27.753246,Kırklareli
530,39,531,KIRKLARELİ,41.7333333,27.2166667,41.760054,27.24222,41.710615,27.182843,Kırklareli
531,39,532,KOFÇAZ,41.939905,27.162063,41.9518311,27.166973,41.939369,27.147627,Kırklareli
532,39,533,LÜLEBURGAZ,41.4,27.35,41.417421,27.382513,41.386066,27.33402,Kırklareli
533,39,534,PEHLİVANKÖY,41.3480556,26.9197222,41.3564311,26.934484,41.343969,26.915316,Kırklareli
534,39,535,PINARHİSAR,41.6281282,27.5122086,41.6330311,27.524425,41.620569,27.505175,Kırklareli
535,39,536,VİZE,41.5736111,27.7652778,41.58567,27.780888,41.565565,27.751223,Kırklareli
536,40,537,AKÇAKENT,39.6227778,34.0958333,39.6303311,34.105641,39.617869,34.086959,Kırşehir
537,40,538,AKPINAR,39.4472222,33.9680556,39.4545311,33.977017,39.442069,33.958383,Kırşehir
538,40,539,BOZTEPE,39.2697222,34.2611111,39.2759311,34.270993,39.263469,34.252407,Kırşehir
539,40,540,ÇİÇEKDAĞI,39.6069444,34.4086111,39.6129311,34.422338,39.600469,34.403662,Kırşehir
540,40,541,KAMAN,39.367119,33.72934,39.382296,33.753507,39.357584,33.714666,Kırşehir
541,40,542,KIRŞEHİR,39.15,34.1666667,39.203939,34.217743,39.081293,34.125532,Kırşehir
542,40,543,MUCUR,39.0636111,34.3783333,39.0692311,34.388366,39.056769,34.369834,Kırşehir
543,41,544,BAŞİSKELE,40.6298368,29.950926,40.761615,30.040035,40.532782,29.847083,Kocaeli
544,41,545,ÇAYIROVA,40.8361421,29.3831026,40.874781,29.422724,40.807749,29.341428,Kocaeli
545,41,546,DARICA,40.769587,29.370031,40.811939,29.427091,40.753075,29.333462,Kocaeli
546,41,547,DERİNCE,40.9021193,29.9046594,41.021939,29.940684,40.743379,29.781165,Kocaeli
547,41,548,DİLOVASI,40.7797222,29.535,40.806903,29.563299,40.763865,29.509537,Kocaeli
548,41,549,GEBZE,40.8,29.4333333,40.954389,29.481616,40.75316,29.333396,Kocaeli
549,41,550,GÖLCÜK,40.7120603,29.8410174,40.728159,29.854813,40.685831,29.765536,Kocaeli
550,41,551,İZMİT,40.775986,29.948357,40.811377,30.070005,40.690194,29.68727,Kocaeli
551,41,552,KANDIRA,41.07,30.15,41.082789,30.177663,41.057044,30.141019,Kocaeli
552,41,553,KARAMÜRSEL,40.6891667,29.615,40.696477,29.635748,40.673235,29.560031,Kocaeli
553,41,554,KARTEPE,40.7013917,30.0896313,40.77882,30.253869,40.582172,29.987121,Kocaeli
554,41,555,KÖRFEZ(TÜTÜNÇİFTLİK),40.74613,29.78953,40.7545829,29.8055374,40.7376761,29.7735226,Kocaeli
555,42,556,AHIRLI,37.2375,32.1180556,37.2462311,32.129037,37.233769,32.110963,Konya
556,42,557,AKÖREN,37.4569444,32.3694444,37.4601311,32.380363,37.447669,32.362237,Konya
557,42,558,AKŞEHİR,38.355911,31.415409,38.366804,31.43399,38.351114,31.407846,Konya
558,42,559,ALTINEKİN,38.3077778,32.8686111,38.3140311,32.878569,38.301569,32.860231,Konya
559,42,560,BEYŞEHİR,37.6763889,31.7261111,37.701744,31.746995,37.6602,31.707379,Konya
560,42,561,BOZKIR,37.1877778,32.2480556,37.1959311,32.255531,37.183469,32.237469,Konya
561,42,562,CİHANBEYLİ,38.6580556,32.9280556,38.671401,32.949911,38.638577,32.888919,Konya
562,42,563,ÇELTİK,39.0244444,31.7905556,39.0318311,31.799361,39.019369,31.780839,Konya
563,42,564,ÇUMRA,37.571251,32.784439,37.591398,32.809636,37.564234,32.767679,Konya
564,42,565,DERBENT,38.0136111,32.0163889,38.0204311,32.026632,38.007969,32.008368,Konya
565,42,566,DEREBUCAK,37.3936111,31.5075,37.3978311,31.519055,37.385369,31.500945,Konya
566,42,567,DOĞANHİSAR,38.1447222,31.6780556,38.149913,31.680572,38.141647,31.671356,Konya
567,42,568,EMİRGAZİ,37.9022222,33.8372222,37.9107311,33.845318,37.898269,33.827082,Konya
568,42,569,EREĞLİ,37.5058333,34.0516667,37.534887,34.08623,37.477897,34.016661,Konya
569,42,570,GÜNEYSINIR,37.2686111,32.7330556,37.2755311,32.737341,37.263069,32.719259,Konya
570,42,571,HADİM,36.990669,32.46207,36.9928481,32.472533,36.980386,32.454519,Konya
571,42,572,HALKAPINAR,37.4353035,34.1893473,37.4401311,34.197161,37.427669,34.179039,Konya
572,42,573,HÜYÜK,37.9519444,31.5958333,37.9617311,31.607225,37.949269,31.588975,Konya
573,42,574,ILGIN,38.2791667,31.9138889,38.293921,31.94301,38.265736,31.880152,Konya
574,42,575,KADINHANI,38.2397222,32.2113889,38.249454,32.238581,38.229736,32.189078,Konya
575,42,576,KARAPINAR,37.714821,33.552238,37.7250191,33.564997,37.712557,33.546807,Konya
576,42,577,KARATAY,37.8666667,32.4833333,38.05063,32.680116,37.719031,32.338737,Konya
577,42,578,KULU,39.0891667,33.0805556,39.0960571,33.081301,39.083595,33.062759,Konya
578,42,579,MERAM,37.8666667,32.4833333,38.05063,32.680116,37.719031,32.338737,Konya
579,42,580,SARAYÖNÜ,38.2661111,32.4063889,38.275701,32.419963,38.25115,32.389162,Konya
580,42,581,SELÇUKLU,37.8666667,32.4833333,38.05063,32.680116,37.719031,32.338737,Konya
581,42,582,SEYDİŞEHİR,37.423908,31.85071,37.431166,31.859575,37.414833,31.832627,Konya
582,42,583,TAŞKENT,36.9225015,32.4948384,36.9302311,32.5014,36.917769,32.4834,Konya
583,42,584,TUZLUKÇU,38.478168,31.63121,38.487265,31.641247,38.467821,31.62552,Konya
584,42,585,YALIHÜYÜK,37.3036111,32.0869444,37.3083311,32.094145,37.295869,32.076055,Konya
585,42,586,YUNAK,38.8172222,31.7355556,38.822115,31.74901,38.798645,31.726651,Konya
586,43,587,ALTINTAŞ,39.0615228,30.1098472,39.0666311,30.118966,39.054169,30.100434,Kütahya
587,43,588,ASLANAPA,39.21904,29.874319,39.2218311,29.881986,39.209369,29.863414,Kütahya
588,43,589,ÇAVDARHİSAR,39.1977778,29.6158333,39.2034311,29.626884,39.190969,29.608316,Kütahya
589,43,590,DOMANİÇ,39.803471,29.61153,39.8081311,29.621165,39.795669,29.602435,Kütahya
590,43,591,DUMLUPINAR,38.8563973,29.9769441,38.8614311,29.985439,38.848969,29.966961,Kütahya
591,43,592,EMET,39.3420624,29.2582282,39.349163,29.26508,39.334853,29.247429,Kütahya
592,43,593,GEDİZ,38.9876217,29.3860054,38.999931,29.402337,38.973559,29.371939,Kütahya
593,43,594,HİSARCIK,39.2469225,29.2407955,39.2531941,29.24775,39.240732,29.22917,Kütahya
594,43,595,KÜTAHYA,39.4166667,29.9833333,39.442718,30.066503,39.379473,29.919199,Kütahya
595,43,596,PAZARLAR,38.9971092,29.1245255,39.0014311,29.133157,38.988969,29.114643,Kütahya
596,43,597,SİMAV,39.092739,28.97761,39.095919,28.9949,39.082953,28.955049,Kütahya
597,43,598,ŞAPHANE,39.0277778,29.2227778,39.0322311,29.232661,39.019769,29.214139,Kütahya
598,43,599,TAVŞANLI,39.544399,29.491579,39.565107,29.501109,39.533742,29.462127,Kütahya
599,44,600,AKÇADAĞ,38.35,37.9666667,38.3513311,37.977673,38.338869,37.959327,Malatya
600,44,601,ARAPKİR(ARAPGİR),39.0466847,38.4878234,39.0513311,38.498864,39.038869,38.480336,Malatya
601,44,602,ARGUVAN,38.7730293,38.2713867,38.7815311,38.280328,38.769069,38.261872,Malatya
602,44,603,BATTALGAZİ,38.4227778,38.3655556,38.424471,38.372397,38.417257,38.359818,Malatya
603,44,604,DARENDE,38.5472,37.5111,38.5534311,37.520199,38.540969,37.501801,Malatya
604,44,605,DOĞANŞEHİR,38.0958333,37.8791667,38.1021311,37.888442,38.089669,37.870158,Malatya
605,44,606,DOĞANYOL,38.3105556,39.0394444,38.3167311,39.048569,38.304269,39.030231,Malatya
606,44,607,HEKİMHAN,38.8166667,37.9333333,38.8225311,37.941934,38.810069,37.923466,Malatya
607,44,608,KALE,38.4161111,38.7666667,38.4224311,38.775882,38.409969,38.757518,Malatya
608,44,609,KULUNCAK,38.8833333,37.6666667,38.8919311,37.679543,38.879469,37.661057,Malatya
609,44,610,MALATYA,38.35519,38.30946,38.397559,38.453244,38.305123,38.232622,Malatya
610,44,611,PÜTÜRGE(PÖTÜRGE),38.1966667,38.8697222,38.2029311,38.878955,38.190469,38.860645,Malatya
611,44,612,YAZIHAN,38.5969444,38.1877778,38.6030311,38.197005,38.590569,38.178595,Malatya
612,44,613,YEŞİLYURT,38.2974489,38.2442727,38.3030311,38.255967,38.290569,38.237633,Malatya
613,45,614,AHMETLİ,38.5215064,27.9395454,38.5281311,27.947596,38.515669,27.929204,Manisa
614,45,615,AKHİSAR,38.92469,27.83618,38.945013,27.863427,38.897835,27.815265,Manisa
615,45,616,ALAŞEHİR,38.350861,28.515169,38.358053,28.530176,38.340982,28.508306,Manisa
616,45,617,DEMİRCİ,39.045,28.6580556,39.058443,28.670735,39.029833,28.645443,Manisa
617,45,618,GÖLMARMARA,38.7166667,27.9166667,38.7244311,27.929021,38.711969,27.910579,Manisa
618,45,619,GÖRDES,38.9327778,28.2902778,38.941539,28.298267,38.925653,28.277521,Manisa
619,45,620,KIRKAĞAÇ,39.109379,27.666201,39.1162161,27.678135,39.103754,27.659591,Manisa
620,45,621,KÖPRÜBAŞI,38.7497222,28.4047222,38.7555311,28.413125,38.743069,28.394675,Manisa
621,45,622,KULA,38.5458333,28.6494444,38.554049,28.658777,38.538824,28.639576,Manisa
622,45,623,MANİSA,38.619099,27.428921,38.642289,27.487976,38.602376,27.326086,Manisa
623,45,624,SALİHLİ,38.4811111,28.1391667,38.499516,28.190207,38.465357,28.103538,Manisa
624,45,625,SARIGÖL,38.2402778,28.6988889,38.245865,28.708351,38.231153,28.682693,Manisa
625,45,626,SARUHANLI,38.7341667,27.5658333,38.74094,27.585112,38.722973,27.538893,Manisa
626,45,627,SELENDİ,38.7444444,28.8677778,38.7522311,28.876925,38.739769,28.858475,Manisa
627,45,628,SOMA,39.1883333,27.6088889,39.194659,27.627885,39.178008,27.590344,Manisa
628,45,629,TURGUTLU,38.504238,27.70442,38.516594,27.724028,38.48749,27.685062,Manisa
629,46,630,AFŞİN,38.25,36.9166667,38.2500061,36.921701,38.237544,36.903377,Kahramanmaraş
630,46,631,ANDIRIN,37.576345,36.3525183,37.5826311,36.359678,37.570169,36.341522,Kahramanmaraş
631,46,632,ÇAĞLIYANCERİT,37.5833333,36.9333333,37.605261,36.997678,37.530309,36.829703,Kahramanmaraş
632,46,633,EKİNÖZÜ,38.0617,37.1928,38.0679311,37.201938,38.055469,37.183662,Kahramanmaraş
633,46,634,ELBİSTAN,38.20266,37.206169,38.226048,37.240067,38.176984,37.168313,Kahramanmaraş
634,46,635,GÖKSUN,38.0166667,36.5,38.027847,36.509005,38.009697,36.480469,Kahramanmaraş
635,46,636,KAHRAMANMARAŞ,37.5833333,36.9333333,37.605261,36.997678,37.530309,36.829703,Kahramanmaraş
636,46,637,NURHAK,37.9666667,37.4333333,37.9719311,37.436326,37.959469,37.418074,Kahramanmaraş
637,46,638,PAZARCIK,37.4898349,37.2945303,37.4942541,37.303531,37.481792,37.285397,Kahramanmaraş
638,46,639,TÜRKOĞLU,37.3914,36.8522,37.395339,36.866888,37.377041,36.840553,Kahramanmaraş
639,47,640,DARGEÇİT,37.547104,41.7183823,37.551773,41.730168,37.539472,41.708419,Mardin
640,47,641,DERİK,37.3658333,40.2697222,37.3720311,40.278852,37.359569,40.260748,Mardin
641,47,642,KIZILTEPE,37.1938889,40.5861111,37.208255,40.613648,37.177446,40.557231,Mardin
642,47,643,MARDİN,37.3122361,40.735112,37.330554,40.764486,37.305109,40.716971,Mardin
643,47,644,MAZIDAĞI,37.4833333,40.4833333,37.4854311,40.495566,37.472969,40.477434,Mardin
644,47,645,MİDYAT(ESTEL),37.3122361,40.735112,37.330554,40.764486,37.305109,40.716971,Mardin
645,47,646,NUSAYBİN,37.0756876,41.2145207,37.086083,41.232591,37.06208,41.201697,Mardin
646,47,647,ÖMERLİ,37.4009249,40.956326,37.4086311,40.965157,37.396169,40.947043,Mardin
647,47,648,SAVUR,37.5378579,40.8896718,37.5438311,40.898273,37.531369,40.880127,Mardin
648,47,649,YEŞİLLİ,37.3426171,40.8249471,37.3468311,40.834849,37.334369,40.816751,Mardin
649,48,650,BODRUM,37.035339,27.43029,37.048929,27.450116,37.01694,27.36229,Muğla
650,48,651,DALAMAN,36.77187,28.797701,36.788681,28.822956,36.749726,28.791959,Muğla
651,48,652,DATÇA,36.7283,27.6869,36.7343211,27.690256,36.721859,27.673632,Muğla
652,48,653,FETHİYE,36.6513889,29.1230556,36.700104,29.180282,36.604737,29.083736,Muğla
653,48,654,KAVAKLIDERE,37.4469444,28.3633333,37.4531311,28.374162,37.440669,28.356038,Muğla
654,48,655,KÖYCEĞİZ,36.97126,28.688841,36.986579,28.704129,36.955662,28.673127,Muğla
655,48,656,MARMARİS,36.863411,28.27504,36.8723376,28.2910474,36.8544833,28.2590326,Muğla
656,48,657,MİLAS,37.3127778,27.7819444,37.332091,27.793649,37.284217,27.766311,Muğla
657,48,658,MUĞLA,37.2152778,28.3636111,37.22581,28.414498,37.194651,28.341279,Muğla
658,48,659,ORTACA,36.8377778,28.7661111,36.844137,28.775258,36.833008,28.760242,Muğla
659,48,660,ULA,37.1027778,28.4166667,37.1139961,28.42824,37.101534,28.410198,Muğla
660,48,661,YATAĞAN,37.3405556,28.1402778,37.35253,28.161918,37.330368,28.120863,Muğla
661,49,662,BULANIK,39.095,42.2666667,39.103336,42.298301,39.086209,42.252914,Muş
662,49,663,HASKÖY,38.6863889,41.6936111,38.690877,41.699361,38.682323,41.68894,Muş
663,49,664,KORKUT,38.7442482,41.7839287,38.7487311,41.793324,38.736269,41.774876,Muş
664,49,665,MALAZGİRT,39.150051,42.5541,39.158889,42.558387,39.130303,42.529646,Muş
665,49,666,MUŞ,38.7432926,41.5064823,38.783503,41.540625,38.718224,41.472306,Muş
666,49,667,VARTO,39.1694444,41.4541667,39.1767311,41.46358,39.164269,41.44502,Muş
667,50,668,ACIGÖL,38.5528906,34.5057525,38.5584311,34.5174,38.545969,34.499,Nevşehir
668,50,669,AVANOS,38.71973,34.855259,38.723085,34.866631,38.703082,34.835082,Nevşehir
669,50,670,DERİNKUYU,38.373451,34.739479,38.3797311,34.743777,38.367269,34.725423,Nevşehir
670,50,671,GÜLŞEHİR,38.743031,34.62608,38.7479311,34.630924,38.735469,34.612476,Nevşehir
671,50,672,HACIBEKTAŞ,38.9674447,34.6414028,39.181484,34.794917,38.850345,34.400683,Nevşehir
672,50,673,KOZAKLI,39.2165516,34.8486199,39.2233311,34.860086,39.210869,34.841514,Nevşehir
673,50,674,NEVŞEHİR,38.62442,34.723969,38.684107,34.764759,38.589047,34.669752,Nevşehir
674,50,675,ÜRGÜP,38.5520179,34.994751,38.756394,35.155575,38.409734,34.781488,Nevşehir
675,51,676,ALTUNHİSAR,38.0,34.3666667,38.0034311,34.38033,37.990969,34.36207,Niğde
676,51,677,BOR,37.8833333,34.55,37.923539,34.588225,37.85247,34.54898,Niğde
677,51,678,ÇAMARDI,37.8320289,34.9864861,37.8379311,34.993609,37.825469,34.975391,Niğde
678,51,679,ÇİFTLİK(ÖZYURT),37.9606454,34.8582778,37.965177,34.865003,37.956623,34.854686,Niğde
679,51,680,NİĞDE,37.9666667,34.6833333,37.979913,34.691585,37.956992,34.661906,Niğde
680,51,681,ULUKIŞLA,37.5457881,34.4835855,37.555214,34.504384,37.539715,34.470417,Niğde
681,52,682,AKKUŞ,40.7930556,37.0163889,40.7968311,37.027403,40.784369,37.008397,Ordu
682,52,683,AYBASTI,40.6821551,37.3943332,40.686536,37.402751,40.679925,37.386222,Ordu
683,52,684,ÇAMAŞ,40.898991,37.530029,40.9057311,37.538318,40.893269,37.519282,Ordu
684,52,685,ÇATALPINAR,41.1060496,37.2516661,41.110377,37.256468,41.101823,37.245672,Ordu
685,52,686,ÇAYBAŞI,41.0185714,37.0975924,41.0243311,37.108936,41.011869,37.089864,Ordu
686,52,687,FATSA,41.0333333,37.5,41.048491,37.524806,41.023653,37.478414,Ordu
687,52,688,GÖLKÖY,40.6875,37.6177778,40.689812,37.621736,40.684499,37.60936,Ordu
688,52,689,GÜLYALI,40.9621093,38.0549015,40.970466,38.070345,40.955621,38.044994,Ordu
689,52,690,GÜRGENTEPE,40.7883333,37.6016667,40.792661,37.606192,40.783454,37.596288,Ordu
690,52,691,İKİZCE,41.0583333,37.0802778,41.063077,37.088863,41.049123,37.072046,Ordu
691,52,692,KABADÜZ(KARADÜZ),40.9833333,37.8833333,41.02034,37.978976,40.931631,37.825992,Ordu
692,52,693,KABATAŞ,40.75,37.45,40.7587311,37.461297,40.746269,37.442303,Ordu
693,52,694,KORGAN,40.8247222,37.3466667,40.8361311,37.353708,40.823669,37.334692,Ordu
694,52,695,KUMRU,40.8744444,37.2638889,40.8794311,37.270715,40.866969,37.251685,Ordu
695,52,696,MESUDİYE,40.46294,37.770821,40.4685311,37.780056,40.456069,37.761144,Ordu
696,52,697,ORDU,40.9833333,37.8833333,41.02034,37.978976,40.931631,37.825992,Ordu
697,52,698,PERŞEMBE,41.0655556,37.7713889,41.07532,37.781435,41.054049,37.770223,Ordu
698,52,699,ULUBEY,40.8710156,37.7576239,40.8790311,37.766815,40.866569,37.747785,Ordu
699,52,700,ÜNYE,41.127831,37.287189,41.135096,37.29677,41.118486,37.275759,Ordu
700,53,701,ARDEŞEN,41.1878114,40.9706691,41.199308,41.002296,41.182772,40.963518,Rize
701,53,702,ÇAMLIHEMŞİN,41.0464845,41.0048663,41.0514311,41.014139,41.038969,40.995061,Rize
702,53,703,ÇAYELİ,41.089451,40.736488,41.104165,40.740708,41.081499,40.711906,Rize
703,53,704,DEREPAZARI,41.0225849,40.4253555,41.028305,40.435536,41.018269,40.416464,Rize
704,53,705,FINDIKLI,40.9074057,40.4664602,40.911841,40.471294,40.903287,40.460531,Rize
705,53,706,GÜNEYSU,40.9717875,40.6136749,40.9786311,40.621929,40.966169,40.602871,Rize
706,53,707,HEMŞİN,41.05,40.9,41.0573311,40.90994,41.044869,40.89086,Rize
707,53,708,İKİZDERE,40.7818686,40.5533405,40.7899311,40.562202,40.777469,40.543198,Rize
708,53,709,İYİDERE,41.0119444,40.3619444,41.018417,40.376043,41.005955,40.357731,Rize
709,53,710,KALKANDERE,40.9285479,40.4430798,40.9349311,40.451323,40.922469,40.432277,Rize
710,53,711,PAZAR,41.180043,40.8914022,41.184214,40.917256,41.170425,40.872469,Rize
711,53,712,RİZE,41.02005,40.523449,41.046492,40.586802,41.010782,40.478578,Rize
712,54,713,ADAPAZARI,40.788855,30.405954,40.7973024,30.4219614,40.7804065,30.3899466,Sakarya
713,54,714,AKYAZI,40.6833333,30.6252778,40.698307,30.634661,40.673058,30.611957,Sakarya
714,54,715,ARİFİYE,40.714541,30.362375,40.7229979,30.3783824,40.7060831,30.3463676,Sakarya
715,54,716,ERENLER,40.7568793,30.378138,40.825518,30.439832,40.686199,30.322138,Sakarya
716,54,717,FERİZLİ,40.939719,30.4885735,40.9454311,30.498524,40.932969,30.479476,Sakarya
717,54,718,GEYVE,40.519299,30.30188,40.524531,30.307957,40.495559,30.281047,Sakarya
718,54,719,HENDEK,40.805099,30.7493,40.818117,30.764436,40.795862,30.737655,Sakarya
719,54,720,KARAPÜRÇEK,40.6425,30.5386,40.6480311,30.548982,40.635569,30.530018,Sakarya
720,54,721,KARASU,41.1036111,30.6936111,41.115638,30.719166,41.084488,30.67339,Sakarya
721,54,722,KAYNARCA,41.03466,30.31016,41.0395311,30.317238,41.027069,30.298162,Sakarya
722,54,723,KOCAALİ,41.0547222,30.8502778,41.061812,30.860051,41.041857,30.838277,Sakarya
723,54,724,PAMUKOVA,40.5052701,30.1675902,40.5131311,30.176762,40.500669,30.157838,Sakarya
724,54,725,SAPANCA,40.690541,30.263447,40.703738,30.298961,40.675507,30.227529,Sakarya
725,54,726,SERDİVAN,40.7568793,30.378138,40.825518,30.439832,40.686199,30.322138,Sakarya
726,54,727,SÖĞÜTLÜ,40.9036993,30.4690975,40.9096311,30.481219,40.897169,30.462181,Sakarya
727,54,728,TARAKLI,40.3969444,30.4927778,40.4038311,30.501847,40.391369,30.482953,Sakarya
728,55,729,ALAÇAM,41.6169185,35.6054166,41.623125,35.616436,41.602108,35.595731,Samsun
729,55,730,ASARCIK,41.0418153,36.230204,41.0456311,36.240839,41.033169,36.221761,Samsun
730,55,731,ATAKUM,41.292782,36.33128,41.344134,36.381205,41.235002,36.249519,Samsun
731,55,732,AYVACIK,40.987041,36.63142,40.9965311,36.642732,40.984069,36.623668,Samsun
732,55,733,BAFRA,41.565418,35.895241,41.572386,35.921282,41.545904,35.878286,Samsun
733,55,734,CANİK,41.292782,36.33128,41.344134,36.381205,41.235002,36.249519,Samsun
734,55,735,ÇARŞAMBA,41.198959,36.726891,41.205377,36.737596,41.187479,36.708887,Samsun
735,55,736,HAVZA,40.97044,35.662601,40.977347,35.670778,40.964972,35.651552,Samsun
736,55,737,İLKADIM,41.292782,36.33128,41.344134,36.381205,41.235002,36.249519,Samsun
737,55,738,KAVAK,41.0736111,36.0402778,41.0857311,36.051644,41.073269,36.032556,Samsun
738,55,739,LADİK,40.9105556,35.8919444,40.9164311,35.90212,40.903969,35.88308,Samsun
739,55,740,ONDOKUZMAYIS(BALLICA),41.5,36.083333,41.5083563,36.0993404,41.4916426,36.0673256,Samsun
740,55,741,SALIPAZARI,41.0805525,36.8266328,41.0883311,36.837245,41.075869,36.818155,Samsun
741,55,742,TEKKEKÖY,41.2125,36.4569444,41.248696,36.485108,41.196183,36.435622,Samsun
742,55,743,TERME,41.209209,36.97065,41.214628,36.977999,41.19824,36.961721,Samsun
743,55,744,VEZİRKÖPRÜ,41.145081,35.45726,41.153204,35.47132,41.134288,35.437973,Samsun
744,55,745,YAKAKENT,41.633103,35.5322627,41.6391311,35.539326,41.626669,35.520074,Samsun
745,56,746,AYDINLAR,37.9503262,42.0150889,37.9571311,42.022524,37.944669,42.004276,Siirt
746,56,747,BAYKAN,38.1638889,41.7847222,38.1700311,41.793851,38.157569,41.775549,Siirt
747,56,748,ERUH,37.75,42.1833333,37.7559231,42.188899,37.743461,42.170701,Siirt
748,56,749,KURTALAN,37.92662,41.6947573,37.937935,41.709462,37.914717,41.672516,Siirt
749,56,750,PERVARİ,37.9309505,42.5465358,37.9393311,42.556022,37.926869,42.537778,Siirt
750,56,751,SİİRT,37.94429,41.93288,37.95594,41.963658,37.909671,41.872547,Siirt
751,56,752,ŞİRVAN,38.0633333,42.0275,38.0695311,42.036538,38.057069,42.018262,Siirt
752,57,753,AYANCIK,41.947041,34.59177,41.9510311,34.596773,41.938569,34.577427,Sinop
753,57,754,BOYABAT,41.4666667,34.7666667,41.470816,34.797808,41.45513,34.762775,Sinop
754,57,755,DİKMEN,41.6540491,35.2649916,41.6596311,35.274629,41.647169,35.255371,Sinop
755,57,756,DURAĞAN,41.4219764,35.0549829,41.43507,35.062579,41.412821,35.050182,Sinop
756,57,757,ERFELEK,41.8763569,34.9085152,41.8850311,34.917363,41.872569,34.898037,Sinop
757,57,758,GERZE,41.800411,35.18718,41.806608,35.204058,41.79106,35.177714,Sinop
758,57,759,SARAYDÜZÜ,41.3281618,34.8474633,41.3352311,34.856881,41.322769,34.837719,Sinop
759,57,760,SİNOP,42.0264222,35.1550745,42.032135,35.194947,42.012675,35.115957,Sinop
760,57,761,TÜRKELİ,41.9486111,34.3366667,41.9548311,34.346373,41.942369,34.327027,Sinop
761,58,762,AKINCILAR,40.0803,38.3472,40.0864311,38.356603,40.073969,38.337797,Sivas
762,58,763,ALTINYAYLA,39.272,36.752,39.2788311,36.760294,39.266369,36.741706,Sivas
763,58,764,DİVRİĞİ,39.36586,38.127251,39.386995,38.136278,39.356192,38.112215,Sivas
764,58,765,DOĞANŞAR,40.2166667,37.5333333,40.2218311,37.546022,40.209369,37.527178,Sivas
765,58,766,GEMEREK,39.1852,36.075031,39.192865,36.08631,39.175794,36.058473,Sivas
766,58,767,GÖLOVA,40.0622,38.6094,40.0684311,38.6189,40.055969,38.6001,Sivas
767,58,768,GÜRÜN,38.7225,37.2775,38.7286311,37.286622,38.716169,37.268178,Sivas
768,58,769,HAFİK,39.85,37.3833333,39.8590311,37.393272,39.846569,37.374528,Sivas
769,58,770,İMRANLI,39.8765105,38.1106253,39.8832311,38.123075,39.870769,38.104325,Sivas
770,58,771,KANGAL,39.2333333,37.3833333,39.240961,37.396574,39.227001,37.380843,Sivas
771,58,772,KOYULHİSAR,40.3,37.8333333,40.3116311,37.839934,40.299169,37.821066,Sivas
772,58,773,SİVAS,39.747662,37.017879,39.783669,37.061673,39.699024,36.919858,Sivas
773,58,774,SUŞEHRİ,40.162281,38.095749,40.168265,38.102763,40.156668,38.083448,Sivas
774,58,775,ŞARKIŞLA,39.350948,36.417599,39.365378,36.431399,39.33574,36.383763,Sivas
775,58,776,ULAŞ,39.443829,37.040508,39.4504311,37.051716,39.437969,37.033084,Sivas
776,58,777,YILDIZELİ,39.8666667,36.6,39.873384,36.605731,39.862748,36.584984,Sivas
777,58,778,ZARA,39.895,37.7531,39.900951,37.762691,39.888351,37.740648,Sivas
778,59,779,ÇERKEZKÖY,41.2833333,28.0,41.321411,28.060845,41.237127,27.885687,Tekirdağ
779,59,780,ÇORLU,41.167461,27.805599,41.290929,27.923574,41.104137,27.627493,Tekirdağ
780,59,781,HAYRABOLU,41.2131684,27.1000014,41.2199761,27.112182,41.207514,27.093052,Tekirdağ
781,59,782,MALKARA,40.8933333,26.9041667,40.910458,26.93405,40.880615,26.879965,Tekirdağ
782,59,783,MARMARAEREĞLİSİ,40.97,27.955,41.014195,27.986442,40.962104,27.914327,Tekirdağ
783,59,784,MURATLI,41.174049,27.508789,41.189383,27.521804,41.152069,27.482544,Tekirdağ
784,59,785,SARAY,41.4425419,27.921971,41.454702,27.935554,41.433793,27.910423,Tekirdağ
785,59,786,ŞARKÖY,40.61343,27.11357,40.619378,27.148773,40.60721,27.096062,Tekirdağ
786,59,787,TEKİRDAĞ,40.9833333,27.5166667,40.996723,27.600252,40.937704,27.468993,Tekirdağ
787,60,788,ALMUS,40.3757197,36.9044104,40.3817311,36.913144,40.369269,36.894256,Tokat
788,60,789,ARTOVA,40.115426,36.3041552,40.1238311,36.312608,40.111369,36.293792,Tokat
789,60,790,BAŞÇİFTLİK,40.55,37.166667,40.5529311,37.177468,40.540469,37.158532,Tokat
790,60,791,ERBAA,40.6666667,36.5666667,40.676623,36.580126,40.654753,36.55459,Tokat
791,60,792,NİKSAR,40.590542,36.953602,40.594312,36.968798,40.581823,36.941614,Tokat
792,60,793,PAZAR,40.2776877,36.2876219,40.2858311,36.297231,40.273369,36.278369,Tokat
793,60,794,REŞADİYE,40.2076,35.685421,40.210277,35.688188,40.201723,35.677537,Tokat
794,60,795,SULUSARAY,39.9965587,36.084759,40.0025311,36.091291,39.990069,36.072509,Tokat
795,60,796,TOKAT,40.3166667,36.55,40.358932,36.593219,40.267868,36.469662,Tokat
796,60,797,TURHAL,40.38546,36.074322,40.388472,36.094465,40.374296,36.055845,Tokat
797,60,798,YEŞİLYURT,40.0103794,36.2163407,40.0161311,36.228493,40.003669,36.209707,Tokat
798,60,799,ZİLE,40.3,35.8833333,40.311949,35.905212,40.289017,35.864887,Tokat
799,61,800,AKÇAABAT,41.0166667,39.5833333,41.03345,39.622511,41.006678,39.559405,Trabzon
800,61,801,ARAKLI,40.9391608,40.0550396,40.941341,40.057668,40.937459,40.051732,Trabzon
801,61,802,ARSİN,40.9532923,39.925555,40.954552,39.928155,40.952275,39.923645,Trabzon
802,61,803,BEŞİKDÜZÜ,41.0494444,39.2352778,41.057772,39.247788,41.04719,39.220974,Trabzon
803,61,804,ÇARŞIBAŞI,41.083333,39.383333,41.0860671,39.392417,41.073605,39.373327,Trabzon
804,61,805,ÇAYKARA,40.7520752,40.2449213,40.7579311,40.251697,40.745469,40.232703,Trabzon
805,61,806,DERNEKPAZARI,40.8019387,40.2448097,40.8085311,40.256604,40.796069,40.237596,Trabzon
806,61,807,DÜZKÖY,40.8759072,39.4272206,40.8802311,39.435515,40.867769,39.416485,Trabzon
807,61,808,HAYRAT,40.8902322,40.3676217,40.8955311,40.375917,40.883069,40.356883,Trabzon
808,61,809,KÖPRÜBAŞI,40.8081526,40.1225939,40.8151311,40.131505,40.802669,40.112495,Trabzon
809,61,810,MAÇKA,40.8166667,39.6166667,40.8217311,39.623106,40.809269,39.604094,Trabzon
810,61,811,OF,40.9454046,40.269028,40.957219,40.285104,40.935887,40.253495,Trabzon
811,61,812,SÜRMENE,40.9127386,40.1109783,40.9187311,40.12092,40.906269,40.10188,Trabzon
812,61,813,ŞALPAZARI,40.9418571,39.1910715,40.9483311,39.204025,40.935869,39.184975,Trabzon
813,61,814,TONYA,40.8854019,39.2924269,40.88834,39.295234,40.882877,39.288733,Trabzon
814,61,815,TRABZON,41.0,39.7333333,41.01237,39.82051,40.955736,39.652407,Trabzon
815,61,816,VAKFIKEBİR,41.0474944,39.2798028,41.049393,39.28474,41.042924,39.26651,Trabzon
816,61,817,YOMRA,40.954281,39.8651406,40.956053,39.868274,40.952947,39.863526,Trabzon
817,62,818,ÇEMİŞGEZEK,39.0636111,38.9133333,39.0699311,38.922566,39.057469,38.904034,Tunceli
818,62,819,HOZAT,39.1088889,39.2191667,39.1153311,39.229272,39.102869,39.210728,Tunceli
819,62,820,MAZGİRT,39.0216667,39.6058333,39.0279311,39.615061,39.015469,39.596539,Tunceli
820,62,821,NAZIMİYE,39.1811111,39.8288889,39.1872311,39.838181,39.174769,39.819619,Tunceli
821,62,822,OVACIK,39.3583333,39.2161111,39.3648311,39.225605,39.352369,39.206995,Tunceli
822,62,823,PERTEK,38.8669444,39.3261111,38.8732311,39.33514,38.860769,39.31666,Tunceli
823,62,824,PÜLÜMÜR,39.4833333,39.9,39.4938311,39.908722,39.481369,39.890078,Tunceli
824,62,825,TUNCELİ,39.1079868,39.5401672,39.113477,39.55185,39.094534,39.530015,Tunceli
825,63,826,AKÇAKALE,36.711,38.948,36.72038,38.963481,36.70452,38.930031,Şanlıurfa
826,63,827,BİRECİK,37.025,37.9769444,37.03807,37.989257,37.008047,37.96692,Şanlıurfa
827,63,828,BOZOVA,37.3627778,38.5255556,37.367898,38.536603,37.35822,38.5176,Şanlıurfa
828,63,829,CEYLANPINAR,36.85,40.05,36.863608,40.060081,36.83778,40.039143,Şanlıurfa
829,63,830,HALFETİ,37.25,37.8666667,37.2538311,37.877338,37.241369,37.859262,Şanlıurfa
830,63,831,HARRAN,36.8652394,39.0241756,36.877612,39.042972,36.856352,39.014902,Şanlıurfa
831,63,832,HİLVAN,37.5886111,38.9555556,37.592946,38.967156,37.577416,38.947888,Şanlıurfa
832,63,833,SİVEREK,37.75201,39.332069,37.769327,39.345267,37.731233,39.303232,Şanlıurfa
833,63,834,SURUÇ,36.9746519,38.4245156,36.984196,38.435442,36.967345,38.414713,Şanlıurfa
834,63,835,ŞANLIURFA,37.15,38.8,37.189639,38.840876,37.098274,38.767868,Şanlıurfa
835,63,836,VİRANŞEHİR,37.2333333,39.7666667,37.251186,39.781485,37.223057,39.738082,Şanlıurfa
836,64,837,BANAZ,38.7333333,29.75,38.753088,29.771445,38.729265,29.739099,Uşak
837,64,838,EŞME,38.401871,28.96896,38.412131,28.984522,38.395125,28.958162,Uşak
838,64,839,KARAHALLI,38.325821,29.53051,38.3285311,29.541671,38.316069,29.523329,Uşak
839,64,840,SİVASLI,38.498701,29.6817845,38.5036311,29.689593,38.491169,29.671207,Uşak
840,64,841,ULUBEY,38.4229294,29.2930875,38.4277311,29.299683,38.415269,29.281317,Uşak
841,64,842,UŞAK,38.682301,29.40819,38.71588,29.469838,38.630679,29.355936,Uşak
842,65,843,BAHÇESARAY,38.1286363,42.8092096,38.1348311,42.816646,38.122369,42.798354,Van
843,65,844,BAŞKALE,38.046,44.015,38.053095,44.02816,38.037987,44.009131,Van
844,65,845,ÇALDIRAN,39.1419444,43.9138889,39.145886,43.919028,39.131833,43.896247,Van
845,65,846,ÇATAK,38.0065818,43.0585505,38.0148311,43.068731,38.002369,43.050469,Van
846,65,847,EDREMİT(GÜMÜŞDERE),38.4941667,43.38,38.580314,43.455356,38.42188,43.269524,Van
847,65,848,ERCİŞ,39.0265354,43.353334,39.045976,43.381307,39.016453,43.332497,Van
848,65,849,GEVAŞ,38.2958483,43.10816,38.298902,43.112254,38.293041,43.104137,Van
849,65,850,GÜRPINAR,38.3287875,43.4143197,38.3332311,43.422571,38.320769,43.404229,Van
850,65,851,MURADİYE,38.9947222,43.7680556,38.999408,43.772141,38.978694,43.749304,Van
851,65,852,ÖZALP,38.6580037,43.9919959,38.6645311,43.998513,38.652069,43.980087,Van
852,65,853,SARAY,38.6505556,44.17,38.6567311,44.179312,38.644269,44.160888,Van
853,65,854,VAN,38.4941667,43.38,38.580314,43.455356,38.42188,43.269524,Van
854,66,855,AKDAĞMADENİ,39.6658333,35.8836111,39.670288,35.897998,39.656383,35.872395,Yozgat
855,66,856,AYDINCIK,40.1288432,35.2861824,40.1350311,35.29661,40.122569,35.27779,Yozgat
856,66,857,BOĞAZLIYAN,39.1941667,35.2472222,39.202753,35.262254,39.176078,35.230169,Yozgat
857,66,858,ÇANDIR,39.2447222,35.5138889,39.2494311,35.52539,39.236969,35.50681,Yozgat
858,66,859,ÇAYIRALAN,39.3027778,35.6438889,39.311986,35.661435,39.298483,35.639495,Yozgat
859,66,860,ÇEKEREK,40.0730556,35.4947222,40.076163,35.514017,40.062448,35.487662,Yozgat
860,66,861,KADIŞEHRİ,39.9984928,35.7899202,40.0029311,35.800891,39.990469,35.782109,Yozgat
861,66,862,SARAYKENT,39.6936111,35.5111111,39.7004311,35.52095,39.687969,35.50225,Yozgat
862,66,863,SARIKAYA,39.4936111,35.3769444,39.513721,35.39884,39.475532,35.351849,Yozgat
863,66,864,SORGUN,39.812803,35.181652,39.828694,35.208714,39.796382,35.1515,Yozgat
864,66,865,ŞEFAATLİ,39.5016667,34.7522222,39.514674,34.78002,39.482879,34.737981,Yozgat
865,66,866,YENİFAKILI,39.2114486,34.9975057,39.2156311,35.006485,39.203169,34.987915,Yozgat
866,66,867,YERKÖY,39.6380556,34.4672222,39.651133,34.484588,39.630606,34.452679,Yozgat
867,66,868,YOZGAT,39.82,34.8044444,39.838423,34.858236,39.798968,34.771094,Yozgat
868,67,869,ALAPLI,41.1833333,31.3833333,41.189422,31.405437,41.169914,31.380314,Zonguldak
869,67,870,ÇAYCUMA,41.4333333,32.0833333,41.441374,32.090832,41.416349,32.06756,Zonguldak
870,67,871,DEVREK,41.225201,31.959709,41.227209,31.966657,41.209379,31.945041,Zonguldak
871,67,872,GÖKÇEBEY,41.3079384,32.1415847,41.3136311,32.154078,41.301169,32.134922,Zonguldak
872,67,873,KARADENİZEREĞLİ,41.2894444,31.4180556,41.310671,31.477027,41.239352,31.393262,Zonguldak
873,67,874,ZONGULDAK,41.456409,31.798731,41.480784,31.874425,41.425296,31.757052,Zonguldak
874,68,875,AĞAÇÖREN,38.8722222,33.9172222,38.8746311,33.922941,38.862169,33.904459,Aksaray
875,68,876,AKSARAY,38.36869,34.03698,38.446724,34.088698,38.297012,33.932515,Aksaray
876,68,877,ESKİL,38.4016667,33.4130556,38.409307,33.428031,38.393069,33.398366,Aksaray
877,68,878,GÜLAĞAÇ,38.4,34.35,38.4021311,34.35528,38.389669,34.33692,Aksaray
878,68,879,GÜZELYURT,38.2811386,34.3088255,38.365777,34.46439,38.152291,34.154591,Aksaray
879,68,880,ORTAKÖY,38.7361111,34.0402778,38.756645,34.078831,38.718949,34.017652,Aksaray
880,68,881,SARIYAHŞİ,38.9833333,33.85,38.9911311,33.854856,38.978669,33.836344,Aksaray
881,69,882,AYDINTEPE,40.3908333,40.1505556,40.3970311,40.159946,40.384569,40.141054,Bayburt
882,69,883,BAYBURT,40.255169,40.22488,40.272636,40.238261,40.242881,40.208762,Bayburt
883,69,884,DEMİRÖZÜ,40.1638889,39.8925,40.1700311,39.901814,40.157569,39.882986,Bayburt
884,70,885,AYRANCI,37.3619444,33.6836111,37.3662311,33.698352,37.353769,33.680248,Karaman
885,70,886,BAŞYAYLA,36.7547222,32.6788889,36.7608311,32.68918,36.748369,32.67122,Karaman
886,70,887,ERMENEK,36.6388889,32.8925,36.6466311,32.901066,36.634169,32.883134,Karaman
887,70,888,KARAMAN,37.17593,33.228748,37.229373,33.334244,37.148257,33.166003,Karaman
888,70,889,KAZIMKARABEKİR,37.2302778,32.9588889,37.2340311,32.966136,37.221569,32.948064,Karaman
889,70,890,SARIVELİLER,36.7011654,32.6192672,36.7079311,32.627974,36.695469,32.610026,Karaman
890,71,891,BAHŞİLİ,39.7007427,33.3710571,39.81842,33.480547,39.603999,33.185374,Kırıkkale
891,71,892,BALIŞEYH,39.9166667,33.7166667,39.9185311,33.72918,39.906069,33.71042,Kırıkkale
892,71,893,ÇELEBİ,39.4641936,33.5252068,39.4700311,33.533519,39.457569,33.514881,Kırıkkale
893,71,894,DELİCE,39.9436712,34.0395217,39.9513311,34.049684,39.938869,34.030916,Kırıkkale
894,71,895,KARAKEÇİLİ,39.5944352,33.3794717,39.6003311,33.388237,39.587869,33.369563,Kırıkkale
895,71,896,KESKİN,39.6730556,33.6136111,39.687571,33.621879,39.664885,33.603799,Kırıkkale
896,71,897,KIRIKKALE,39.846821,33.515251,39.872843,33.597968,39.813802,33.468289,Kırıkkale
897,71,898,SULAKYURT,40.1575,33.7175,40.1647311,33.727914,40.152269,33.709086,Kırıkkale
898,71,899,YAHŞİHAN,39.8502778,33.4536111,39.8519311,33.461771,39.839469,33.443029,Kırıkkale
899,72,900,BATMAN,37.881168,41.13509,37.947274,41.17603,37.85657,41.080591,Batman
900,72,901,BEŞİRİ,37.92,41.29,37.92385,41.299966,37.912114,41.279612,Batman
901,72,902,GERCÜŞ,37.5648701,41.3879822,37.5715311,41.395677,37.559069,41.377523,Batman
902,72,903,HASANKEYF,37.7141667,41.4130556,37.714811,41.419833,37.703182,41.401643,Batman
903,72,904,KOZLUK,38.1944444,41.4911111,38.197771,41.511198,38.159687,41.484152,Batman
904,72,905,SASON,38.3333333,41.4166667,38.3362311,41.426071,38.323769,41.407729,Batman
905,73,906,BEYTÜŞŞEBAP,37.570945,43.1711666,37.5773311,43.182277,37.564869,43.164123,Şırnak
906,73,907,CİZRE,37.325,42.1958333,37.344697,42.203755,37.315032,42.174812,Şırnak
907,73,908,GÜÇLÜKONAK,37.4712187,41.9152339,37.4767311,41.922665,37.464269,41.904535,Şırnak
908,73,909,İDİL,37.3416667,41.8902778,37.347978,41.903002,37.332348,41.864835,Şırnak
909,73,910,SİLOPİ,37.2482504,42.4723315,37.259631,42.486633,37.233678,42.446706,Şırnak
910,73,911,ŞIRNAK,37.5163889,42.4611111,37.533572,42.471127,37.500093,42.444631,Şırnak
911,73,912,ULUDERE,37.4497443,42.8527269,37.4543311,42.863162,37.441869,42.845038,Şırnak
912,74,913,AMASRA,41.7451425,32.3846587,41.750707,32.388715,41.74202,32.379379,Bartın
913,74,914,BARTIN,41.6344444,32.3375,41.656542,32.37105,41.613513,32.297457,Bartın
914,74,915,KURUCAŞİLE,41.8419474,32.7160829,41.8476311,32.721538,41.835169,32.706643,Bartın
915,74,916,ULUS,41.5861,32.6406,41.591332,32.659619,41.577782,32.6262,Bartın
916,75,917,ARDAHAN,41.110481,42.702171,41.121467,42.717129,41.09891,42.686418,Ardahan
917,75,918,ÇILDIR,41.133333,43.133333,41.1351311,43.142152,41.122669,43.123048,Ardahan
918,75,919,DAMAL,41.3407232,42.8411894,41.3477311,42.851283,41.335269,42.832117,Ardahan
919,75,920,GÖLE,40.7935279,42.6087212,40.7990311,42.618103,40.786569,42.599097,Ardahan
920,75,921,HANAK,41.2333333,42.85,41.2423311,42.856867,41.229869,42.837733,Ardahan
921,75,922,POSOF,41.5105556,42.7291667,41.5178311,42.738908,41.505369,42.719692,Ardahan
922,76,923,ARALIK,39.8720068,44.5181343,39.8788661,44.527438,39.866404,44.50869,Iğdır
923,76,924,IĞDIR,39.9166667,44.0333333,39.950163,44.092825,39.884109,43.980729,Iğdır
924,76,925,KARAKOYUNLU,39.9715094,44.174307,39.9786311,44.182188,39.966169,44.163412,Iğdır
925,76,926,TUZLUCA,40.045341,43.655891,40.0553311,43.669999,40.042869,43.651201,Iğdır
926,77,927,ALTINOVA,40.6975,29.5113889,40.741463,29.558042,40.658615,29.440484,Yalova
927,77,928,ARMUTLU,40.5194444,28.8280556,40.5261311,28.840864,40.513669,28.821936,Yalova
928,77,929,ÇINARCIK,40.6406111,29.1070773,40.6486311,29.118682,40.636169,29.099718,Yalova
929,77,930,ÇİFTLİKKÖY,40.6602778,29.3236111,40.701986,29.441625,40.637884,29.308973,Yalova
930,77,931,TERMAL,40.6052778,29.1744444,40.6114311,29.184076,40.598969,29.165124,Yalova
931,77,932,YALOVA,40.65,29.2666667,40.66806,29.316536,40.634138,29.210233,Yalova
932,78,933,EFLANİ,41.4230556,32.9561111,41.4302311,32.966695,41.417769,32.947505,Karabük
933,78,934,ESKİPAZAR,40.9430556,32.5305556,40.9507311,32.541725,40.938269,32.522675,Karabük
934,78,935,KARABÜK,41.2,32.6333333,41.238129,32.675518,41.163014,32.592582,Karabük
935,78,936,OVACIK,41.0761111,32.9219444,41.0820311,32.931744,41.069569,32.912656,Karabük
936,78,937,SAFRANBOLU,41.25626,32.69162,41.276993,32.706797,41.235492,32.65346,Karabük
937,78,938,YENİCE,41.2,32.3291667,41.2064311,32.338762,41.193969,32.319638,Karabük
938,79,939,ELBEYLİ,36.6742,37.4658,36.6816311,37.47497,36.669169,37.45703,Kilis
939,79,940,KİLİS,36.718399,37.12122,36.747819,37.159541,36.702673,37.085183,Kilis
940,79,941,MUSABEYLİ,36.8864,36.9186,36.8921311,36.926995,36.879669,36.909005,Kilis
941,79,942,POLATELİ,36.8408774,37.1446201,36.8484311,37.15289,36.835969,37.13491,Kilis
942,80,943,BAHÇE,37.2,36.5833333,37.2123311,36.592533,37.199869,36.574467,Osmaniye
943,80,944,DÜZİÇİ,37.2571437,36.4661914,37.2639311,36.478539,37.251469,36.460461,Osmaniye
944,80,945,HASANBEYLİ,37.1332009,36.5526851,37.1387311,36.562224,37.126269,36.544176,Osmaniye
945,80,946,KADİRLİ,37.3698333,36.1,37.38538,36.120997,37.351955,36.062965,Osmaniye
946,80,947,OSMANİYE,37.06805,36.261589,37.104061,36.287941,37.04694,36.208034,Osmaniye
947,80,948,SUMBAS,37.4431837,36.0322459,37.4501311,36.039462,37.437669,36.021338,Osmaniye
948,80,949,TOPRAKKALE,37.0670174,36.1463934,37.0739311,36.157017,37.061469,36.138983,Osmaniye
949,81,950,AKÇAKOCA,41.08593,31.120041,41.092209,31.151355,41.077696,31.100381,Düzce
950,81,951,CUMAYERİ,40.8738707,30.9490568,40.8811311,30.960815,40.868669,30.941785,Düzce
951,81,952,ÇİLİMLİ,40.896897,31.047014,40.9016311,31.057918,40.889169,31.038882,Düzce
952,81,953,DÜZCE,40.843849,31.15654,40.891762,31.195807,40.824717,31.106662,Düzce
953,81,954,GÖLYAKA,40.7765786,30.995727,40.7831311,31.008601,40.770669,30.989599,Düzce
954,81,955,GÜMÜŞOVA,40.85,30.9333333,40.8536311,30.949511,40.841169,30.930489,Düzce
955,81,956,KAYNAŞLI,40.7773367,31.3032669,40.7819311,31.314301,40.769469,31.295299,Düzce
956,81,957,YIĞILCA,40.965939,31.442419,40.9668311,31.451527,40.954369,31.432473,Düzce
