Tarih,Gıda,Antep Fıstığı,Armut,Ay Çekirdeği,Ayran,Ayva,Ayçiçek Yağı,Badem İçi,Baharat,Baklava,Bal,Balık,Bebek Sütü (Toz Karışım),Beyaz Lahana,Beyaz Peynir,Bisküvi,Bitki ve Meyve Çayı (Poşet),Bulgur,Buğday Unu,Ceviz İçi,Cipsler,Dana Eti,Dereotu,Dolmalık Biber,Domates,Dondurma,Ekmek,Ekmek Hamuru (Yufka),Elma,Fındık Ezmesi,Fındık İçi,Gazoz Meyveli,Gofret,Havuç,Hazır Et Yemekleri,Hazır Kahve,Hazır Pakette Toz Tatlılar (Puding),Hazır Sütlü Tatlılar,Hazır Çorbalar,Ispanak,Kabak,Kabak Çekirdeği,Kabartma Maddeleri,Kahve,Kakao,Kakaolu Toz İçecekler,Karnabahar,Karpuz,Kavun,Kağıtlı Şeker,Kaşar Peyniri,Kek,Kesme Şeker,Ketçap,Kivi,Kola,Konserve Balık,Konserveler,Kraker,Krem Peynir,Kuru Fasulye,Kuru Kayısı,Kuru Soğan,Kuru Üzüm,Kuzu Eti,Kırmızı Lahana,Kırmızı Turp,Kıvırcık,Leblebi,Limon,Lokum,Maden Suyu ve Sodası,Makarna,Mandalina,Mantar,Margarin,Maydanoz,Mayonez,Mercimek,Meyve Suyu,Muz,Nane,Nar,Nohut,Pasta,Patates,Patlıcan,Pekmez,Pirinç,Portakal,Pırasa,Reçel,Roka,Sakatat,Sakız,Salam,Salatalık,Salça,Sarımsak,Sirke,Sivri Biber,Sosis,Soğuk Çay,Su,Sucuk,Süt,Tahin,Tahin Helvası,Tahıl Gevreği,Tavuk Eti,Taze Fasulye,Tereyağı (Kahvaltılık),Toz Şeker,Tulum Peyniri,Turşu,Tuz,Yer Fıstığı,Yoğurt,Yumurta,Zeytin,Zeytinyağı,Çarliston Biber,Çay,Çikolata Krem,Çikolata Tablet,Çilek,Üzüm,Şeftali,Şehriye
2024-10-11,99.91,100.1,99.65,100.0,99.96,97.93,99.67,99.97,99.97,100.02,100.05,100.2,99.92,103.26,99.78,100.15,100.01,99.95,99.93,99.71,100.12,99.78,99.43,99.97,99.54,100.08,100.01,100.02,99.89,99.92,99.81,99.86,100.05,100.03,99.85,99.98,100.05,99.85,100.43,98.38,101.59,99.96,100.0,100.03,99.99,99.93,98.7,100.0,101.1,99.71,99.94,99.95,99.79,99.97,99.95,99.84,100.05,99.83,100.0,99.71,99.86,99.79,100.96,100.0,99.7,98.05,99.98,98.18,99.82,99.51,99.96,100.02,99.82,100.3,100.05,100.21,99.95,99.94,100.04,99.75,100.0,100.08,100.29,100.08,99.94,100.2,96.92,99.91,99.85,99.8,102.59,99.73,99.48,99.64,100.02,99.6,100.16,100.07,100.0,100.14,99.93,100.05,99.8,99.94,100.1,100.04,99.58,100.11,99.7,100.34,100.1,99.96,99.75,100.09,100.09,100.04,100.04,99.88,99.94,100.05,100.02,100.83,99.69,99.96,99.81,100.0,99.99,100.0,99.88
2024-10-12,100.13,99.94,99.8,100.1,99.94,97.79,100.21,99.11,99.96,100.04,100.18,99.47,99.92,102.58,99.8,100.52,100.2,100.26,100.0,99.79,100.46,100.29,99.92,98.4,101.26,100.01,99.97,100.96,99.74,99.98,99.98,99.9,100.1,100.16,99.94,100.1,100.02,99.78,100.68,99.03,100.72,99.96,100.0,99.89,99.97,99.99,95.22,100.0,98.33,99.64,99.92,100.04,99.81,100.06,99.89,99.84,100.13,99.81,100.15,99.64,100.17,99.82,101.66,99.74,100.01,100.47,100.0,97.95,99.92,98.96,99.97,100.02,99.82,99.82,100.52,99.83,97.13,99.86,100.04,99.8,100.0,100.03,99.67,100.18,99.97,99.94,110.01,99.83,100.11,100.65,102.0,99.64,99.74,100.27,100.01,99.85,100.42,99.94,100.0,99.76,100.33,99.92,99.91,99.76,100.04,100.29,99.72,100.04,99.75,100.25,100.13,99.96,99.9,100.1,99.85,100.02,100.52,99.87,99.85,100.06,100.06,104.07,99.79,99.95,99.68,100.0,100.0,100.0,99.91
2024-10-13,100.17,99.97,99.73,100.11,100.06,97.66,100.55,99.18,99.97,100.14,100.27,99.63,99.96,102.4,99.95,100.74,100.31,100.57,100.06,99.93,100.48,99.87,100.41,97.91,101.3,99.97,100.01,100.98,100.16,100.05,100.08,100.09,100.31,100.28,100.12,100.09,100.02,99.78,100.06,99.68,100.25,99.96,100.0,99.97,100.01,99.97,95.8,100.0,98.73,99.99,100.02,100.26,99.97,99.96,99.81,100.13,100.19,99.94,100.27,99.6,100.14,99.91,101.79,99.74,100.12,103.18,100.01,98.88,99.98,99.04,99.99,100.1,99.93,100.21,101.14,99.96,97.67,99.87,100.23,99.92,100.0,99.95,99.42,100.25,100.04,100.52,111.66,99.92,100.3,100.88,101.4,100.02,100.01,100.45,100.0,99.88,99.16,99.98,100.0,99.9,100.72,99.89,100.05,99.77,99.93,100.34,99.86,99.97,100.07,100.24,100.12,99.97,100.12,99.95,100.12,100.17,100.55,99.99,99.98,100.07,100.02,104.25,99.89,100.09,99.95,100.0,100.01,100.0,99.94
2024-10-14,100.58,100.07,100.34,100.05,100.05,103.3,101.43,99.0,100.0,99.95,100.34,99.61,100.0,77.67,100.1,102.51,100.9,103.74,100.0,100.42,100.46,100.06,100.9,98.71,104.35,99.96,100.9,101.0,100.3,100.13,100.14,100.14,101.95,100.7,99.99,100.98,100.04,99.84,99.46,100.32,100.17,99.95,100.0,99.97,100.05,99.47,92.33,100.0,99.91,100.18,100.11,101.88,100.09,99.98,96.84,100.16,99.98,100.14,101.95,99.76,101.36,100.11,100.99,99.74,100.35,104.62,100.03,100.08,99.99,99.1,100.0,100.1,100.01,97.9,103.46,99.84,104.07,99.94,101.47,100.06,100.0,99.9,99.6,103.24,100.21,100.79,113.31,100.02,103.7,101.3,100.8,102.44,100.27,100.37,99.99,99.59,100.24,100.03,100.0,100.71,101.12,99.71,100.19,100.11,98.74,100.73,100.01,100.0,100.86,100.62,99.89,99.9,100.2,99.96,101.42,101.56,100.58,100.54,99.99,100.27,99.88,102.69,100.02,100.09,100.73,100.0,100.06,100.02,100.06
2024-10-15,100.74,100.12,100.33,100.03,99.89,104.13,101.56,99.14,100.03,99.97,100.68,99.88,100.03,73.98,100.27,102.65,100.68,104.08,100.04,99.38,100.59,99.81,99.99,99.76,116.39,99.94,100.96,101.02,100.21,100.27,99.98,100.1,101.85,100.35,100.17,100.9,100.02,99.89,99.51,101.08,100.23,100.25,100.0,100.0,100.08,99.44,92.9,100.0,100.15,100.24,100.21,102.17,100.14,99.98,96.78,100.04,100.04,100.08,101.78,100.05,101.43,100.19,98.1,99.75,100.31,100.73,100.05,101.28,100.04,98.57,100.01,99.92,98.89,98.46,102.93,100.02,86.74,100.03,101.69,100.17,100.0,99.91,99.96,103.32,100.29,100.93,116.23,100.07,103.66,101.97,97.08,102.89,100.53,100.01,99.89,99.74,95.37,99.69,100.0,100.8,99.01,99.72,99.73,100.32,98.71,100.92,100.15,100.01,102.19,100.35,100.2,99.79,99.92,99.97,101.49,101.68,100.6,100.62,99.76,100.33,99.95,102.87,100.07,99.97,100.65,100.0,100.41,100.02,99.85
2024-10-16,100.82,99.97,99.85,99.53,99.97,101.11,102.16,99.15,100.05,99.99,101.48,100.6,100.07,78.81,100.24,103.41,101.04,104.51,99.92,99.4,100.71,99.82,100.48,96.91,117.73,99.59,101.05,101.06,102.76,100.85,100.1,100.24,102.26,99.18,100.02,100.9,99.99,99.37,99.55,100.88,97.98,99.95,100.0,100.14,100.12,99.44,93.47,100.0,100.62,100.19,100.21,104.15,100.17,100.13,96.73,101.14,99.76,100.32,102.49,100.55,101.45,100.28,95.98,99.75,99.96,97.63,99.97,102.19,100.1,98.65,100.03,99.87,98.96,99.5,100.38,100.13,87.7,100.17,102.05,100.09,100.0,99.99,100.38,103.36,100.35,100.04,114.44,100.79,103.75,100.81,96.48,103.71,100.79,99.77,99.22,99.47,88.34,100.89,100.0,100.94,99.4,99.78,100.46,100.65,98.76,101.09,100.29,100.09,102.91,100.72,99.77,100.03,100.43,99.92,101.47,101.96,100.63,100.62,99.59,100.37,100.0,103.05,100.23,100.74,103.47,100.0,100.48,100.02,99.97
2024-10-17,100.85,99.84,100.29,99.1,99.8,98.08,102.4,99.22,100.01,99.9,101.8,100.15,100.1,81.14,100.37,103.63,101.15,104.12,100.05,99.95,100.72,99.28,98.88,96.3,118.49,99.19,101.27,101.27,103.03,100.9,99.91,100.68,102.41,99.3,99.92,101.04,99.86,99.33,100.3,100.62,98.96,99.96,100.0,101.28,99.79,99.46,91.29,100.0,101.16,100.51,100.29,104.45,100.03,99.97,96.67,101.21,99.8,100.34,102.7,100.47,100.72,99.9,96.15,99.75,99.74,95.38,99.96,101.43,100.15,98.74,100.04,99.98,98.98,99.68,103.82,100.09,83.66,100.19,102.12,100.04,100.0,100.11,100.66,102.91,100.32,100.19,113.34,100.8,103.19,100.31,99.64,103.78,99.18,99.48,99.12,99.41,88.94,100.77,100.0,101.25,99.48,99.85,100.37,100.79,98.9,101.15,100.39,99.78,102.97,100.42,99.79,100.03,100.09,100.02,101.55,102.28,100.66,100.6,99.48,100.31,100.07,103.23,100.64,100.79,103.8,100.0,100.71,100.02,100.4
2024-10-18,100.09,100.1,99.64,99.45,99.74,97.93,102.89,99.1,99.97,100.02,101.23,101.73,99.92,91.24,99.58,103.63,101.08,104.29,100.3,100.08,100.41,98.95,99.43,89.73,97.16,99.2,101.05,101.07,102.92,100.96,99.81,100.06,102.09,100.03,99.85,100.96,100.05,98.93,98.26,98.38,93.16,99.96,100.0,101.31,99.99,99.35,90.45,100.0,101.11,99.85,99.94,104.76,100.32,100.02,96.61,100.76,100.02,99.98,101.58,99.91,101.14,99.79,95.61,99.75,99.77,97.92,99.98,98.21,99.82,97.03,99.96,100.02,98.93,100.3,105.54,100.16,83.36,99.94,102.19,99.53,100.0,100.13,100.34,103.41,100.22,101.5,101.77,100.59,103.42,100.76,102.59,103.24,99.48,99.64,99.15,98.34,88.59,100.89,100.0,101.01,99.93,99.31,100.15,100.72,98.52,100.86,99.58,100.11,102.65,100.4,100.1,99.97,100.58,100.09,101.96,102.35,100.63,100.41,99.93,100.02,100.02,98.15,100.03,100.75,103.62,100.0,100.74,100.02,101.31
2024-10-19,100.08,99.94,99.81,99.55,99.73,97.79,103.06,100.85,99.96,100.04,101.15,101.75,99.92,102.58,99.6,103.57,101.0,104.63,100.37,100.39,100.15,98.6,99.92,88.66,96.93,99.5,101.01,100.96,102.77,101.03,99.98,100.1,102.29,100.16,99.94,101.03,100.03,98.85,97.75,99.03,91.97,99.96,100.0,102.12,99.97,99.42,90.61,100.0,97.97,99.81,99.92,104.87,100.66,100.06,96.56,100.81,100.13,99.95,101.84,99.9,100.3,99.83,96.31,101.98,99.54,100.49,100.0,97.9,99.92,96.48,99.97,100.02,98.94,99.82,106.1,99.77,80.54,99.85,102.29,99.65,100.0,100.05,99.64,103.29,100.25,101.61,97.13,100.51,103.26,100.65,102.0,103.16,99.74,98.52,99.15,97.51,90.41,100.73,100.0,100.63,100.33,99.15,100.43,100.82,98.49,100.7,99.72,100.04,102.81,100.3,100.13,99.96,100.73,100.1,101.71,102.34,100.52,100.45,99.95,99.99,100.06,97.9,100.13,100.74,106.5,100.0,100.75,100.02,101.34
2024-10-20,100.22,99.97,99.72,99.56,99.84,97.66,103.39,100.92,99.97,100.14,101.24,101.91,99.96,102.4,99.76,103.67,101.11,104.48,100.44,100.53,100.14,98.93,100.41,88.17,96.98,99.47,101.05,100.98,103.2,101.11,100.08,100.29,102.54,100.28,100.12,101.02,100.03,99.23,97.13,99.68,91.54,99.96,100.0,102.21,100.01,99.4,91.19,100.0,98.38,99.99,100.02,105.02,100.83,100.01,96.47,101.1,100.19,100.08,101.96,100.23,101.14,99.91,96.44,101.98,99.87,103.11,100.01,98.9,99.98,96.56,99.99,100.1,99.05,100.21,106.44,99.85,81.08,99.87,102.39,99.77,100.0,99.94,99.41,103.36,100.32,102.19,98.78,100.6,103.43,100.88,101.4,103.46,100.01,98.7,99.13,97.66,91.13,100.78,100.0,100.77,100.72,99.15,100.57,101.05,98.31,100.52,99.86,99.97,102.98,100.29,100.12,99.98,100.95,99.95,101.75,102.43,100.55,100.59,100.09,99.99,100.02,98.08,100.23,100.59,106.78,100.0,100.77,100.02,101.37
2024-10-21,100.27,100.07,100.35,99.5,99.66,103.3,103.34,100.74,100.0,101.11,101.31,102.4,100.0,105.73,99.97,103.36,101.16,104.07,100.38,100.42,100.11,98.92,100.9,83.95,96.64,99.46,100.85,101.0,103.33,101.19,100.14,100.55,102.52,100.7,102.54,100.96,100.05,99.28,99.46,100.32,91.42,99.95,100.0,102.21,100.05,99.47,92.33,100.0,99.57,100.01,100.11,104.77,100.95,100.03,96.84,101.73,101.18,100.12,101.62,100.28,100.86,99.27,95.64,101.98,100.0,104.9,100.03,100.08,99.99,96.63,100.0,100.1,99.13,99.97,105.95,99.72,80.79,99.95,102.11,100.1,100.0,99.88,99.6,103.02,100.68,102.46,100.43,100.7,103.0,101.3,100.8,103.43,100.27,98.62,99.11,97.75,90.23,100.83,100.0,100.71,101.12,99.21,100.72,100.99,98.64,101.15,100.01,100.0,103.09,100.27,99.89,99.99,101.03,99.96,101.69,102.22,100.58,100.5,100.1,100.17,99.88,99.34,100.35,100.59,106.98,100.0,100.8,100.02,101.49
2024-10-22,100.57,100.12,100.34,99.48,99.64,104.13,103.46,100.69,100.03,101.13,101.66,103.37,100.03,102.04,100.12,103.53,101.22,104.37,100.41,100.58,100.12,99.3,99.99,83.83,98.58,99.44,101.11,101.02,103.24,101.23,101.88,101.02,102.92,100.35,102.72,100.79,99.9,99.21,99.51,101.08,92.04,98.25,100.0,102.25,100.08,99.44,92.9,100.0,99.81,100.09,100.21,105.37,100.99,100.3,96.78,101.92,101.53,100.22,102.58,99.98,100.93,99.36,102.47,101.98,101.25,100.57,100.05,101.26,100.02,92.37,100.01,99.92,99.2,102.91,107.27,99.9,86.74,100.02,102.2,100.27,100.0,99.88,99.96,103.09,100.76,102.6,101.12,100.75,103.23,101.97,97.08,103.76,100.53,100.01,99.06,97.72,93.29,100.94,100.0,100.8,99.01,99.24,100.25,101.2,98.43,101.25,100.15,100.01,102.57,100.3,96.87,100.06,101.05,99.97,101.78,102.5,100.6,100.63,99.87,100.22,99.95,99.52,100.41,102.01,107.53,100.0,100.73,100.02,101.28
2024-10-23,100.77,99.97,99.84,99.8,99.99,101.11,104.48,100.89,100.06,101.15,101.62,104.15,100.07,90.84,100.36,103.42,101.31,104.45,100.3,100.6,100.23,99.29,100.48,85.25,97.0,100.24,101.43,101.06,102.76,100.95,102.0,101.06,103.0,99.18,102.56,100.89,99.88,99.41,99.55,100.88,97.07,99.95,100.0,102.36,100.12,99.44,93.47,100.0,100.95,100.42,100.73,105.04,101.04,100.44,96.73,101.69,101.28,100.42,102.21,100.1,100.95,99.45,104.07,101.98,100.9,97.74,99.97,102.2,100.1,92.45,100.03,99.87,99.28,101.88,109.94,100.13,87.7,100.17,102.15,100.19,100.0,99.97,100.38,103.13,100.81,106.27,104.12,100.47,103.33,100.81,96.48,103.72,100.79,99.77,99.18,98.84,96.44,100.84,100.0,100.94,99.4,99.27,100.73,101.19,98.95,101.42,100.29,100.09,102.6,100.61,99.35,100.05,100.91,99.92,102.21,102.52,100.63,100.64,99.8,100.26,100.29,99.71,100.57,101.99,107.81,100.0,100.76,100.02,101.4
2024-10-24,101.03,99.83,100.31,99.64,99.9,121.18,104.16,100.96,100.12,101.06,101.99,105.32,100.1,73.12,100.0,103.62,101.42,105.25,100.42,99.95,100.32,100.74,98.88,84.83,97.76,100.42,101.65,99.74,103.03,100.89,101.81,101.61,103.15,99.3,102.46,100.95,99.76,99.88,100.31,100.62,89.43,99.96,100.0,102.27,100.25,99.46,113.35,100.0,101.48,100.62,100.93,105.24,101.52,100.34,96.67,101.76,101.33,100.63,102.67,100.23,100.22,98.84,104.24,101.99,100.56,95.21,99.96,101.55,100.19,92.55,100.04,99.93,99.03,102.06,109.08,100.09,100.25,100.49,102.2,100.25,100.01,100.12,100.66,102.68,100.79,106.42,103.02,100.48,103.15,100.31,99.64,103.79,99.18,98.02,99.14,99.09,97.04,101.0,100.0,101.25,99.48,99.41,100.64,101.22,99.15,101.42,100.39,99.78,104.38,100.78,99.38,100.3,102.67,99.65,102.4,102.52,100.66,100.75,99.69,100.52,100.36,99.89,100.59,102.05,108.13,100.0,100.72,100.02,101.83
2024-10-25,100.88,100.12,99.63,99.45,99.75,121.02,104.08,100.84,100.09,101.18,102.01,104.63,99.92,63.18,99.51,103.62,101.35,105.42,100.3,100.54,100.28,101.45,99.43,83.41,95.14,100.43,101.8,99.54,102.92,100.94,101.71,101.16,103.27,100.03,102.4,101.06,99.95,99.76,100.43,98.38,90.17,99.96,100.0,102.26,100.45,100.12,112.52,100.0,101.13,99.97,100.17,105.22,101.29,100.33,96.61,101.68,101.54,100.25,102.47,99.79,100.64,98.74,107.41,101.99,99.84,97.93,99.98,98.11,99.85,90.83,99.96,99.91,98.67,102.68,110.46,100.17,99.95,100.23,102.27,100.89,100.01,100.21,100.41,103.18,100.69,104.38,92.01,100.27,103.38,100.76,102.59,103.24,99.48,98.18,99.17,98.4,96.68,101.17,100.0,101.01,99.93,99.27,100.32,101.15,99.06,101.35,99.58,100.11,104.07,100.88,99.68,100.21,102.69,99.72,102.42,102.59,100.63,100.58,99.85,100.6,100.31,100.98,101.72,102.01,107.95,100.0,100.74,100.02,101.31
2024-10-26,100.95,99.93,99.81,99.55,99.74,120.89,104.24,100.85,100.07,101.2,101.93,104.46,99.92,62.5,99.56,103.59,101.27,105.44,100.37,100.85,100.21,101.9,99.92,82.39,94.91,100.36,101.76,99.43,102.77,101.03,101.88,100.97,103.46,100.16,102.48,101.12,99.92,99.68,100.68,99.03,89.75,99.96,100.0,102.13,100.43,100.18,112.68,100.0,98.3,99.91,100.1,105.33,101.31,100.42,96.56,101.72,101.62,100.23,102.62,99.9,100.95,98.77,108.12,101.98,100.15,100.48,100.0,97.87,99.96,90.29,99.97,99.91,98.68,102.2,111.05,99.76,97.13,100.13,102.3,101.08,100.0,100.07,99.59,103.29,100.72,104.11,92.44,100.19,103.66,100.65,102.0,103.17,99.74,98.95,99.16,97.84,96.95,101.01,100.0,100.63,100.33,99.36,100.43,101.26,99.26,101.46,99.72,99.48,104.23,100.86,100.13,100.21,102.84,99.73,102.17,102.58,100.52,100.62,99.95,100.59,100.35,100.72,101.82,101.99,107.82,100.0,100.75,100.02,101.34
2024-10-27,101.03,99.97,99.7,99.56,99.81,120.75,103.57,100.92,100.09,101.3,102.02,104.68,99.96,62.32,99.71,103.64,101.39,105.66,100.44,100.99,100.2,102.17,100.41,81.97,94.96,100.32,101.8,99.45,103.2,101.11,101.98,101.15,103.15,100.28,102.67,101.11,99.92,99.71,100.06,99.68,89.36,99.96,100.0,102.21,100.47,100.16,113.25,100.0,98.73,100.25,100.19,105.43,101.47,100.32,96.47,102.01,101.69,100.36,102.74,100.02,100.91,98.86,108.24,101.98,100.27,102.92,100.01,98.92,100.01,90.37,99.99,99.99,98.07,102.59,111.27,99.86,97.67,100.16,102.34,101.19,99.99,99.91,99.39,103.36,100.78,104.7,94.09,100.28,103.8,100.88,101.4,103.41,100.01,99.13,99.14,98.0,97.67,101.06,100.0,100.77,100.72,99.38,100.57,101.27,99.09,101.51,99.86,99.41,104.4,100.79,100.12,100.23,103.06,99.58,102.33,102.64,100.55,100.76,100.09,100.6,100.31,100.91,101.92,102.13,108.09,100.0,100.77,100.02,101.37
2024-10-28,101.05,100.07,100.37,99.5,99.81,126.39,103.53,100.74,100.11,101.11,102.09,104.28,100.0,65.65,99.74,103.36,101.43,105.31,100.38,100.89,100.14,102.06,100.9,82.62,93.79,100.32,101.65,99.47,103.33,101.19,102.04,101.01,102.66,100.7,102.54,101.06,99.94,99.89,99.46,100.32,89.12,99.96,100.0,102.21,100.51,100.23,114.4,100.0,99.92,100.29,100.13,105.26,101.6,100.34,96.84,102.04,101.48,100.6,102.14,100.08,100.86,99.05,107.45,101.98,100.41,105.54,100.03,100.08,100.03,90.43,100.0,99.99,98.15,102.35,110.97,99.72,97.38,100.24,102.15,101.25,99.99,99.83,99.61,103.02,100.69,104.96,95.74,100.38,103.4,101.3,100.8,103.49,100.27,99.05,99.12,98.09,105.78,101.11,100.0,100.71,101.12,99.42,100.72,101.21,99.04,101.2,100.01,99.44,104.52,100.84,99.89,100.23,103.14,99.59,102.27,102.48,100.58,100.67,100.1,100.49,99.77,99.34,102.04,102.13,108.29,100.0,100.79,100.02,101.49
2024-10-29,101.08,100.12,100.35,99.48,99.78,127.22,103.63,100.88,100.14,101.13,101.84,103.87,100.03,61.96,99.91,103.41,101.22,105.57,100.41,101.05,100.16,101.21,111.13,83.88,95.66,100.28,101.71,99.49,103.24,101.2,101.88,100.97,102.61,100.35,102.72,100.97,99.92,100.0,99.51,101.08,89.09,100.23,100.0,102.25,100.55,100.2,114.97,100.0,100.15,100.34,100.23,105.32,101.64,100.35,96.78,101.92,101.53,100.68,102.19,100.33,100.93,99.14,105.66,101.98,100.37,116.85,100.05,101.22,100.08,92.37,100.01,99.81,98.22,102.91,110.52,99.9,116.71,100.3,102.18,101.35,99.99,99.83,99.95,103.09,100.75,105.1,98.66,100.43,103.61,101.97,97.08,103.73,100.53,98.69,99.1,98.33,107.58,101.22,100.0,100.8,99.01,99.45,100.25,101.2,99.09,101.29,100.15,99.45,104.47,100.32,100.2,100.29,103.16,99.6,102.35,102.49,100.6,100.78,99.87,100.52,99.84,99.52,102.1,102.01,108.21,100.0,100.74,100.02,101.28
2024-10-30,101.09,99.97,99.81,99.53,99.86,124.2,103.47,100.89,100.17,101.15,101.81,102.12,100.07,70.8,100.14,103.3,101.31,105.66,100.3,101.07,100.28,101.22,111.62,85.19,97.0,100.33,101.8,99.52,101.24,101.01,102.0,101.0,102.74,99.18,104.02,101.07,100.01,100.14,99.55,107.66,87.9,99.96,100.0,102.35,100.59,100.2,115.54,100.0,100.95,100.46,100.34,105.08,101.67,100.44,96.73,101.69,101.28,100.79,102.46,100.35,100.95,99.23,104.07,101.98,100.02,114.71,99.97,102.21,100.13,92.45,100.03,99.76,98.3,101.88,109.75,100.14,117.67,100.43,102.17,101.34,100.0,99.93,100.37,103.13,100.82,106.27,99.04,100.47,103.72,100.81,96.48,103.72,100.79,98.44,99.17,98.47,106.56,101.05,100.0,100.94,99.4,99.45,100.73,101.19,99.21,101.37,100.29,99.53,104.92,100.1,99.77,100.29,103.16,99.55,102.33,102.68,100.63,100.78,99.89,100.56,99.89,99.71,102.26,101.99,108.49,100.0,100.75,100.02,101.4
2024-10-31,101.25,99.81,100.35,99.09,100.39,121.18,103.32,100.96,100.12,101.06,101.99,102.24,100.1,73.12,100.26,103.5,101.42,105.25,100.42,100.41,100.35,101.06,126.73,84.93,97.76,100.41,102.02,99.74,101.51,100.86,103.19,101.44,102.78,99.3,103.92,101.13,99.88,100.24,100.31,114.65,88.81,99.96,100.0,102.28,100.25,100.22,113.35,100.0,101.47,100.93,100.42,105.23,101.54,100.34,96.67,101.76,101.33,100.84,102.67,100.17,100.22,102.85,104.24,101.99,100.55,128.14,100.15,101.79,100.21,92.55,100.04,99.88,98.31,102.06,109.07,100.08,133.7,100.55,102.19,101.4,100.01,100.15,100.67,102.68,101.15,106.42,97.94,100.48,103.14,100.31,99.64,103.83,114.22,98.15,99.14,99.03,107.16,100.94,100.0,101.25,99.48,98.81,100.64,101.22,98.97,101.43,100.39,99.22,105.31,100.22,99.79,100.11,102.81,99.65,102.4,102.68,100.66,100.77,99.78,100.67,99.96,99.89,102.33,102.05,108.13,100.0,100.72,100.02,101.83
2024-11-01,101.16,100.15,99.6,98.27,100.33,121.02,103.34,100.84,100.09,101.18,102.01,103.72,99.92,63.18,99.87,103.24,102.43,105.42,100.3,100.54,100.33,100.94,127.29,84.8,95.14,100.74,101.8,99.54,101.41,100.93,103.09,100.92,103.34,92.88,106.09,101.06,100.07,99.75,100.43,112.41,89.88,99.96,100.0,102.25,100.45,100.12,106.67,100.0,101.48,100.28,100.29,105.81,101.28,100.33,96.61,101.68,101.71,100.43,102.54,99.77,100.64,102.74,104.04,101.99,100.41,131.47,100.17,97.86,99.83,90.83,99.96,99.91,98.34,102.68,110.56,100.18,133.39,100.19,102.09,101.02,100.02,100.38,100.5,103.11,101.25,104.38,110.22,100.05,103.39,100.76,77.56,102.8,114.52,97.41,99.18,99.22,107.47,101.11,100.0,101.01,99.93,99.01,100.32,101.15,97.84,101.58,99.58,100.11,105.46,101.13,100.1,100.0,102.83,99.72,102.42,102.58,100.63,100.6,99.94,100.59,99.91,100.98,104.14,102.01,107.95,100.0,100.74,100.02,101.64
2024-11-02,101.38,99.91,99.82,98.36,100.32,120.89,103.51,100.85,100.06,101.2,101.87,103.55,99.92,62.5,99.96,103.19,102.35,105.45,100.37,100.85,100.3,101.67,127.78,83.85,94.91,100.68,103.04,99.43,101.26,101.03,103.26,100.97,103.42,93.0,106.18,101.12,100.04,99.67,100.68,113.06,89.75,99.96,100.0,102.13,100.43,100.18,106.84,100.0,98.6,100.22,100.27,105.92,101.31,100.42,96.56,101.72,101.79,100.42,102.7,99.9,100.95,102.77,104.75,101.98,100.74,133.87,100.19,97.85,99.96,90.29,99.97,99.91,98.35,102.2,111.04,99.74,130.57,100.12,102.12,101.15,100.01,100.1,99.5,103.22,101.29,104.12,110.66,99.97,103.58,100.65,76.97,102.45,114.78,97.16,99.16,99.35,106.62,101.15,100.0,100.63,100.33,98.94,100.43,101.26,97.86,101.59,99.72,100.04,105.62,101.14,100.13,100.01,102.98,99.73,102.17,102.56,100.52,100.63,100.04,100.6,99.95,100.72,104.69,101.99,107.82,100.0,100.75,100.02,101.67
2024-11-03,101.51,99.97,99.68,98.37,100.39,120.75,103.83,100.92,100.09,101.3,101.96,103.71,99.96,62.32,100.11,103.21,102.46,105.64,100.44,100.99,100.3,101.88,128.26,83.5,94.96,100.63,103.09,99.45,101.68,101.11,103.36,101.15,103.63,93.13,106.36,101.12,100.05,99.72,100.06,113.71,89.38,99.96,100.0,102.22,100.47,100.16,107.41,100.0,99.06,100.56,100.37,106.0,101.47,100.32,96.47,102.01,101.86,100.56,102.82,100.03,100.91,102.86,104.87,101.98,100.86,136.35,100.2,98.97,100.01,90.37,99.99,99.99,98.46,102.59,111.18,99.88,131.12,100.16,102.13,101.26,99.99,99.86,99.37,103.29,101.34,104.7,112.31,100.06,103.71,100.88,76.37,102.65,115.04,96.53,99.14,99.5,107.35,101.2,100.0,100.77,100.72,98.98,100.57,101.27,97.68,101.64,99.86,99.97,105.79,101.4,100.12,100.04,103.19,99.58,102.33,102.6,100.55,100.78,100.18,100.6,99.91,100.91,104.79,102.13,108.09,100.0,100.77,100.02,101.7
2024-11-04,101.5,100.07,100.4,98.31,99.81,126.39,103.79,100.74,100.11,101.11,102.03,103.31,100.0,65.65,100.13,102.97,102.51,105.33,100.38,100.89,100.21,101.85,128.75,84.02,93.79,100.64,103.53,99.47,101.82,101.19,103.42,101.01,103.15,93.54,106.23,101.01,100.06,99.89,99.55,114.35,88.98,99.96,100.0,102.2,100.51,100.23,108.56,100.0,100.26,100.6,100.23,105.87,101.61,100.39,96.84,102.04,101.65,100.68,102.22,100.08,100.86,103.05,104.07,101.98,101.0,138.72,100.22,100.08,100.03,90.43,100.0,99.99,98.54,102.35,111.04,99.71,130.83,100.25,102.0,101.31,99.98,99.75,99.63,102.95,101.26,104.97,113.96,100.16,103.33,101.3,75.77,102.83,115.31,96.45,99.11,99.59,106.44,101.48,100.0,100.71,101.12,98.99,100.72,101.21,97.62,101.33,100.01,100.0,105.91,101.33,99.89,100.11,103.28,99.59,102.65,102.5,100.58,100.69,100.19,100.5,99.77,99.34,104.91,102.13,108.29,100.0,100.78,100.02,101.82
2024-11-05,102.01,100.13,100.37,98.3,99.78,127.22,103.89,100.88,100.14,101.13,101.78,102.77,100.03,90.01,100.37,102.99,102.3,105.57,100.41,101.05,100.23,102.86,127.85,88.34,95.66,100.59,103.59,99.49,101.72,101.21,103.26,100.97,103.17,100.35,106.41,100.93,100.04,100.02,99.6,115.11,88.66,100.22,100.0,102.26,100.55,100.2,109.13,100.0,102.87,100.65,100.74,105.88,101.63,100.4,96.78,101.92,101.7,100.74,102.27,100.31,100.93,103.14,108.01,101.98,102.88,134.55,100.24,101.16,100.08,92.37,100.01,99.81,99.63,102.91,110.64,99.91,136.77,100.29,102.11,101.42,99.98,99.74,99.94,103.02,101.32,105.41,132.84,100.51,103.52,101.97,97.08,103.0,115.57,96.98,99.12,99.98,107.58,101.59,100.0,100.8,99.01,99.03,100.25,101.2,97.67,101.47,100.15,100.2,105.86,101.09,100.68,100.16,103.3,99.6,102.87,102.47,100.6,100.42,99.96,100.59,99.84,99.52,105.48,102.01,108.0,100.0,100.75,100.02,101.61
2024-11-06,102.01,99.98,99.77,98.34,99.86,124.2,104.04,100.89,100.17,101.15,101.75,103.55,100.07,78.81,100.45,102.91,102.38,105.67,100.3,101.07,100.36,103.29,128.33,89.57,97.0,100.65,103.68,99.52,101.51,101.06,103.38,101.0,103.2,99.18,106.26,101.02,100.01,100.09,99.64,114.91,89.2,99.96,100.0,102.34,100.59,100.2,109.7,100.0,103.35,100.76,100.86,105.7,101.65,100.5,96.73,101.69,101.45,100.86,102.54,100.35,100.95,103.23,106.41,101.98,102.53,130.17,100.16,102.21,100.13,92.45,100.03,99.76,99.7,101.88,109.63,100.14,137.73,100.39,102.11,101.34,100.0,99.84,100.35,103.06,101.38,103.23,131.05,100.55,103.65,100.81,96.48,102.99,115.83,98.44,99.15,100.12,106.56,101.48,100.0,100.94,99.4,99.07,100.73,101.19,97.81,101.63,100.29,100.29,105.88,100.87,100.66,100.18,103.16,99.55,102.86,102.51,100.63,100.43,99.89,100.72,99.89,99.71,105.64,101.99,108.48,100.0,100.75,100.02,101.73
2024-11-07,102.14,99.77,100.4,97.91,99.81,121.18,104.54,100.96,100.12,101.06,101.93,103.0,100.1,81.14,101.17,103.26,102.5,105.6,100.42,100.41,100.63,103.27,126.73,89.43,97.76,100.71,103.91,99.74,101.78,100.81,103.19,101.44,103.28,99.3,106.91,101.09,99.88,100.3,100.39,114.65,99.07,99.96,100.0,102.3,100.25,100.22,107.51,100.0,103.87,100.93,100.88,105.69,101.57,100.39,96.67,101.76,101.5,100.95,102.75,100.19,100.22,102.85,106.58,101.99,102.73,128.64,100.15,102.22,100.23,92.55,100.04,99.88,99.98,102.06,108.88,100.07,133.7,100.66,102.14,101.4,100.02,100.17,100.68,102.61,101.37,103.38,129.95,100.56,103.74,100.31,69.6,103.18,114.22,97.62,99.13,100.08,107.16,101.38,100.0,101.25,99.48,99.29,100.64,101.22,97.95,101.75,100.39,102.72,106.81,101.17,100.69,100.2,102.74,99.65,102.93,102.51,100.66,100.29,100.31,100.75,99.96,99.89,105.7,102.05,108.11,100.0,100.73,100.02,102.16
2024-11-08,103.37,98.17,99.55,97.58,99.08,121.02,105.69,101.79,99.75,98.29,102.03,101.55,100.9,91.24,101.47,103.66,102.43,103.18,101.32,100.29,100.64,102.95,127.29,96.14,137.88,100.44,104.01,101.07,102.16,100.93,103.45,102.39,103.92,105.76,106.85,101.24,98.78,100.51,100.21,133.27,100.65,99.96,100.0,102.78,99.37,100.12,122.93,100.0,107.67,99.72,101.0,105.42,101.25,98.01,96.61,101.74,100.66,101.45,105.05,99.21,95.87,100.08,102.44,101.99,102.22,131.4,100.17,97.41,99.74,97.03,100.7,99.75,101.77,102.68,107.92,100.2,133.39,100.24,102.21,101.29,100.04,100.74,100.66,99.84,101.13,103.84,160.64,102.0,101.86,100.76,72.56,104.26,114.52,97.79,98.76,98.79,108.38,99.19,100.0,105.65,99.93,98.78,101.41,101.66,98.41,101.46,106.39,94.35,108.5,100.78,99.56,100.21,102.8,99.34,103.53,102.74,100.63,100.3,99.87,100.81,99.8,101.01,104.82,102.0,110.72,100.0,100.74,100.02,104.42
2024-11-09,103.37,97.86,99.84,97.61,99.4,120.89,105.87,101.45,99.72,98.31,101.96,102.96,100.9,82.54,101.61,103.69,103.69,103.22,101.39,99.47,100.5,102.97,127.78,95.23,137.66,100.37,103.97,100.96,102.01,101.03,102.91,102.92,104.03,105.89,107.74,101.31,98.82,100.44,100.46,133.92,100.61,99.96,100.0,102.68,99.35,100.18,126.5,100.0,104.71,99.67,101.13,105.52,101.31,98.0,96.56,102.11,100.74,102.36,105.2,99.37,95.21,100.54,104.59,100.06,102.55,133.83,100.19,97.86,99.14,96.48,100.72,100.07,101.94,102.2,108.12,99.72,130.57,100.23,102.24,101.48,100.03,100.11,99.34,99.94,101.17,103.83,153.82,101.92,101.77,100.65,71.96,105.29,114.78,98.29,98.72,98.53,109.54,99.03,100.0,106.17,100.33,98.7,101.3,101.49,98.49,101.22,106.53,93.41,108.6,100.75,99.59,100.24,102.95,99.36,103.28,102.7,100.52,100.25,99.97,100.86,99.35,100.75,104.92,101.98,110.59,100.0,100.75,100.02,105.13
2024-11-10,103.68,97.95,99.63,97.63,99.47,120.75,106.18,101.52,99.75,98.42,102.04,103.12,100.94,82.36,101.77,103.68,103.8,103.36,101.46,99.61,100.52,103.29,128.26,94.96,141.61,100.32,104.58,100.98,102.43,101.11,103.01,103.11,104.24,106.01,107.93,101.43,98.83,100.54,105.55,134.56,100.28,99.96,100.0,102.77,99.39,100.16,127.07,100.0,105.21,99.67,101.23,105.58,101.47,99.15,96.47,102.4,100.8,102.49,105.33,99.51,95.17,100.63,104.72,100.06,102.73,136.21,100.2,99.04,99.18,96.56,100.73,100.02,102.05,100.91,108.21,99.89,131.12,100.58,102.24,101.69,99.99,99.76,99.36,100.01,101.22,104.41,155.47,102.01,101.89,100.88,71.36,105.46,115.04,98.47,98.7,98.68,110.26,99.08,100.0,106.32,100.72,98.78,101.38,101.5,98.29,101.27,106.67,93.33,109.03,100.73,99.58,100.28,103.17,100.53,103.44,102.91,100.55,100.39,100.1,100.88,99.31,100.93,105.35,102.12,110.87,100.0,100.77,100.02,105.16
2024-11-11,103.67,98.05,100.43,97.57,99.47,126.39,106.52,103.34,99.78,98.23,102.11,102.01,100.98,85.69,101.68,103.48,103.85,103.08,102.42,100.86,100.39,103.43,128.75,95.28,140.44,100.33,104.59,101.0,102.57,101.18,103.06,102.9,103.76,106.43,107.79,101.37,98.77,100.7,104.94,135.21,99.83,99.97,100.0,102.75,99.43,100.23,128.22,100.0,106.42,99.76,101.21,105.49,101.63,99.17,96.84,102.08,100.59,102.56,104.73,99.54,95.11,100.82,103.92,100.06,102.41,138.86,100.22,100.08,99.19,96.63,100.75,100.09,102.13,106.1,108.2,99.7,130.83,100.69,102.14,101.81,99.95,99.63,99.66,99.67,101.15,100.5,157.12,102.11,101.59,101.3,70.77,105.72,115.31,98.39,98.67,99.05,109.36,99.13,100.0,107.11,101.12,98.75,101.81,101.44,98.21,101.24,106.81,93.37,109.18,100.65,101.82,100.26,103.26,100.54,103.38,102.84,100.58,100.3,100.48,100.76,99.12,99.37,105.47,102.12,111.07,100.0,100.77,100.02,105.28
2024-11-12,103.8,98.13,100.4,97.55,99.44,127.22,106.83,103.12,99.8,98.25,101.86,103.15,101.02,82.0,101.22,103.47,103.91,103.08,102.7,102.07,100.21,103.0,127.85,99.07,142.31,100.26,104.64,101.02,102.47,101.24,102.91,103.2,103.81,106.08,107.98,101.29,98.82,100.86,104.99,135.97,99.36,100.2,100.0,102.8,99.46,100.83,128.79,100.0,106.61,99.87,100.72,105.46,101.63,99.45,96.78,102.73,100.58,102.59,104.78,99.3,95.18,100.91,103.42,100.06,102.18,135.47,100.24,101.08,99.24,98.57,100.76,100.06,102.37,101.23,108.85,99.91,103.46,100.7,102.11,101.91,99.94,99.6,99.92,99.75,101.2,100.64,155.22,102.16,101.77,99.1,67.04,105.79,115.57,96.75,98.61,99.03,113.06,99.31,100.0,107.17,119.02,98.05,101.55,101.37,98.32,101.17,106.95,93.37,109.63,100.54,102.14,100.3,103.27,100.55,103.46,103.31,100.6,100.42,101.93,100.64,99.19,99.55,105.53,101.89,110.98,100.0,100.75,100.02,105.77
2024-11-13,104.25,97.95,99.71,97.59,99.52,124.2,106.7,103.13,99.81,98.26,101.83,103.2,101.05,90.84,101.11,103.32,103.99,103.18,103.52,102.1,100.34,103.06,128.33,100.21,143.65,100.27,104.58,101.06,103.0,101.3,103.03,103.23,103.89,104.91,108.49,101.39,98.79,100.86,105.89,135.77,99.53,99.97,100.0,102.88,99.5,100.84,129.36,100.0,106.25,99.99,100.42,105.32,101.64,99.55,96.73,102.49,102.42,102.73,105.04,99.36,95.64,101.0,105.11,100.06,104.76,138.9,100.92,102.16,99.3,98.65,100.78,99.91,102.45,100.2,108.74,100.15,104.42,100.73,102.11,101.83,99.98,99.67,100.33,100.09,101.25,103.74,174.24,102.2,101.91,97.95,66.44,106.31,115.83,96.5,98.87,99.16,123.85,99.2,100.0,107.31,119.41,98.1,98.17,101.38,98.48,101.34,107.1,93.46,109.76,100.56,101.7,100.33,103.13,100.51,104.04,103.37,100.63,100.75,102.82,100.74,99.24,99.73,105.69,101.87,108.83,100.0,100.75,100.02,105.89
2024-11-14,104.34,97.75,100.47,97.16,99.47,121.18,108.26,103.2,99.79,98.17,102.01,103.63,101.08,93.16,101.52,101.91,104.11,102.78,103.65,101.44,100.51,102.95,126.73,100.03,142.14,100.31,104.2,101.27,103.26,100.86,102.83,101.31,103.65,105.03,108.39,101.46,98.66,101.17,106.64,135.51,100.14,99.97,100.0,102.86,99.17,100.86,127.17,100.0,106.74,100.25,100.43,105.38,102.47,100.07,96.67,102.59,102.48,102.84,103.57,99.25,93.95,100.61,105.28,100.06,104.83,138.99,100.92,102.91,99.44,98.74,100.79,99.89,102.43,100.38,108.03,100.05,100.39,101.25,102.14,101.84,100.04,100.11,100.67,100.07,101.26,103.89,181.8,102.21,101.82,97.44,69.6,106.57,114.22,97.15,98.88,99.1,126.82,99.09,100.0,107.63,122.0,98.41,98.08,101.41,98.71,101.62,107.2,93.15,109.11,100.68,102.14,100.37,103.92,100.61,104.11,103.68,100.66,100.74,103.16,100.32,99.01,99.92,105.75,101.93,108.46,100.0,100.73,100.02,106.31
2024-11-15,104.03,98.19,99.5,97.52,99.41,121.02,107.99,103.44,99.71,98.29,101.24,102.61,101.26,71.2,100.81,101.89,104.04,102.91,103.53,101.57,100.04,102.46,127.29,99.33,140.08,100.13,103.95,101.07,101.64,101.12,102.74,102.67,102.61,100.76,108.32,101.39,98.85,100.49,103.58,133.27,100.46,99.96,100.0,102.47,99.37,100.75,126.34,100.0,106.88,99.54,100.09,105.43,102.04,100.06,96.61,102.5,102.8,102.31,103.17,98.68,94.37,103.17,110.14,100.06,104.28,141.49,100.93,96.7,101.11,97.03,100.7,99.93,102.08,101.0,110.25,100.23,100.08,100.44,102.21,101.36,100.08,101.55,100.93,100.64,101.11,105.2,182.49,102.41,102.14,97.89,72.56,105.74,114.52,97.71,98.92,100.38,126.47,99.01,100.0,107.08,122.45,97.1,97.76,101.34,96.72,101.04,106.39,93.48,108.97,100.23,102.45,100.19,103.93,100.68,104.12,103.78,101.02,100.5,103.81,100.27,97.5,101.01,105.15,101.89,108.28,100.0,100.74,100.02,105.8
2024-11-16,104.15,97.84,99.86,97.0,99.4,120.89,108.16,103.45,99.87,98.31,102.22,102.37,101.53,70.52,100.87,101.82,103.95,102.99,103.59,101.88,100.06,101.9,127.78,101.24,139.85,100.31,103.91,100.96,101.5,101.21,102.91,102.71,102.72,100.88,108.41,101.45,98.82,100.44,105.02,133.92,100.48,99.96,100.0,102.36,99.8,100.82,126.5,100.0,103.81,99.52,100.08,105.52,102.16,100.15,96.56,102.55,102.8,102.37,102.98,98.92,94.68,103.2,113.37,100.06,104.89,143.81,100.95,97.94,101.3,96.48,100.72,100.12,102.08,105.95,110.3,99.69,97.26,100.52,102.24,101.29,100.08,100.01,99.08,100.75,101.17,103.83,190.91,103.01,102.42,97.78,71.96,105.8,114.78,98.35,98.89,101.12,127.62,100.32,100.0,106.7,122.84,97.06,98.17,101.45,97.04,101.12,106.53,93.41,109.23,100.49,102.48,100.23,104.08,100.69,106.91,104.35,101.44,100.58,104.36,100.35,96.88,100.75,105.11,102.31,108.15,100.0,100.75,100.02,105.83
2024-11-17,104.3,97.95,99.58,97.01,99.23,120.75,108.47,103.52,99.9,97.75,102.18,102.53,101.57,70.34,101.04,101.8,104.07,103.13,103.66,102.02,100.12,101.97,128.26,101.12,139.89,100.25,104.07,100.98,101.92,101.28,103.01,102.9,102.93,101.0,108.59,101.45,98.83,100.54,104.4,134.56,100.28,99.96,100.0,102.62,99.84,100.79,127.07,100.0,104.37,99.82,99.98,105.58,102.32,100.05,96.47,102.84,102.86,102.49,103.1,99.05,94.65,103.29,113.49,100.06,105.0,145.91,100.97,99.13,101.35,96.56,100.73,100.31,102.19,106.34,110.32,99.92,97.81,100.6,102.23,101.4,100.02,99.58,99.36,100.82,101.23,104.41,192.56,103.1,102.53,98.01,71.36,105.91,115.04,98.53,98.87,101.32,128.34,100.37,100.0,106.84,123.23,97.16,98.31,101.46,97.98,101.22,106.67,93.33,109.4,100.67,102.47,100.29,104.3,100.53,107.07,104.4,101.47,100.68,104.5,100.37,96.84,100.93,105.2,102.45,108.43,100.0,100.77,100.02,105.86
2024-11-18,104.42,98.04,100.48,96.95,99.23,80.2,108.69,103.34,99.92,98.05,102.25,103.87,101.61,73.66,101.22,101.62,104.12,102.87,103.6,101.91,100.14,102.44,128.75,101.18,138.72,100.42,104.12,101.0,102.05,101.35,103.07,103.0,104.86,101.42,108.46,101.39,98.84,100.72,106.99,135.21,99.85,99.97,100.0,102.59,99.88,100.87,128.22,100.0,105.58,100.17,100.16,105.5,102.49,100.07,96.84,102.87,102.65,102.57,104.19,99.33,94.59,103.48,112.7,100.06,105.72,149.55,100.98,100.08,101.35,96.63,100.75,100.31,102.27,106.1,110.34,100.13,97.52,100.71,102.14,101.81,99.89,99.48,99.7,100.48,101.52,104.68,194.21,103.2,102.18,98.43,70.77,106.18,115.31,98.45,98.85,101.4,127.44,100.42,100.0,106.78,123.63,97.18,97.79,101.73,98.42,101.4,106.81,93.37,109.37,100.64,102.24,100.26,104.39,100.54,107.01,104.34,101.49,100.59,104.51,100.25,97.62,110.51,105.33,102.82,108.63,100.0,100.77,100.02,105.97
2024-11-19,104.56,98.14,100.44,96.93,99.2,73.3,108.78,103.48,99.96,98.07,102.85,102.87,101.65,69.97,101.42,101.59,105.99,102.44,103.64,102.07,100.37,103.45,127.85,96.01,136.29,100.34,104.19,101.02,103.12,101.42,102.91,103.27,105.14,98.21,108.65,101.37,99.03,100.88,107.04,135.97,99.1,100.19,100.0,102.65,99.92,100.83,128.79,100.0,105.76,100.06,100.01,105.45,102.99,99.84,96.78,103.13,102.75,103.06,104.24,99.53,94.66,103.57,109.23,100.06,105.68,169.13,101.0,100.99,101.41,92.37,100.76,100.91,102.34,106.66,110.3,100.35,103.46,101.11,102.11,101.91,99.82,99.42,99.9,100.55,101.58,103.77,197.13,103.25,102.18,98.39,67.04,106.8,115.57,98.16,98.87,99.45,126.93,100.56,100.0,106.87,121.52,97.17,101.32,101.72,98.86,101.47,106.95,93.37,110.03,101.98,102.56,100.39,105.21,100.55,107.27,104.28,101.52,100.67,105.22,100.32,97.83,110.69,105.53,102.7,110.98,100.0,100.75,100.02,107.16
2024-11-20,104.47,97.95,99.63,96.97,99.28,93.37,108.85,103.49,99.99,98.09,102.82,102.97,101.68,70.8,101.65,101.57,106.08,102.53,104.07,102.1,100.5,103.66,128.33,94.06,135.02,99.85,104.28,101.06,104.15,101.48,103.03,103.31,105.35,102.05,109.11,101.46,99.0,101.53,107.08,135.77,98.95,99.97,100.0,102.72,99.95,100.84,129.36,100.0,106.25,100.18,99.97,105.34,102.92,100.47,96.73,102.89,102.56,102.63,103.05,99.6,94.68,103.66,107.64,100.06,105.47,161.43,100.92,101.98,101.44,92.45,100.78,101.01,102.43,105.64,108.7,100.61,104.42,101.01,102.11,101.83,99.92,99.37,100.32,100.59,101.63,103.54,195.34,103.29,102.33,97.23,66.44,106.8,115.83,97.91,98.87,99.15,118.33,100.46,100.0,107.01,121.91,96.86,101.8,101.71,98.03,101.67,107.1,93.46,110.58,102.12,102.12,100.43,105.07,100.51,107.62,104.32,101.55,100.69,105.39,100.41,97.93,110.87,105.69,102.68,111.07,100.0,100.75,100.02,107.26
2024-11-21,104.44,99.75,100.57,99.82,99.48,90.35,108.63,103.56,100.15,98.87,101.85,102.84,101.71,73.12,100.81,101.89,106.19,104.35,103.72,104.22,99.96,103.65,126.73,93.87,130.96,99.99,104.2,101.27,104.42,102.08,102.84,103.17,106.23,102.17,110.24,101.17,99.93,100.13,104.31,135.51,101.26,99.97,100.0,102.71,102.15,100.86,127.17,100.0,106.72,99.77,99.76,105.38,102.5,101.73,92.96,102.93,102.66,102.32,104.05,99.32,101.34,103.28,107.81,100.06,106.17,162.47,100.92,103.99,101.12,92.42,100.79,100.69,103.04,105.81,107.59,101.01,100.39,99.64,102.14,102.3,100.12,99.65,100.6,104.25,101.68,103.69,194.23,104.05,105.23,96.49,69.6,106.5,114.22,100.02,98.88,99.46,115.59,100.82,100.0,106.33,122.0,96.52,103.3,101.67,97.55,101.87,107.2,93.15,110.19,101.63,102.14,100.44,104.72,100.24,108.28,104.33,101.58,101.36,105.57,100.69,97.01,111.05,105.75,102.76,113.93,100.0,100.73,100.02,105.65
2024-11-22,104.1,100.25,99.42,100.17,98.56,90.19,108.25,103.44,100.01,99.84,101.78,103.19,99.26,83.22,99.47,102.15,106.12,105.31,103.6,104.35,99.49,103.29,127.29,92.27,128.35,100.03,103.88,101.07,103.79,101.92,102.74,102.53,106.52,102.9,110.17,99.57,100.12,99.62,103.12,133.27,100.29,99.96,100.0,102.62,102.35,100.75,126.34,100.0,106.95,97.93,99.32,105.43,102.52,99.85,92.91,102.76,102.29,101.7,103.84,98.52,104.15,104.6,112.67,100.06,105.62,165.0,100.93,95.57,100.64,90.71,100.7,100.6,102.78,106.43,103.63,101.24,100.08,97.53,102.2,101.78,100.12,103.5,101.37,104.75,101.5,101.87,190.47,103.84,106.09,96.91,72.56,106.19,114.52,100.18,98.91,98.62,115.24,101.04,100.0,104.08,122.45,96.51,102.98,101.6,97.1,101.14,106.39,93.48,109.59,100.53,104.28,100.19,105.37,100.31,108.3,104.56,101.55,101.17,105.26,100.94,96.73,112.15,106.15,102.28,107.07,100.0,100.74,100.02,105.14
2024-11-23,104.05,100.92,99.9,100.27,98.55,90.06,108.22,103.45,100.04,99.86,101.7,103.3,99.26,82.54,99.43,102.16,106.04,105.43,103.67,104.66,99.64,103.24,127.78,89.13,128.12,99.98,103.85,100.96,103.65,101.96,102.91,102.58,106.74,103.03,110.26,99.21,100.08,100.8,103.38,133.92,100.35,99.96,100.0,102.51,102.33,100.82,130.0,100.0,131.81,98.26,99.29,105.52,102.75,99.0,92.85,102.68,102.37,101.6,104.0,98.47,104.68,104.63,105.83,100.06,106.15,167.19,100.95,98.16,100.83,90.16,100.72,100.51,102.78,105.95,103.2,106.18,97.26,97.81,102.24,101.16,100.17,99.49,98.64,104.86,101.58,101.05,186.55,104.43,106.3,96.81,71.96,106.81,114.78,99.03,98.89,98.75,112.05,100.9,100.0,106.96,122.84,96.68,102.75,101.71,96.67,101.24,106.53,94.76,110.3,100.27,104.31,100.27,105.52,100.32,108.32,104.81,101.44,101.19,104.92,101.08,96.59,111.89,106.25,102.18,107.15,100.0,100.76,100.02,105.17
2024-11-24,104.13,101.09,99.51,100.28,98.62,89.92,108.52,103.52,100.07,99.96,101.79,103.46,99.3,82.36,99.56,102.05,106.15,105.55,103.74,104.8,99.74,103.27,128.26,89.08,128.16,99.9,103.75,100.98,104.07,102.01,103.01,101.93,106.8,103.15,110.44,99.21,100.09,100.93,102.76,134.56,100.29,99.96,100.0,102.63,102.37,100.79,130.57,100.0,132.45,97.32,99.51,105.57,102.9,98.9,92.99,101.27,102.44,101.7,104.12,98.58,104.64,104.72,105.95,100.06,106.26,169.32,100.97,99.23,100.88,90.24,100.73,100.31,103.25,106.34,103.22,106.48,97.81,97.91,102.22,100.98,100.25,99.27,99.43,104.93,101.62,101.63,188.21,104.51,106.41,97.03,71.36,106.83,115.04,99.21,98.87,98.78,112.77,100.95,100.0,107.1,123.23,96.79,102.77,101.72,96.55,101.4,106.67,94.68,110.48,100.15,105.01,100.35,105.22,100.16,108.48,104.87,101.47,100.85,105.05,101.31,96.55,112.07,106.35,102.03,107.42,100.0,100.77,100.02,105.91
2024-11-25,104.31,101.16,93.87,100.22,99.8,95.56,108.76,103.34,100.09,99.77,101.86,104.97,99.34,85.69,99.81,101.88,106.2,105.31,103.68,104.69,100.44,103.48,128.75,89.0,126.99,99.94,103.74,101.0,104.21,102.08,103.07,102.73,106.24,101.24,110.31,98.91,100.1,100.9,102.16,135.21,99.95,99.98,100.0,103.1,102.41,100.87,131.72,100.0,133.66,97.47,99.44,105.5,103.06,99.23,93.35,101.32,102.22,101.78,105.09,98.62,104.58,104.91,113.58,100.06,106.4,172.0,100.98,100.07,100.88,90.43,100.75,100.31,103.33,106.1,103.22,108.39,97.52,97.98,102.15,100.69,99.81,99.31,99.76,104.59,101.55,101.9,189.86,104.61,106.07,97.7,70.77,104.74,115.31,99.13,98.85,98.83,111.87,101.0,100.0,107.04,123.63,96.84,103.04,101.66,98.04,101.77,106.81,94.72,110.87,100.06,104.78,100.77,105.82,100.18,108.56,104.8,101.49,101.41,105.75,101.64,96.52,110.51,106.48,102.32,107.63,100.0,100.79,100.02,106.02
2024-11-26,103.9,101.3,93.81,100.2,99.77,96.39,109.01,103.48,100.11,99.79,102.18,104.55,99.37,82.0,100.12,101.83,105.99,105.5,103.72,104.85,100.45,103.59,127.85,83.89,109.79,100.63,104.0,101.02,104.11,102.18,102.91,102.69,106.15,102.68,110.49,99.95,100.09,101.04,103.52,135.06,98.83,100.19,100.0,103.17,102.45,100.83,132.29,100.0,133.83,98.35,99.76,105.45,103.08,99.38,93.3,101.19,102.28,102.06,105.14,98.8,104.66,105.0,120.29,100.06,106.06,171.61,101.0,100.91,100.94,92.37,100.76,100.5,103.32,106.66,103.61,109.01,103.46,97.98,102.11,100.67,99.43,99.23,99.85,104.66,101.6,102.83,173.76,104.66,106.23,98.39,67.04,104.27,115.57,100.86,98.87,99.79,107.3,101.11,100.0,107.13,121.52,97.97,102.98,101.65,98.25,101.87,106.95,94.72,110.92,100.54,106.05,100.81,106.19,100.19,108.76,104.75,101.52,101.51,105.76,101.65,95.56,110.69,106.53,102.2,107.54,100.0,100.77,100.02,105.82
2024-11-27,104.0,101.02,99.52,100.25,99.86,93.37,108.88,103.49,100.13,99.81,102.15,104.48,99.41,70.8,100.12,101.79,106.08,105.6,103.6,104.87,99.76,103.75,128.33,79.2,109.56,100.75,104.09,101.06,103.63,102.28,102.74,102.73,106.19,106.87,110.34,100.35,100.19,101.39,103.56,134.86,97.86,99.98,100.0,103.23,102.49,100.84,132.86,100.0,134.32,98.47,99.76,105.34,104.3,98.58,93.24,101.92,102.59,102.34,105.9,98.9,104.68,105.09,126.48,100.06,106.74,159.39,100.92,101.58,100.97,92.45,100.78,100.65,103.45,110.42,107.17,109.28,104.42,98.39,102.11,101.19,99.46,98.94,98.93,104.7,101.64,100.58,162.53,104.71,106.42,97.23,66.44,104.26,115.83,101.51,98.87,99.93,111.49,101.01,100.0,107.27,121.92,98.06,104.14,101.64,98.37,101.82,107.1,94.38,110.94,100.77,105.62,100.76,107.48,100.14,108.74,104.78,101.55,101.5,105.99,101.43,94.96,110.87,106.69,102.18,107.83,100.0,100.77,100.02,105.93
2024-11-28,104.17,100.87,97.62,99.82,99.8,90.35,108.75,103.56,100.19,99.72,102.33,105.21,99.46,73.12,100.35,102.0,106.19,105.25,103.72,104.22,99.52,103.88,126.73,79.01,111.71,100.79,104.32,101.27,103.56,101.24,103.39,103.19,106.26,107.0,110.54,100.49,100.05,102.14,103.82,134.6,103.08,99.97,100.0,103.0,102.15,100.75,130.67,100.0,134.79,98.64,99.84,105.37,104.66,97.87,93.19,101.91,102.58,102.56,106.11,99.7,103.95,104.71,126.65,100.04,106.44,162.72,100.92,105.69,101.12,92.55,100.79,100.83,103.46,110.6,109.92,109.65,100.39,99.15,102.14,101.17,99.67,97.82,99.01,104.25,101.7,100.73,174.81,104.71,105.95,96.73,69.6,104.53,114.22,101.51,98.88,99.52,112.08,101.17,100.0,107.58,122.0,98.58,104.01,101.67,98.85,101.88,107.2,94.07,110.84,100.81,105.64,100.91,107.13,100.24,108.81,104.8,101.58,101.5,106.46,101.5,95.03,111.05,106.63,102.13,107.65,100.0,100.83,100.02,106.36
2024-11-29,105.49,101.38,100.01,100.17,102.19,90.19,109.37,103.44,101.07,101.18,104.17,105.59,101.76,83.22,104.77,101.83,106.46,107.16,103.6,104.35,101.04,105.6,127.29,80.6,102.99,101.1,105.94,101.07,106.92,101.92,104.28,103.83,107.06,110.05,110.17,102.7,100.24,104.99,111.34,132.36,99.81,99.96,100.0,103.87,102.35,100.54,129.84,100.0,135.01,105.71,102.22,105.43,106.81,102.61,93.13,103.26,103.37,105.33,106.87,104.36,104.37,104.6,120.69,100.04,110.39,165.2,100.93,143.94,101.89,97.28,100.7,101.31,103.33,108.43,109.46,110.57,106.47,104.02,102.2,103.56,99.85,90.99,100.74,105.11,102.79,104.06,171.05,104.85,107.03,95.86,72.56,108.14,114.52,101.67,98.91,102.56,115.74,103.15,100.0,107.82,122.45,101.29,105.67,101.88,103.23,104.66,106.39,100.48,112.25,101.87,104.07,101.92,107.15,100.31,108.99,104.88,101.55,102.96,106.86,101.84,96.6,112.15,106.49,103.38,114.8,100.0,100.84,100.02,105.85
2024-11-30,105.81,102.87,97.86,100.26,102.37,90.06,109.55,103.45,101.17,101.2,104.09,106.17,101.78,82.54,105.42,101.83,106.38,107.3,103.67,104.66,101.27,105.64,127.78,85.24,102.8,101.18,105.82,100.96,109.14,101.97,104.45,103.87,107.15,110.18,110.26,103.28,100.37,105.1,110.39,133.01,100.22,99.96,100.0,104.61,102.33,100.02,130.0,100.0,131.83,107.06,102.76,105.52,107.17,103.57,93.07,103.26,103.56,105.54,107.01,104.75,104.68,104.63,121.4,100.04,109.52,167.22,100.95,148.64,102.08,101.75,100.72,101.24,103.75,107.78,108.98,109.97,130.57,104.67,102.24,104.61,100.06,97.51,111.78,105.21,102.9,107.71,177.29,104.75,107.1,97.47,71.96,108.45,114.78,102.31,98.89,103.58,118.9,102.95,100.0,107.44,122.85,101.94,105.89,101.99,103.92,105.51,106.53,101.28,112.52,102.23,104.1,102.08,107.3,100.32,108.67,104.83,101.44,103.31,107.48,101.9,97.13,111.89,106.59,103.72,114.67,100.0,100.86,100.02,105.88
2024-12-01,105.77,103.07,98.87,100.28,102.44,89.92,109.85,103.52,101.19,101.3,104.18,105.83,101.81,82.36,105.32,101.81,106.49,107.41,103.74,104.8,101.34,105.63,128.26,85.29,98.73,101.78,105.86,100.98,107.37,102.0,104.42,104.03,107.37,110.3,110.44,103.85,100.37,105.19,110.28,133.66,100.33,99.96,100.0,104.67,102.37,100.11,130.57,100.0,132.43,107.87,102.64,105.57,107.29,103.47,92.99,103.41,103.81,105.63,107.13,104.72,104.64,104.72,122.59,100.04,109.76,169.23,100.97,149.31,102.14,101.83,100.73,101.32,103.99,108.17,108.95,110.53,131.12,104.7,102.22,105.05,100.35,98.87,113.51,105.29,102.93,104.39,178.94,104.84,107.2,97.7,71.36,108.46,115.04,102.49,98.87,103.34,119.62,103.0,100.0,107.58,123.24,102.05,106.02,102.0,104.74,106.21,106.67,102.07,112.79,102.12,104.09,102.14,107.52,100.16,108.83,104.84,101.47,103.37,107.61,101.92,96.85,112.07,106.69,103.86,114.95,100.0,100.87,100.02,105.91
2024-12-02,105.89,103.13,99.89,100.78,102.44,95.56,109.84,103.34,101.2,101.11,104.25,105.26,101.83,85.69,105.56,101.64,106.54,107.18,103.68,104.69,101.19,105.57,128.75,85.13,102.04,101.84,105.71,101.0,107.59,102.06,104.69,103.91,106.88,110.72,110.31,104.25,100.36,105.29,109.53,134.3,100.23,99.98,100.0,105.12,102.41,100.08,131.72,100.0,128.06,108.36,103.06,105.5,107.48,103.48,93.35,103.4,104.81,105.79,106.53,104.97,104.58,104.91,121.8,100.04,109.9,170.93,100.98,150.06,102.48,101.89,100.75,101.61,104.07,107.93,108.98,110.87,130.83,104.76,102.15,105.27,101.21,99.18,113.69,104.94,102.86,107.45,180.59,104.88,107.06,96.3,70.77,108.81,115.31,103.69,98.85,103.47,118.72,102.85,100.0,107.42,123.63,102.49,106.17,101.94,104.64,106.27,106.81,102.11,113.02,102.09,103.86,102.08,107.6,100.18,108.64,104.8,101.49,103.23,107.54,101.97,96.71,110.51,106.95,103.79,115.15,100.0,100.87,100.02,106.02
2024-12-03,105.93,103.33,99.8,101.0,103.15,96.39,110.28,103.48,101.21,101.13,103.96,106.1,101.86,82.0,105.76,101.58,106.33,107.37,103.72,104.85,101.19,105.38,127.85,82.99,102.25,101.68,105.76,101.02,108.26,102.18,104.54,103.66,107.43,108.04,110.49,104.39,100.36,105.49,109.13,135.06,100.07,100.19,100.0,105.62,102.45,99.63,132.29,100.0,128.21,108.59,103.04,105.44,108.05,103.49,93.3,103.27,104.86,105.81,106.48,105.25,104.66,105.0,115.03,100.04,108.79,175.1,101.0,150.91,102.56,103.83,100.76,101.91,104.29,108.49,109.48,110.79,136.77,104.76,102.11,105.64,101.9,99.14,113.78,105.02,102.86,107.18,183.51,104.93,107.21,96.97,67.04,108.83,115.57,103.33,98.87,104.35,122.75,102.82,100.0,107.95,121.53,102.39,105.71,101.93,104.82,106.65,106.95,102.11,113.03,101.49,104.17,102.11,107.85,100.19,108.88,104.74,101.52,103.38,107.36,102.09,96.61,110.69,107.01,103.77,115.07,100.0,100.86,100.02,106.3
2024-12-04,106.05,105.31,97.45,101.05,102.72,93.37,110.39,103.81,101.23,101.15,103.93,106.31,101.92,90.84,106.1,101.54,106.41,107.47,103.6,105.8,101.37,105.31,128.33,85.24,100.11,101.74,105.94,100.96,108.5,102.6,104.66,103.92,107.5,106.87,110.34,104.17,100.33,105.47,109.24,134.86,96.74,99.98,100.0,105.84,102.49,99.52,132.86,100.0,128.71,109.08,103.13,105.35,107.97,103.59,93.24,103.08,104.65,106.12,106.75,105.25,104.68,105.09,114.53,100.04,108.44,222.9,100.92,152.5,102.6,103.91,100.78,102.36,104.34,110.25,110.7,110.91,134.39,104.56,102.11,106.58,101.93,98.82,114.2,105.05,102.9,105.56,190.92,104.97,107.36,106.88,66.44,109.02,115.83,103.08,98.88,103.88,126.07,102.73,100.0,108.09,121.92,102.84,106.19,101.92,105.34,106.73,107.1,102.2,113.0,100.97,104.53,102.15,107.83,100.62,108.87,104.77,101.55,103.53,107.41,102.2,96.0,110.87,107.0,103.7,115.18,100.0,100.85,100.02,106.42
2024-12-05,106.13,105.23,95.29,100.61,102.83,90.35,110.44,103.89,101.3,101.06,104.08,105.83,101.96,93.16,106.65,101.69,106.53,107.55,103.72,107.53,101.8,105.38,126.73,85.12,100.64,101.86,106.17,101.17,108.17,104.46,104.46,104.29,107.43,107.0,110.24,104.57,100.2,105.97,109.26,134.6,82.32,99.97,100.0,106.01,102.15,99.44,130.67,100.0,129.17,109.3,103.36,105.37,108.27,103.48,96.89,103.15,105.03,106.72,106.91,106.04,103.95,104.71,115.4,100.04,109.12,230.22,100.92,155.67,102.75,104.01,100.79,102.44,104.3,110.43,110.05,112.16,130.35,104.58,102.14,107.04,101.65,98.2,114.31,104.25,102.96,105.27,189.82,104.89,107.31,112.44,69.6,109.78,114.22,104.11,98.89,103.93,126.66,102.88,100.0,108.01,122.0,102.99,106.17,101.95,105.67,106.93,107.54,101.89,112.84,101.11,104.56,102.18,108.29,100.72,108.91,104.78,101.58,103.45,107.41,102.25,96.26,111.05,107.5,103.94,115.15,100.0,100.83,100.02,106.39
