,"Alkolsüz içecekler (meşrubat, ayran vb.)","Başka yerde sınıflandırılamayan diğer gıda ürünleri (tuz, kabartma maddeleri, sirke, ketçap, mayonez vb.)",Dana eti,Diğer etler ve yenilebilir sakatatlar,"Diğer fırıncılık ürünleri (bisküvi, kek, kraker, yufka, baklava vb.)","Diğer süt ürünleri (yoğurt, hazır sütlü tatlı vb.)",Dondurma,Ekmek,Kahvaltılık tahıl ürünleri,Kahve,Konserve edilmiş veya işlenmiş balık,"Konserve edilmiş veya işlenmiş sebze içerikli ürünler (salça, turşu, zeytin vb. dahil)",Kuru baklagiller,Kuru meyve ve sert kabuklu yemişler,Kuzu eti,Makarna çeşitleri,Margarin,Meyve ve sebze suları,Patates,Peynir,Pirinç,"Reçel, marmelat, bal vb. ürünler",Su ve maden suyu,Süt,"Sıvı yağlar (zeytinyağı, ayçiçek yağı)",Tavuk eti,Taze balık,Taze meyveler,Taze sebzeler (patates hariç),Tereyağı,Toz kakao,Un ve diğer tahıllar,Yumurta,Çay ve bitki çayları,Çikolata ve şekerlemeler,"Şarküteri ürünleri (sucuk, sosis, salam vb.)",Şeker
2024-10-31,100.0,100.0,100.0,100.0,100.0,100.0,100.0,100.0,100.0,100.0,100.0,100.0,100.0,100.0,100.0,100.0,100.0,100.0,100.0,100.0,100.0,100.0,100.0,100.0,100.0,100.0,100.0,100.0,100.0,100.0,100.0,100.0,100.0,100.0,100.0,100.0,100.0
2024-11-01,100.0,99.9847396959847,99.6674832179502,99.25998622164823,100.0422627424008,100.0,100.3011567244836,100.0,100.44907202473745,100.0,100.14893918068557,99.95028339029567,99.90817506565409,99.73891989405864,99.85097276611047,100.35815936946,100.0,100.0,96.87238116410629,100.0306421577204,100.0,100.0812451626484,100.0,100.19441157692432,100.18679228089155,100.14381877026932,102.28128822479898,100.1135413198603,99.98760182387203,100.0,100.0,100.0,100.0,102.24536723528148,100.0,99.83970794702392,100.0
2024-11-02,100.0,99.9847396959847,99.6674832179502,98.4568997167223,100.03269337224425,100.0,100.3011567244836,101.21021710838367,100.44907202473745,100.0,100.14893918068557,99.99627576786602,99.90817506565409,99.73891989405864,99.85097276611047,100.35815936946,100.0,100.0,96.87238116410629,100.0306421577204,99.92017805034938,100.02026663186918,100.0,100.19441157692432,100.18679228089155,100.18012696804254,102.28128822479898,100.1135413198603,99.98760182387203,100.0,100.0,100.0,100.0,102.66930288922396,100.0,99.83970794702392,100.0
2024-11-03,100.0,99.9847396959847,99.6674832179502,97.77958638622948,100.03269337224425,100.0,100.3011567244836,101.21021710838367,100.44907202473745,100.0,100.14893918068557,99.99627576786602,99.90817506565409,99.73891989405864,99.85097276611047,100.35815936946,100.0,100.0,96.87238116410629,100.0306421577204,99.92017805034938,100.02026663186918,100.0,100.19441157692432,100.18679228089155,100.4772386797931,102.28128822479898,100.1135413198603,99.98760182387203,100.0,100.0,100.0,100.0,102.66930288922396,100.0,99.83970794702392,100.0
2024-11-04,99.93290740116173,99.99631092610505,99.6674832179502,97.77958638622948,100.03269337224425,100.0,100.3011567244836,101.77858143461982,100.44907202473745,99.98333580606631,100.14893918068557,100.0620518369386,99.90817506565409,99.73891989405864,99.85097276611047,100.35815936946,100.0,100.0,96.87238116410629,100.0306421577204,99.92017805034938,100.02026663186918,100.0,100.19441157692432,100.18679228089155,100.42259245183848,102.28128822479898,99.78536115253098,100.87813309694786,100.07309941520472,100.0,100.0,100.0,102.66930288922396,100.0,99.83970794702392,100.0
2024-11-05,99.93290740116173,99.99631092610505,101.2005106509085,98.99276084141972,100.04601683824393,99.66606670634235,100.3011567244836,101.77858143461982,100.44907202473745,99.98333580606631,100.14893918068557,100.0988251239343,99.90817506565409,99.73891989405864,101.6181503370218,101.6684497105422,100.0,100.0,97.27770493466736,100.17570285747897,99.92017805034938,100.10749389615934,100.0,100.2291319829113,100.18679228089155,100.81739741620304,102.03324037475916,98.94099246402466,103.18682826975353,100.07309941520472,100.0,100.0,100.0,103.15605379246315,99.92096613399427,99.86065461583199,100.0
2024-11-06,99.93290740116173,99.99631092610505,101.55587081048397,101.03428747993412,100.04197395723644,99.66606670634235,100.3011567244836,101.77858143461982,100.44907202473745,99.98333580606631,100.14893918068557,100.15432010028755,99.90817506565409,99.73891989405864,101.6181503370218,101.6684497105422,100.0,100.0,97.27770493466736,100.17570285747897,99.92017805034938,100.10749389615934,100.0,100.2291319829113,100.39316642129181,100.81739741620304,102.03324037475916,98.8512029753571,103.48282943041443,100.07309941520472,100.0,100.0,100.0,103.15605379246315,99.99320541756018,99.86065461583199,100.0
2024-11-07,99.93290740116173,99.99631092610505,102.05257285461109,100.8096810344077,100.05791501565358,99.56019128666676,100.3011567244836,101.77858143461982,101.37819398066723,99.98333580606631,100.14893918068557,100.2109053020825,99.90817506565409,99.73891989405864,102.0425919860643,101.9340558520981,100.0,100.0,97.27770493466736,100.73225111384502,100.56222315484963,100.61941581684452,100.0,100.28277921942734,100.82997707724562,101.17834873357548,102.1074410159675,98.88233654358626,102.84332965017242,100.07309941520472,100.0,100.05814474156863,100.50981606492589,103.15605379246315,99.99320541756018,100.04301774778051,99.94971619257709
2024-11-08,100.21309833486826,100.87298147555039,101.68384428750706,100.8096810344077,99.76888605348927,99.77059832024842,100.04405249469362,102.11628808768462,103.49258334856091,100.39058576623658,99.61499533868492,99.87688952755707,97.73329258168432,99.5271369761585,101.68752506949392,104.08752331840985,100.0,100.274606155037,96.37712214501572,101.22088847518481,98.90954289143286,99.459552056256,100.34327269864534,100.1465259314966,101.78273021077757,100.21588164193005,100.80818450980362,99.20261377202914,106.63363224526718,100.25341269692538,99.15880145333553,100.5204406241856,99.94615764658936,102.8953421172651,100.977086333721,100.57646219827663,99.98439270977943
2024-11-09,100.50858233912221,100.94425788788762,100.99991039120675,100.69801581950672,99.781748298823,99.6868931657035,100.04405249469362,102.11628808768462,103.38102469515316,100.39058576623658,99.61499533868492,99.89457385933554,97.40623068601919,99.06634938202633,101.68445875186131,104.32040443233328,100.0,100.33562296072714,96.69253818112668,101.25935183772496,98.65719903659732,99.41033663250778,100.21872174216907,99.9482294696164,101.67309639608418,100.21588164193005,102.60126576265792,99.27315032323344,107.77023538793952,100.25341269692538,99.15880145333553,100.5204406241856,99.94615764658936,102.91472581611359,100.98212711009491,100.65286869667487,99.98439270977943
2024-11-10,100.49863221404117,101.58998229546977,101.18663932094994,100.69801581950672,99.781748298823,99.68753816614343,100.04405249469362,102.66141646499982,103.63404274058124,100.43779759938194,99.61499533868492,99.91720408001781,97.40623068601919,99.06634938202633,101.74437289005476,104.32040443233328,100.0,100.43327645549192,96.69253818112668,101.41894326313499,98.65719903659732,99.41033663250778,100.19464325339655,99.9482294696164,101.67309639608418,100.21588164193005,102.60126576265792,99.27315032323344,107.77023538793952,100.25341269692538,99.15880145333553,100.51534841447712,99.94615764658936,103.27526333839847,100.91094711099208,100.65286869667487,99.98439270977943
2024-11-11,100.27830134253473,101.65401334508095,101.40113021867192,100.69801581950672,99.781748298823,99.68753816614343,100.04405249469362,102.81394526650789,103.67326753654478,100.43779759938194,99.61499533868492,99.89662220737358,97.40623068601919,99.51276656279579,101.32853773343756,104.32040443233328,100.0,100.49341614199226,93.75756965233244,101.41452905200904,98.7165966310118,99.41033663250778,100.21090025419849,100.19030893878178,101.90905665991284,100.17849041905116,102.19356656247996,100.26651590420772,109.09526316502453,100.25341269692538,99.15880145333553,101.13836624847752,100.33937935564248,103.27526333839847,100.92358264770458,100.68660460602146,99.98439270977943
2024-11-12,100.83263593209382,101.69991400972293,101.93372545709629,99.5265229123612,99.79661882751273,99.70552783598256,100.04405249469362,102.81394526650789,104.17926480544723,100.43779759938194,99.5591848979112,99.80650313644236,97.40623068601919,99.76551644169884,101.16596032683482,104.56161654276235,100.0,100.49341614199226,93.75756965233244,100.98391732278202,98.7165966310118,99.40844721580046,100.20059885830202,100.04809039034912,102.06561330016368,100.7175854751174,103.43367657895818,99.7234575748186,110.89607067062455,100.25341269692538,99.30236752076827,101.26109216615566,101.97515158064614,103.27918561187465,100.90823742991097,100.7967409738624,99.98439270977943
2024-11-13,100.74027431804777,101.77603488962986,102.0154358582643,99.5265229123612,99.78470667457356,100.13929348154163,99.9628280962655,102.6844668623942,104.2798503912182,100.44238739488087,101.44473285542462,99.92814952982187,97.62180646917827,99.7662145036647,103.95684436543564,104.56161654276235,100.0,100.49341614199226,99.34631592978636,100.80721429232895,98.7165966310118,99.47412639478786,100.19450771856899,100.04809039034912,102.06561330016368,100.93058126492988,102.80355893505522,100.29215599811296,113.52785474639036,100.25341269692538,99.30236752076827,101.88183841227918,102.8779893986905,103.27918561187465,99.98817105880792,100.87830112709717,99.98439270977943
2024-11-14,100.39256492670255,101.8501458962487,102.12298719711342,100.86741946552311,99.4578869611376,100.13865799604511,99.9628280962655,102.11244107074393,103.80295477337704,100.44238739488087,101.45547976039668,99.68883180077347,97.39105749388611,99.76621569339427,104.20949473753831,104.5365057293169,100.0,100.4435847003099,99.34631592978636,101.0406336863256,99.20168696800016,99.47412639478786,100.17014360402163,100.24767723031988,103.08226132114338,101.06780096918109,104.22246876012188,100.29814793635947,114.17925555120021,100.25341269692538,99.30236752076827,101.88183841227918,103.29755705529202,103.27918561187465,100.01048267993808,100.87998361251694,101.03494187551918
2024-11-15,100.79871483135724,101.50915579125035,101.784764417855,101.23027029300712,99.35448708879241,100.07156458064725,99.74892415189368,102.08993695149968,103.9984992024022,100.25586409311578,101.5407030156232,99.60142096435979,97.40687992376573,100.02354785953649,103.67426363975945,104.5365057293169,100.0,100.35129983252746,99.34631592978636,100.92984142360993,99.26827540657564,99.24281989067437,100.17014360402163,99.83571876471412,102.65181313510516,99.95829515186944,103.02238794572456,100.25277664666629,114.05560300161628,100.25341269692538,99.30236752076827,101.93103538763498,103.76470112020296,103.27918561187465,100.00268575311324,100.07028980600494,101.03494187551918
2024-11-16,100.8547763259622,101.74754590885486,100.58164713797039,101.23027029300712,99.32893730866263,100.11003478546918,99.98584818013737,102.08993695149968,104.0924256128001,100.25586409311578,101.47192581548934,100.06280232721252,97.40687992376573,99.9479064364428,103.90681772289898,104.5365057293169,100.0,100.2010733357722,98.1380907436534,100.86385063036283,99.26827540657564,99.84818775087108,100.21085768113723,99.89057935509769,102.4615109320673,100.37562074132718,103.27948586135494,100.97297759998447,114.74772507803941,100.25341269692538,99.64808671180676,101.97498153177558,104.18354898380639,103.14277075103813,100.13268114765286,100.27856420108571,101.03494187551918
2024-11-17,100.81905553183044,101.74754590885486,100.58164713797039,101.23027029300712,99.13152908051629,100.07570553562361,99.98584818013737,102.2054780182184,104.09405288202665,100.36436432680527,101.47192581548934,100.07907782862833,97.40687992376573,99.9479064364428,103.90681772289898,104.5365057293169,100.0,100.19547425910072,98.1380907436534,100.81566290150381,99.26827540657564,99.78885165055674,100.2324706253218,99.94142863191873,102.4615109320673,100.54001613661283,103.27948586135494,100.97297759998447,114.74772507803941,100.25341269692538,99.64808671180676,101.97498153177558,104.18354898380639,103.14277075103813,100.1244755641307,101.17060129369555,101.03494187551918
2024-11-18,100.78443267069099,102.1537987474719,101.0608993866824,101.23027029300712,99.71318305295132,100.07634574521815,100.15519759458984,102.41604129434585,103.95158357749582,100.36436432680527,101.47192581548934,100.09387272833274,97.40687992376573,99.9479064364428,104.60091804168918,104.5365057293169,100.44870940512682,100.54157408786442,98.1380907436534,101.07033437039279,99.26827540657564,99.77930042302705,100.48387844743436,100.36976038673431,103.007202218975,100.54001613661283,105.22274974656311,100.98028938191732,115.59445869938546,100.25341269692538,99.64808671180676,101.97498153177558,104.18354898380639,103.14277075103813,100.27730642339377,101.58565041803136,101.03494187551918
2024-11-19,101.38842854338775,102.17931277792289,102.8559771946292,101.2899834362884,99.75317298119211,100.0589766307455,100.15519759458984,102.43923070706956,104.91433568269647,100.38797946377986,101.51100345110694,100.19604491096426,97.40687992376573,99.9479064364428,104.60091804168918,104.7231137501579,100.44870940512682,100.54157408786442,97.02218772763597,101.01417523098716,99.14075208028828,100.26614301080632,100.64575667653126,100.34258883728262,103.05343300134714,102.5399098238106,104.43001670814162,100.87354207715669,115.04354796721134,100.34864700423698,99.64808671180676,101.87516018935547,105.05939658150972,103.3432526722971,101.66249735569599,101.94007803928066,101.75085124406247
2024-11-20,101.38842854338775,102.21537424595462,102.99832770086319,101.2899834362884,99.71676649279264,100.11168384456846,99.5755009491855,102.43923070706956,105.24480324720606,100.38797946377986,101.56363176393648,100.22995613170704,97.40687992376573,99.9479064364428,104.7137601631277,104.72311346272363,100.44870940512682,100.54157408786442,99.36804590861,101.09977984776918,99.14075208028828,100.26614301080632,100.67608521357847,100.38237129008604,103.21710289292282,102.97877163981768,103.81715294453866,101.46682955447098,114.54099401239539,100.34864700423698,99.64808671180676,102.24435082956491,105.27709860149028,103.3432526722971,101.58728854485037,101.33334838626647,101.75085124406247
2024-11-21,101.60147992854675,102.27799320645919,103.19170598434218,103.9616819165743,100.35439510269943,100.75020910073688,99.7268160412684,102.29059992851516,104.98074481722055,100.29184615823911,101.61697734160859,100.50744215447027,101.53087646680771,101.51445572828344,105.76929846280365,104.92118712544338,100.97787921717432,100.93625767740654,99.36804590861,100.52950582273013,102.48259465276392,99.90983376897253,100.59608610632968,100.558200123827,102.85882024306471,102.86349603248223,104.61445187019775,101.00112014628854,113.14775324473125,100.23904040440443,101.8769134224142,102.32865621948437,105.5600402986696,103.3432526722971,103.03672932333356,101.19491245193097,101.67323240284382
2024-11-22,101.418235412236,101.96848169764819,103.09987799236502,103.9616819165743,100.69709213863499,100.84415348675724,99.7268160412684,102.20553055906475,104.7915495202399,99.76382800930423,101.34424178077586,100.65860848616617,102.52936873887855,101.57887618265444,105.22605604645643,105.04433756620392,100.97787921717432,100.79350424462234,95.49379627931862,100.17642945260454,103.17963439889243,99.90371693227934,100.5836952911719,100.02042734829604,102.72015492727009,101.29057686616132,104.61445187019775,100.92106881905212,113.04866543338431,100.23904040440443,101.8769134224142,102.17298100883258,105.15968109758795,104.30478851338508,100.42452513968473,101.25518791522752,102.23388178727278
2024-11-23,101.42275408255492,102.2299808570275,102.11745939921204,102.3512244550113,100.71542144731704,100.88275535622493,99.7268160412684,102.20553055906475,105.15962459924523,99.61681316708135,101.34424178077586,100.69906525060914,102.61173908194783,101.57887618265444,105.39598234804816,105.04433756620392,106.52220992721028,100.07856093153444,94.91311037917067,100.01001838225486,103.09832171997839,100.30141613744968,100.5703287477126,100.15154875194563,102.52973645303966,101.09617105384064,104.8004265087232,102.05167072364833,112.33839486520189,100.23904040440443,101.8769134224142,102.17298100883258,104.78041535526414,104.30478851338508,100.61338799586316,100.8256508464153,102.23388178727278
2024-11-24,100.72316145150589,102.2299808570275,102.11745939921204,102.3512244550113,100.6787233074548,100.5141963873412,99.7268160412684,102.07538822446864,105.15962459924523,99.61681316708135,101.34424178077586,100.82310674036692,102.61173908194783,101.57887618265444,105.39598234804816,105.33687063354786,106.52220992721028,99.80513516237544,94.91311037917067,100.0040336654576,103.09832171997839,100.30141613744968,100.51732281499363,100.25911483561512,102.52973645303966,100.97588802066649,104.8004265087232,102.05288515268012,112.33839486520193,100.23904040440443,101.8769134224142,102.17298100883258,104.78041535526414,104.30478851338508,100.26485236088185,100.9100762677082,101.85117964187134
2024-11-25,100.78456399834765,102.25134292955423,102.35845644999738,102.3512244550113,100.77657020075412,101.11578731299966,99.72681603562648,102.2216744432845,105.43337933774492,99.63441747286818,101.34424178077586,101.32177203362438,102.61173908194783,101.57887618265444,105.39598234804816,105.33687063354786,108.60324990780197,99.52002418989493,94.91311037917067,100.23122612607615,103.09959621361406,100.02679072592274,100.51732281499363,101.03346305862794,102.72787337720874,100.92827260564523,107.8296450485929,102.2766033354473,112.92273455628215,100.7312600880643,101.8769134224142,102.17298100883258,105.48310295872795,104.30478851338508,100.38880332192133,102.09530627235112,102.28680410441653
2024-11-26,100.85619701529262,102.3891873467057,103.2652613231497,104.57416043687795,100.77657020075412,101.11762254158805,100.90173027009288,102.46903188286541,105.59387435986322,100.12244318980605,101.34424178077586,101.33402742088813,102.61173908194783,101.57887618265444,105.1232909343437,105.42596175094596,109.01076679300942,99.4140813830394,99.26012169349764,100.40213980005828,103.09959621361406,100.25013990017851,100.5910954613747,101.03346305862794,102.52348865741072,102.12367991437203,107.624636114851,102.85691499323877,112.7094881026547,100.7312600880643,101.8769134224142,102.17298100883258,105.72885571856902,104.30478851338508,100.65845890157723,102.41006129506304,102.58378417206701
2024-11-27,102.11447534824316,102.33956375132782,103.46478508883582,105.87163677937195,100.79203347478945,101.13009485591901,100.90173027009288,102.46903188286541,105.59387435986322,100.2670516105079,101.85231415184106,101.05381677932522,102.61173908194783,101.55292140916788,106.02624768853892,105.46179948174597,109.01076679300942,99.8771500293863,99.70597509645656,100.37183720850982,103.14687876175144,100.17342725299278,100.64944877085861,100.86556305516363,102.33463613932936,102.71896428476867,106.88252727006926,103.065731147543,113.34183866686114,100.6481621998544,101.8769134224142,102.17298100883258,105.96942902335155,104.30478851338508,100.65848812828652,102.41006128448448,103.91372895105097
2024-11-28,102.09558116186098,102.33629662413072,103.49642052658696,106.1523669371,100.79203347478945,101.14556436730871,100.90173027009288,102.46903188286541,105.59635479533556,100.106982276749,101.8019640253868,101.02579733905974,102.61173908194783,101.62615972580929,106.4976325843421,105.46179948174597,109.7317146887181,99.81456164683064,99.70597509645656,100.41071676518973,103.26871166839386,100.15586774186917,100.66313973329528,100.86556305516363,102.33463613932936,102.8387323936116,107.86501566101232,103.69435762105755,112.44520355076936,100.6481621998544,101.8769134224142,102.17298100883258,106.53230485798046,104.17662578302127,100.73190606935312,102.41006073405615,103.91372895105097
2024-11-29,102.187915531212,102.40262066907924,103.6120574413316,106.31544811556246,100.9133962893091,101.27674241903082,101.12126175928051,102.60572328373485,105.71333471185392,100.25619133801654,101.8730756601224,101.06741269301534,102.69706831168976,101.6992315916769,106.59309594936576,105.55144833252072,109.85588374321009,99.90451205954444,99.8673762388873,100.50053612580827,103.37971148525334,100.24319582732373,100.72676599382051,101.0102729920896,102.40348442383149,102.89707921384297,108.18353405920051,103.88657540670319,112.65246883000441,100.76578694322764,102.00202210717725,102.22569333890806,106.64679804384431,104.27405259921039,100.80673339616311,102.52028844511445,103.98509103057667
2024-11-30,102.10113358025603,102.45027931608507,103.29558246199888,106.1523669371,100.79203347478945,101.41734521531038,100.90173027009288,102.46903188286541,105.80408593996609,101.21085857610714,101.95777085351784,101.03067611425791,102.61173908194783,101.62615972580929,106.37271088772778,105.81385125918517,109.7317146887181,99.96494866264008,99.70597509645656,100.45475479810794,103.26871166839386,100.34681552671192,100.66313973329528,101.6471259031135,102.65755484144547,103.1690792982015,108.80263231600804,104.03132383746629,112.65983890787017,100.6481621998544,101.8769134224142,102.17298100883258,106.53230485798046,104.17662578302127,101.22807108900645,102.4766354611842,103.91372895105097
2024-12-01,102.10045701077932,102.45027931608507,103.2963816827537,106.1523669371,100.79629775257189,101.3505778276421,101.57337075864676,102.46903188286541,105.92518575949983,101.44554292176889,102.06092984974482,101.04846441284299,102.61173908194783,101.62615972580929,106.50443933588932,105.9252748699373,109.7317146887181,100.3529361110807,95.72796526074724,100.36374204248098,103.26871166839386,100.53983883095515,100.66313973329528,102.23675644393082,102.59737296804414,103.0795375904361,108.39968647036513,104.03132383746629,112.75287353064769,100.6481621998544,101.8769134224142,102.17298100883258,106.53230485798046,104.17662578302127,101.36714311703456,103.32549525338335,103.91372895105097
2024-12-02,102.10068940101647,102.44982735960475,103.29558322804266,108.62349776413866,100.79629775257189,101.30846681997613,101.57337075864676,102.46903188286541,106.17604511821364,101.87212321338556,103.11112842809354,101.12600119958837,102.61173908194783,101.79258508940359,106.50443933588932,105.9252748699373,110.2752627289572,100.5403778392431,100.5897207336141,100.76494880620686,103.47209730127061,100.52937677382768,100.73529103748464,102.60236801513918,102.59737296804414,103.0795375904361,108.19893961867308,108.99792805590967,113.99303565225213,100.6481621998544,101.8769134224142,102.17298100883258,106.53230485798046,104.3305935363168,101.4916063683071,103.36340532725514,103.91372895105097
2024-12-03,102.18328362247262,102.48361269801171,103.93765923601472,108.62349776413866,100.8775498328674,101.38670492387787,101.57337075864676,102.46903188286541,106.30366710013644,102.41209802196481,103.11112842809354,101.16156526441551,102.61173908194783,101.84851075224061,106.47360413154297,106.11921312762578,110.2752627289572,100.81483642615892,99.06308967072724,100.73745798843765,103.47209730127061,100.52937677382768,100.82925707223924,102.85975444771267,102.79242848537986,103.04932674034492,110.18907708192538,109.11324376577262,113.46778007878224,100.6481621998544,101.8769134224142,102.17298100883258,106.58215096857842,104.3305935363168,101.54497825840059,103.441200724512,104.19861135898856
2024-12-04,102.17769430020664,102.48316074107339,103.93765923601472,108.62349776413866,100.8775498328674,101.51041487869321,101.57337076369338,102.56378449860408,106.30366710013644,102.33604727649276,103.23208441187022,101.20926668485201,102.61173908194783,102.2798392019904,106.47360413154297,106.11921312762578,110.2752627289572,101.83917951404709,99.70866210259906,101.00064691700848,103.47209730127061,100.54837344056156,100.93356786267536,102.794143709442,102.77113617570694,102.83386379997988,109.68496608042216,109.73429336803045,114.0484245133927,100.6481621998544,101.8769134224142,102.17298100883258,106.94447469161918,104.21907629166853,101.65647377890348,103.79698177290469,104.29873965800627
2024-12-05,102.17491258396387,102.49759963652679,103.99182179366213,110.06582240498052,100.86119845410622,101.48152660697644,101.57368840869322,102.56378449860408,106.30118300394702,102.47293199594158,103.5212820474951,101.29907843299975,102.61173908194783,103.0494070603577,107.0732505937278,106.11921312762578,111.89567188138948,102.29116111949168,99.70866210259906,101.4419377027735,103.98762664466716,100.79306590512836,100.93356786267536,102.9394797219727,102.8727878832862,102.61084593989074,108.96200168197949,109.75716758049332,113.88506491327107,100.53664069049168,101.8769134224142,102.2559926358025,107.06027060600655,104.70040729495018,101.8256385838274,103.75094019731293,105.12172821964248
2024-12-06,102.19096604392703,102.44217038961303,105.03304153627695,110.06582240498052,100.95965427468867,101.52448535745474,101.57368840869322,102.56378449860408,106.55790090165,102.60679756096029,103.78975397953366,101.14435881504569,102.69525417375837,103.04858294734125,107.2432219307275,106.11921312762578,112.03142742442141,102.516781785131,99.70866210259906,101.28419198945622,104.31919391952344,100.93201273073866,100.94745737094834,103.02407013193393,102.65985003378944,101.90645806771413,109.43284363965422,109.45186946136135,113.93986980753384,100.97376802646454,101.23808566842136,102.2559926358025,107.32036962051382,104.70040729495018,101.84517650436185,102.74641158989617,105.02372748234575
2024-12-07,102.18682002760889,102.4454864063529,103.9630867920458,109.80972732859354,100.95965427468867,101.50310934769153,101.57368840869322,102.56378449860408,106.56040398242858,102.94604181462188,103.95330870010196,101.1105015883432,102.69525417375837,103.04858294734125,106.98002482276068,106.11921312762578,111.91114909748292,102.516781785131,99.70866210259906,101.42123005627872,104.31919391952344,101.03118476727862,100.94745737094834,103.07996030650328,102.50847668101856,101.93429545922454,110.16623963259002,109.43102964244717,113.82152648534361,100.97376802646454,101.23808566842128,102.2559926358025,107.40395767087566,104.72162881627168,101.84709146475134,102.5406211327664,105.02372748234575
2024-12-08,102.18111464779965,102.4454864063529,103.9630867920458,109.80972732859354,100.96094526883061,101.72160201716255,101.57368840869322,102.56378449860408,106.56040398242858,102.99796472484776,103.95330870010196,101.12832236573665,102.69525417375837,103.04858294734125,106.98002482276068,106.11921312762578,111.90913819254106,102.6378011530353,99.70866210259906,101.42101600013824,104.2993105823241,101.03118476727862,100.94745737094834,103.21108339787956,102.45801333832387,102.02097655421495,109.7582437261939,109.43102964244717,113.82152648534361,100.97376802646454,101.23808566842101,102.2559926358025,107.40395767087566,104.72879056170609,101.84586538270848,102.5406211327664,105.02372748234575
2024-12-09,102.18111464779965,102.9179349799469,103.8124809883226,109.80972732859354,100.97803738066669,101.72160687790934,101.57368840869691,102.56378449860408,106.5579138868308,103.10467688719763,103.95330870010196,101.11178203236659,103.10755600240252,103.04941160903344,106.98002482276068,106.11921312762578,111.88555329688803,102.70496413990546,99.70866210259906,101.42101600013824,104.51693873248662,101.04500055098259,100.94745737094834,103.37177709734048,102.45801333832387,102.68997731159996,110.23333548589432,108.54531809604072,114.18243764764719,100.97376802646454,101.23808566842101,102.2559926358025,107.40395767087566,104.72879056170609,101.94075650568209,102.98084445864578,105.02372748234575
2024-12-10,102.3067428353153,103.11648167576335,104.91093697679199,110.1137771665548,100.9859968399141,101.57381265804368,101.57370405310309,102.5810831635558,106.55541080574716,103.12296520335326,103.9741081766602,101.38097661658966,103.10755600240252,103.04941160903344,106.98002482276068,106.11921312762578,111.88555329688803,102.8046558859194,103.35078029381258,101.4200103836079,104.51693873248662,101.24012444579333,100.93440321321229,103.29489112185468,102.41578897663408,102.8527545141995,110.32152224219675,108.45202939483242,114.44501304378929,100.97376802646454,101.23808566842101,102.2559926358025,108.09349775193122,107.90797868094072,101.95369570141504,103.64877426519399,105.02372748234575
2024-12-11,102.30605877015026,103.11694081443773,105.08658675630798,110.1137771665548,100.9859968399141,101.6061858313239,101.52665094783269,102.5810831635558,106.52105764501472,103.18168476549943,103.9741081766602,101.54025038155036,103.10755600240252,103.10411215923536,106.98002482276068,106.11921312762578,112.05973942033935,102.86621556010256,102.43950859161718,101.48849160845366,104.51693873248662,101.20194113572943,101.07141593595266,103.3482966971084,102.38263103738056,102.8527545141995,110.32152224219675,108.57457564741317,115.53573081045383,100.99222101436192,101.23808566840546,102.29184393135439,108.91025832805784,107.90797868094072,101.94899609421735,103.66884344765165,105.02372748234575
2024-12-12,102.30675437195693,103.11922433468833,105.88219229535738,110.1137771665548,100.98876680962596,101.67208016665438,101.52665094783269,102.5810831635558,106.52355986033288,104.28492630311288,103.9741081766602,101.53892194045851,103.10755600240252,103.10505569315143,106.98002482276068,106.28545033046946,112.2455695421678,102.8908788378856,98.44550604726928,101.42965887153723,104.51693873248662,101.20194113572943,101.07141593595266,103.34968784392082,102.95113411137406,103.96497939271762,111.04255374230496,108.64081890462924,115.42755418978928,100.99222101436192,102.36736514645402,102.29184393135439,108.91025832805784,107.90797868094072,101.95653599039902,103.39961945845737,105.48884463603314
2024-12-13,102.30584228379473,103.11372834967794,105.5191046665701,110.1137771665548,101.72953687117703,101.63757001693237,101.52130363026586,104.77232170893558,106.42306049023004,105.0989818152233,103.9741081766602,101.55852614112013,103.10755600240252,103.24533452368499,107.05622549218587,106.28545033046946,112.2455695421678,103.0754967984536,96.755027660599,101.48729346808972,104.78369695530331,101.20194113572943,101.07141593595266,103.39645240855609,102.95113411137406,103.76975273011672,111.1147271466867,108.6908221966509,115.4773899158898,100.99222101436192,102.36736086238292,102.29184393135439,108.64337800609496,107.08966135322335,101.81153658018329,103.50668019557033,105.8888100848852
2024-12-14,102.30677499810264,103.15236192920814,105.17948469206493,110.1137771665548,101.7298340901555,101.96720607320617,101.52130363026586,105.11937058920502,106.9544187583556,105.154191691041,104.1488720533447,101.57826985332588,103.10755600240252,103.25161486475993,107.30856567905032,106.28545033046946,112.2455695421678,103.25903942041734,96.755027660599,101.41828026183872,104.78369695530331,101.20194113572943,101.07141593595263,103.50515252917016,102.87109330226846,103.72796198929078,110.9406162243519,108.73583605006864,115.53729611017354,100.99222101436192,102.36736085641502,102.29184393135439,108.64337800609496,107.08490719182934,101.79659580441654,103.52087537210318,105.8888100848852
2024-12-15,102.30586290766001,103.15236192920814,105.17948469206493,110.1137771665548,101.73371300925326,101.9599046465605,101.52130363026586,105.11937058920502,107.1888260197294,105.17262261587288,104.1488720533447,101.5705907034959,103.10755600240252,103.25161486475993,107.30856567905032,106.35774076131766,112.2455695421678,103.32022709971456,96.755027660599,101.41853679062002,104.78369695530331,101.30034554251604,101.09348203400708,103.3683484963263,102.87109330226846,103.68858033510358,110.7306935131833,108.73583605006864,115.84014725088056,100.99222101436192,102.2706160141323,102.29184393135439,108.64337800609496,107.08490719182934,101.79848833852685,103.4644385996203,105.8888100848852
2024-12-16,102.30609608681908,103.20211530386491,105.23048466948967,110.1137771665548,101.73371300925326,101.9599046465605,101.52130363026586,105.11937058920502,107.1888260197294,105.18492137429696,104.1488720533447,101.58525469177002,103.10755600240292,103.25161486475993,107.49150909764144,106.35774076131766,112.2455695421678,103.32022709971456,96.755027660599,101.76902770780427,104.78369695530331,101.39929363018301,101.11559978518083,103.5251805727763,103.42691487043129,103.74516185764664,108.47728751447252,108.30704666240281,115.51450481005041,100.99222101436192,102.2706160141323,102.29184393135439,108.94339122157453,107.08490719182934,101.8003810277647,103.46078331381348,106.17721254528587
2024-12-17,102.30609602805959,103.2176653621682,106.3405767085353,110.1137771665548,101.74596606733708,102.05787323314183,101.52130363026586,105.94980389090564,107.1888260197294,105.21403329704373,104.1488720533447,101.58603420737163,103.10755597529868,103.25161486475993,107.49150909764144,106.45505195449942,112.10537678220749,103.32022773036869,99.86892633549787,101.79880519849142,104.83394541851423,101.42276326088427,101.11559979257896,103.47424703123292,103.48824660873458,103.9269262701066,112.41117611352249,108.02139983391037,115.53921262875289,100.99222101436192,102.2706160141323,102.29184393135439,108.94339122157453,108.1982559814023,101.81793716586489,103.40041536995956,106.17721254528587
2024-12-18,102.34849450449954,103.20095989058127,106.3405767085353,110.1137771665548,101.84126252845786,102.06532590063856,101.52130363026586,107.16587484230932,107.18882601972129,105.17219188485673,104.19936633805705,101.57375997293245,103.10768685025515,103.25161486475993,105.85112585919842,106.45505195449942,112.10537678220749,103.37481686426004,104.01458537806734,101.35428982515057,104.83394541851423,101.42233147225794,101.11559995456889,103.4072964403788,103.42244159735705,104.10457770131052,114.8052207016187,107.84093592755902,115.00655675974909,100.99222101436192,102.67501992358446,102.29184393135439,108.7297726143455,108.1982559814023,101.81103480525984,103.40053626803729,106.17721254528587
2024-12-19,102.34756280597863,103.32574041892538,106.35623038136418,110.9553150076147,101.76642421660924,101.9249510270662,101.52130363026586,107.32690545815046,107.18882601966033,107.20496532292498,104.79850966421829,101.48883339766547,102.74468614463534,102.54551906260878,104.89889300744288,106.45505195449942,112.49825694586735,103.45175655987578,107.79125473522893,101.13470543095515,104.83394541851423,101.56415903388097,101.21160025937958,103.32118949021466,103.36079647314025,104.05064681764809,115.70399192945409,107.85244823695126,113.9548649056537,100.67933845750517,102.54196517250422,102.29184393135439,108.7297726143455,109.58487332904305,101.59598515133106,103.01909509001823,106.54975465193533
2024-12-20,102.34864808650235,103.38188273902709,106.35623038136418,110.9553150076147,101.83389002560739,101.9249510270662,101.52130363026586,107.69757024747304,107.90449161692767,107.3070947283383,104.79850966421829,101.47958873848381,102.74468614463534,102.5939398004563,104.89889300744288,106.45505195449942,112.49825694586735,103.45175655987578,100.32074205931151,101.06196984650595,104.83394541851423,101.56415902751954,101.21160025937958,103.02379882618446,103.36079647314025,103.24175546641332,114.41865967966127,107.70008597035059,113.16090418848776,100.35799749022836,102.40966924441048,102.29184393135439,108.7297726143455,109.72377957308734,101.82232886857614,103.02283133139424,106.54975465193533
2024-12-21,102.34864808650235,103.38188273902709,106.01110932183838,110.61867362953677,101.8317387540009,101.92559796138698,101.52130363026586,107.69757024747304,108.145096894346,108.55185504709968,104.79850966421829,101.47079725546698,102.74468614463534,102.58984648533513,104.89889300744288,106.50831407905179,112.49825694586735,103.45175655987578,99.74895099599252,101.00122524858519,104.83394541851423,101.70210677505327,101.25057162742476,103.07041592972574,103.33740285070014,103.23006352023498,113.21241249569329,107.99418090747392,113.0819769034274,100.35799749022836,102.40966924441048,102.29184393135439,108.7297726143455,109.72377957308734,101.81640801362464,103.02284922256062,106.54975465193533
2024-12-22,102.33166779434558,103.38188273908328,106.01110932183838,110.61867362953677,101.8317387540009,101.97645408890207,101.52130363026586,107.69757024747304,108.145096894346,108.57931853581361,104.79850966421829,101.45341902728782,102.74468614463534,102.58984648533513,104.89889300744288,106.50831407905179,112.49825694586735,103.49047353463618,99.74895099599252,101.00122524858519,104.83394541851423,101.70212663883554,101.25057162742476,103.21174096168724,103.45692260396132,103.23006352023498,113.21241249569329,107.99418090747392,113.0819769034274,100.35799749022836,102.40966924441048,102.29184393135439,108.7297726143455,109.72377957308734,101.81181510095591,103.02318079289292,106.54975465193533
2024-12-23,102.33166779434558,103.38188073781237,105.97341229440975,110.61867362953677,101.8317387540009,101.97581192565937,101.52130363026586,107.80952780269682,108.25293857238248,108.66253153082465,104.79850966421829,101.44837410941304,102.74468614463534,102.59152281457187,105.00359011907408,106.50831407905179,112.49825694586735,103.49047353463618,99.74895099599252,101.1553722679803,104.83394541851423,101.74509188208971,101.25057162742476,103.38453488420912,103.57271442085963,103.18138514351021,113.82302591313096,108.05923735524496,113.74238057810857,100.35799749022836,102.40966924441047,102.29184393135439,108.7297726143455,109.72377957308734,101.81464309658237,103.04132511410342,106.54975465193533
2024-12-24,102.24867998096106,103.37268066921706,107.6084522801246,110.90466888175577,101.82530009369421,102.02898758767729,101.52130363026586,107.80952780269682,108.35305922860276,109.02493475466038,105.82659230523228,101.44837410941304,102.74468614463534,102.9597739058252,106.88991193215924,107.03279445794188,112.49825694586735,103.53168061867213,99.74895099599252,101.11297842520011,104.98434602223334,101.74509188208971,101.50169585974939,103.42552336604211,103.62231706665423,103.4476097117531,115.39769962761837,108.12873800743202,114.70849343010619,100.35799749022836,102.40966924441031,102.29184393135439,108.7297726143455,109.72377957308734,101.819283984751,103.04165564480489,106.54975465193533
2024-12-25,102.24937399264576,103.37268066921703,107.64849729085802,110.90466888175577,101.61364797850464,102.02898758767729,108.22074303424391,107.80952780269682,108.47275454080622,109.06733293963072,105.97485824304518,101.43565494276312,102.81264225814691,102.9597739058252,106.88991193215924,107.03279445794188,112.49825694586735,103.69650794457463,104.29435773994298,101.11245494118046,105.24250358671394,101.74509188208971,101.61534779553043,103.49803706741257,103.6051075311478,103.58897791484671,117.18857456027452,108.70651185179305,115.81191933954602,100.35799749022836,102.40966924140247,102.55478899274337,108.7297726143455,109.72377957308734,101.63195314944649,102.94690219019851,106.54975465193533
2024-12-26,102.36105924641528,103.37268066798299,107.59974620235944,111.84326297282622,101.61364797850464,101.9830060937768,113.27683447962312,107.80952780269682,108.6328437511179,109.1110253606515,106.05231565058864,101.44736644178352,102.8684373658856,102.9597739058252,106.88991193216346,107.03279445794188,112.4982569458676,103.69650794457468,104.29435773994298,101.1851887533089,105.24250343512598,101.7927643555353,101.84962249116782,103.63311157966773,103.6051075311478,103.58246294871458,117.19428472569366,108.89384226103994,116.2133243984901,100.35799749022836,102.40966923839446,102.63897245041808,108.7297726143455,109.90990330570871,101.65905730816189,102.95065477611382,106.63759920195271
2024-12-27,102.3610592274218,103.3726705606024,108.33745153947251,111.84326297282622,101.61364797850464,101.98301141909629,113.27683447962312,107.80952780269682,108.6978394545322,109.1110253606515,106.05231563012462,101.46095372503436,102.86843736585955,102.95054807889727,106.8899119669217,107.03279445794188,112.49825692039714,103.6965079447649,106.65578420373278,101.19126469521082,105.24250343782997,101.79276435557132,101.84962249116782,103.63311157966773,103.6051075311478,103.30380590378002,117.19428472569366,108.93804953624317,118.59764898097876,100.78089579830734,102.40966922034625,102.63897245041808,108.4257209879522,109.90990330570871,101.66554864364888,102.94654594294413,106.63759920195271
2024-12-28,102.36105402220981,103.3676153858301,108.4961624391024,111.84326297282622,101.61364797850464,101.98289919971218,113.40748826795024,107.80952780269682,108.82081112457715,109.29979936939569,106.05231145419526,101.476811507928,102.86843737556963,102.7086364555293,107.02192925143608,107.03279445794188,112.49825978898818,103.88278884032532,106.65578420373278,101.18683327975442,105.24244975695372,101.79276422017087,102.40670179137716,103.71589766839644,103.78849419860387,103.04568700896904,116.658192361858,108.88555248504855,119.13219865311954,100.78089579830734,102.40966616418807,102.6339934663969,108.4257209879522,109.90990330570871,101.72009005545159,102.94654589732019,106.63759920195271
2024-12-29,102.36105402220981,103.3676153858301,108.4961624391024,111.84326297282622,101.61364797850464,101.98289919971218,113.40748826795024,107.80952780269682,108.82081112457715,109.29979936939569,106.05231145419526,101.476811507928,102.86843737556963,102.7086364555293,107.02192925143608,107.03279445794188,112.49825978898818,103.88278884032532,106.65578420373278,101.18683327975442,105.24244975695372,101.79276422017087,102.40670179137716,103.71589766839644,103.78849419860387,103.04568700896904,116.658192361858,108.88555248504855,119.13219865311954,100.78089579830734,102.40966616418807,102.6339934663969,108.4257209879522,109.90990330570871,101.72009005545159,102.94654589732019,106.63759920195271
2024-12-30,102.36086286094894,103.3133841799096,108.4961624391024,111.84326297282622,101.61364797850464,101.9847060274549,113.77770018405195,107.80952780269682,108.82081112457715,109.29731396833826,106.05240415037844,101.4831410841835,102.92843932531719,102.7086364555293,107.24966310180612,107.55064452361711,112.4980658143646,104.00914479317849,106.65578420373278,101.19179437339356,105.24226604745238,101.79276063236058,102.40670179137716,103.92203179437487,103.78849419860387,103.24168703714427,116.46404060994678,110.70683384006674,120.41590635376693,100.78089579830734,102.40961996155676,102.77587884649878,108.77289839737246,109.90990330570871,101.73902441843427,102.94679580272769,106.63759920195271
2024-12-31,102.37249739243266,103.31662951919523,108.4961624391024,111.84326297282622,101.61697045421371,101.98226459153086,115.43741515068608,107.80952780269682,108.817878196862,110.10916845876405,106.05428467824846,101.46949622231753,102.92862560281762,102.7086364555293,107.5603255402858,107.55064452361711,112.5894551472485,104.00338543074481,106.65578420373278,101.19152513996465,105.2530037092223,101.79425047280424,102.40670179137716,103.92203179437487,103.78849419860387,103.24168703714427,115.72071452968808,111.54389479078577,120.9440818367097,100.78089579830734,102.3846570243899,102.77439194821403,108.81279260921556,109.93942723588171,101.75024437095543,103.00126236609903,106.63759920195271
2025-01-01,102.4518000861652,103.3204755060541,109.05046107135593,111.84326297282622,101.74088989429147,102.1005660852734,115.66193911639458,107.80952780269682,108.81242112487799,110.33027231064312,106.06703066013483,101.6823003982086,102.92835646139056,104.67205360841628,107.87253575636724,107.55064452361711,112.1053629506226,104.00417512226296,105.87751153091745,101.15593205883971,105.2530037092223,101.79739532999189,102.52674672492049,103.99922126447498,103.78849419860387,103.30454589452422,115.54444876246993,111.31756831491113,122.45516310316349,100.78089579830734,102.71749135274216,102.77147729344472,108.95025886901806,109.93942723588171,101.76064782071815,103.92482150092634,106.63759920195272
2025-01-02,102.4518000861652,103.83839993132177,109.63927524980848,111.84326297282622,101.93782650030731,102.1524055127404,117.02209511461912,107.80952780269682,108.99339733917944,110.69611061603976,106.06703066013483,101.6657886733134,104.49944022081054,104.67205360841628,107.87253575636724,107.55064452361711,112.1053629506226,104.0645139938839,109.74496299055471,101.15568089303366,105.2530037092223,102.64208979902405,102.52674672492049,103.9415783998434,103.78849419860387,103.8157152759127,114.42967103887224,111.04881500366068,122.81776163572707,100.89876819105392,104.34125856263438,104.20132222700302,108.95025886901806,109.93942723588171,101.76259790749151,106.31147311620639,106.63759920195272
2025-01-03,102.42835256581621,103.88860998825263,109.54920026192664,114.7172669542698,101.94470771055816,102.13941000687173,117.02209511461912,107.80952780269682,109.09489607021871,110.51817608201961,106.06703066013483,101.66580013418644,104.49944022081054,104.2461670970427,107.79106310253547,107.55064452361711,111.5763515381889,104.21761353302028,108.43890723265062,101.15069228965675,105.2530037092223,102.68639185762798,102.61376321597714,103.91618400754574,103.68708311270368,104.65100948506942,118.20550510012072,112.97979647294308,123.06460554164124,100.89876819105392,104.34125856263438,104.16264058333206,108.95025886901806,109.9484653358046,101.74771462976788,106.26684652925293,106.63759920195272
2025-01-04,102.69331722349233,103.75813600088107,109.62345334631527,116.62733229358689,102.36429247059678,102.22105563545207,117.79306721078954,107.7931172621561,109.46854341835713,111.85891507184115,106.06703066013483,101.64851560538084,104.73304392842657,104.2461670970427,107.59993092325728,107.55064452361711,111.5763515381889,105.7146616880268,108.43890723265062,101.21678483140408,105.5275324846922,102.71736433086328,102.61376321597714,104.61038055264386,103.41996024011408,104.69327467605729,117.9743952909049,112.28249365979568,122.97413578936607,100.89876819105392,105.1777753228496,104.24286516483392,108.95025886901806,109.9484653358046,102.35495637747083,106.5254784650085,106.63759920195272
2025-01-05,102.62455891457809,103.52107165622249,109.62345334631527,116.62733229358689,102.36429247059678,102.22387471293635,117.79306721078954,107.7931172621561,109.46854341835713,112.03061681147652,106.06703066013483,101.63474877659083,104.862157755477,104.24780611701627,107.19959139185909,107.4620960333029,111.5763515381889,105.7146616880268,108.43890723265062,101.22044632607489,105.44930052556826,102.71736433086328,102.61376321597714,104.62804653570498,103.64723370758226,104.78984574230824,119.55694783411468,111.74513164421515,122.97413578936607,100.89876819105392,105.1777753228496,104.24286516483392,108.95025886901806,109.9484653358046,102.35495637747083,106.47138715964881,106.63759920195272
2025-01-06,102.6495824598936,103.52107165622249,109.62345334631527,116.62733229358689,102.37732798327215,102.2425302017132,117.79306721078954,107.7931172621561,109.46854341835713,112.45008896866383,106.06703066013483,101.60881753027806,104.862157755477,104.24780611701627,107.19959139185909,107.4620960333029,111.5763515381889,105.71487061936706,108.43890723265062,101.27355348004663,105.15622327669266,102.8031101920825,102.61376321597714,104.55962137356616,103.64723370758226,104.86411683324488,118.91722898581492,111.8810189722071,124.48875096801002,100.89876819105392,105.06733322282469,104.24286516483392,108.95025886901806,109.9484653358046,102.35495637747083,106.48064770635006,106.63759920195272
2025-01-07,102.69795783650186,103.55060404902996,109.8227797178161,116.62733229358689,102.38167193750225,102.25630645885644,117.79306721078954,108.10542773146092,109.46854341835713,112.59020748862991,106.06703066013483,101.60881753027806,104.862157755477,104.24780611701627,107.3984925294997,107.23731852616906,112.1693875808931,105.71487061936706,108.43890723265062,101.27731507905501,105.15622327669266,102.8031101920825,102.61376321597714,104.59741896523676,104.01313829318075,104.88890065165577,117.77759196999051,111.72987038745399,126.02861558870768,100.89876819105392,105.06733322282469,104.24277962387316,108.95025886901806,109.9484653358046,102.35495637747083,106.48064770635006,106.63759920195272
2025-01-08,102.67450859659768,103.55940630496686,109.8227797178161,116.62733229358689,102.38270270038268,102.21713503914242,117.79306721078954,108.10542773146092,109.46854341835713,112.59020748862991,106.06703066013483,101.53365579950126,104.862157755477,104.24780611701627,107.3984925294997,107.23731852616906,111.6400740441078,105.71487061936706,110.91373965332734,101.36701996876283,105.19261612427799,102.8031101920825,102.61376321597714,104.59741896523676,104.11793938794102,104.99681001805526,120.92211023147543,112.43919684056914,128.75828526745704,100.89876819105392,105.06733322282469,104.26785214437075,109.1230654791612,109.9484653358046,102.35495637747083,106.48374764772845,106.63759920195272
2025-01-09,102.66401461100322,103.57321653168225,109.4622455217057,116.62733229358689,102.84620945947309,102.19218528573339,117.94012472291293,107.83193002450685,109.3854819496617,112.82925944400529,106.06703066013483,101.7584363673622,105.51298600327206,104.55739902489344,107.87061333134808,107.23731852616906,111.6400740441078,105.71487061936706,110.91373965332734,102.06537317008181,105.43657149758062,103.34592723634648,102.61248056422217,104.59741896523676,103.95136410264794,105.13196749063395,123.53082121887591,113.21268016226902,128.53743200372202,101.64132719366323,105.06733322282469,104.5415123262225,109.57766319055634,109.9484653358046,103.06894614911319,106.28711889520632,106.29708364989843
2025-01-10,102.80510235942137,103.59109075661716,108.91667065940764,116.62733229358689,102.90304288264882,103.44067301734184,118.05055555130512,107.83193002450685,109.3854819496617,113.04097224137948,106.06703066013483,101.73003470466311,105.52615113740717,104.21513366683439,107.92241575419432,107.23731852616906,111.6400740441078,105.71487061936706,110.91373965332734,102.192582181067,105.43657149758062,103.74661730493283,102.61248056422217,104.83179428898343,103.95136410264794,104.7998602995369,128.30589896440495,112.5550146601489,128.21912752750228,102.13741034139684,105.06733322282469,104.5415123262225,109.57766319055634,109.9484653358046,103.06894614911319,106.19040203408423,106.29708364989843
2025-01-11,102.93335445056707,103.67627631956786,108.91667065940764,116.62733229358689,102.90600459330275,103.73790031526224,120.04995688961924,107.83193002450685,109.3854819496617,113.26625584940987,106.06703066013483,101.73003470466311,105.52615113740717,104.21513366683439,108.00195593795448,107.23731852616906,111.6400740441078,105.71487061936706,110.91373965332734,102.40249707008711,105.70838088970704,103.74661730493283,102.61248056422217,104.82638291748836,104.0425097428181,104.76232200946744,128.30589896440495,112.55995356197556,128.0065797811035,102.13741034139684,105.06733322282469,104.5415123262225,110.22462188730746,109.9484653358046,103.16604468188702,106.29850568230097,106.29708364989843
2025-01-12,103.02288811920542,103.78276539571067,108.86840408801572,116.62733229358689,102.93162092350786,103.74360680072665,120.04995688961924,107.83193002450685,109.3854819496617,113.26625584940987,106.06703066013483,101.78289689519822,105.52615113740717,104.21538787607231,108.62220088633812,107.23731852616906,112.23344877634813,105.71487061936706,110.91373965332734,102.40619221165935,105.70838088970704,103.85473302248383,102.61248056422217,105.00961418981734,104.0425097428181,104.8047158515099,128.0453027683661,112.57687947613833,127.91786909580296,102.13741034139684,105.06733322282469,104.53686385671294,110.22462188730746,109.9484653358046,103.16604468188702,106.41953058182918,106.29708364989843
2025-01-13,103.36727806243557,103.78276539571067,108.86840408801572,116.62733229358689,103.17159186330535,104.3594226260848,120.04995688961924,107.83193002450685,109.3854819496617,113.26625584940987,106.06703066013483,101.78289689519822,105.52615113740717,104.26640408927092,108.62220088633812,107.23731852616906,112.23344877634813,105.71487061936706,110.91373965332734,102.78706890539272,105.70838088970704,103.96884385255987,102.61248056422217,106.03106482682824,104.09508281308896,105.03462072203853,128.66925533542224,111.8164423790623,126.69446540688394,102.91345932737556,105.06733322282469,104.53686385671294,110.22462188730746,109.9484653358046,103.16604468188702,106.41897732771062,106.29708364989843
2025-01-14,103.39586127607872,103.78276539571067,108.86840408801572,116.62733229358689,103.52485132605864,104.44232917176643,120.3266829942467,107.83193002450685,109.3854819496617,113.26625584940987,106.50563398366766,101.8083589499904,105.52615113740717,104.26640408927092,108.62220088633812,107.23731852616906,112.23344877634813,105.71487061936706,117.17367634806206,102.8276999567058,105.70838088970704,103.96884385255987,102.61248056422217,106.03106482682824,104.09508281308896,105.09747315078302,128.66925533542224,112.57381977624914,124.78126152902946,102.91345932737556,105.06733322282469,104.53686385671294,110.22462188730746,109.9484653358046,103.33048818088362,106.41897732771062,106.29708364989843
2025-01-15,103.73123398532252,103.81931026805522,108.86840408801572,116.62733229358689,103.52485132605864,105.48014426749323,120.3266829942467,107.83193002450685,109.3854819496617,113.26625584940987,106.9940889701686,101.78298145098013,105.6314265806653,104.26640408927092,108.62220088633812,107.49215555407896,112.23344877634813,105.71487061936706,117.17367634806206,103.60433191175646,105.70838088970704,103.96884385255987,102.61248056422217,107.4298060526381,104.09508281308896,105.09747315078302,128.3308083773508,112.3930253208338,123.41484745725228,104.39728264618094,105.06733322282469,104.53686385671294,110.5538949811852,109.9484653358046,103.33048818088362,106.41897732771062,106.29708364989843
2025-01-16,103.79737416965669,103.81931026805522,108.86840408801572,116.62733229358689,103.54169834826774,105.59386999889962,120.3266829942467,108.55651495112654,109.3854819496617,113.31672394309061,106.9940889701686,102.13794377455719,105.6314265806653,104.30890611013166,108.62220088633812,107.53861612212219,112.23344877634813,105.79421449334816,116.81741707062798,103.68471472869251,105.70838088970704,104.05378761002801,102.61248056422217,107.44422124612277,104.44709880737486,105.09747315078302,127.73631031594348,111.75643263983805,122.58926297920083,104.39728264618094,105.06733322282469,104.59895529118471,110.5538949811852,109.9484653358046,103.33048818088362,106.41897732771062,106.29708364989843
2025-01-17,103.79737416965669,103.81931026805522,108.86840408801572,116.62733229358689,104.98174347533397,105.64822117806227,120.52502368050094,109.20030273434584,109.3854819496617,113.31672394309061,106.9940889701686,102.14640169665526,105.6314265806653,104.30890611013166,108.62220088633812,107.58509967170042,112.23344877634813,106.31373621417654,116.81741707062798,103.95329030516613,105.70838088970704,104.17618981352386,102.61248056422217,107.5009423458728,104.44709880737486,105.09747315078302,127.73631031594348,112.23257768918538,120.79693033651648,104.78726839521224,105.06733322282469,104.59895529118471,110.5538949811852,109.9484653358046,103.33048818088362,106.8671058607791,106.29708364989843
2025-01-18,103.79737416965669,103.81931026805522,108.86840408801572,116.62733229358689,105.79277204089009,105.71182398234491,120.52502368050094,109.20030273434584,109.3854819496617,113.43902042209587,106.9940889701686,102.14640169665526,105.6314265806653,104.30890611013166,108.62220088633812,107.58509967170042,112.23344877634813,106.31373621417654,116.81741707062798,104.1499734246041,105.70838088970704,104.1953991264645,102.61248056422217,107.5009423458728,104.44709880737486,105.09747315078302,127.40072732331018,112.26624818423228,120.64266720800103,104.78726839521224,105.06733322282469,104.59895529118471,110.5538949811852,109.9484653358046,104.49217992074156,106.8671058607791,106.29708364989843
2025-01-19,103.79737416965669,103.81931026805522,108.86840408801572,116.62733229358689,105.79277204089009,105.71182398234491,120.52502368050094,109.20030273434584,109.3854819496617,113.43902042209587,106.9940889701686,102.14640169665526,105.6314265806653,104.30890611013166,108.62220088633812,107.58509967170042,112.23344877634813,106.31373621417654,116.81741707062798,104.18406916015329,105.70838088970704,104.39672962675476,102.61248056422217,107.5009423458728,104.44709880737486,105.09747315078302,127.40072732331018,112.26624818423228,120.64266720800103,105.31252939699488,105.06733322282469,104.59895529118471,110.5538949811852,109.9484653358046,104.49217992074156,106.90916645046444,106.29708364989843
2025-01-20,103.89027932105517,103.81931026805522,108.86840408801572,116.62733229358689,105.82078366614152,106.72521571636383,120.52502368050094,109.20030273434584,109.3854819496617,113.43902042209587,106.9940889701686,102.14640169665526,105.6314265806653,104.30890611013166,108.62220088633812,107.58509967170042,112.23344877634813,106.31373621417654,116.81741707062798,104.19447699709904,105.70838088970704,104.90695786992221,102.61248056422217,108.4968772664861,104.44709880737486,105.14896189593648,128.93825520113677,112.26624818423228,120.54004254432178,106.70661343131329,105.06733322282469,104.59895529118471,110.5538949811852,109.9484653358046,104.49797157600219,106.90916645046444,106.29708364989843
2025-01-21,103.89027932105517,103.81931026805522,108.86840408801572,116.62733229358689,105.83758275853017,106.77427873190123,120.52502368050094,109.20030273434584,109.3854819496617,113.55371420700288,106.9940889701686,102.14640169665526,105.72069072406491,104.30890611013166,108.62220088633812,107.58509967170042,112.23344877634813,106.31373621417654,115.0467184148149,104.23375175452976,105.7521752403392,105.79377681040879,102.61248056422217,108.6789369960038,104.44709880737486,105.14896189593648,128.92572650525756,112.42374644291621,119.30788711397224,106.86890280851917,105.06733322282469,104.59895529118471,110.5538949811852,109.9484653358046,104.49797157600219,106.90916645046444,106.29708364989843
2025-01-22,104.53637093448576,103.83763826366288,108.86840408801572,116.62733229358689,105.86365688035968,106.82024471078309,120.52502368050094,109.20030273434584,109.3854819496617,113.55371420700288,106.9940889701686,102.14640169665526,105.72069072406491,104.30890611013166,108.62220088633812,107.97294468213391,112.23344877634813,106.68638229987567,115.0467184148149,104.23375175452976,106.68663058315757,105.79377681040879,102.61248056422217,108.7438650054408,104.44709880737486,105.14896189593648,129.80453222184062,112.37592876266729,119.47296658981924,106.86890280851917,105.06733322282469,104.6054457981698,110.5538949811852,109.9484653358046,104.49797157600219,106.90916645046444,106.29708364989843
2025-01-23,104.68524424402162,103.83763826366288,108.86840408801572,116.62733229358689,105.86663554421732,107.49685564559282,120.52502368050094,109.20030273434584,109.3854819496617,113.55371420700288,106.9940889701686,102.14640169665526,105.72069072406491,104.30890611013166,108.62220088633812,107.99627271727171,112.23344877634813,106.72274439336576,115.0467184148149,104.24036714269943,106.68663058315757,105.85889511178456,102.61248056422217,108.75246256606846,104.44709880737486,105.14896189593648,129.80453222184062,113.10440864250295,119.04569275752841,106.86890280851917,105.06733322282469,104.6054457981698,110.5538949811852,109.9484653358046,104.49797157600219,107.18911724456149,106.29708364989843
2025-01-24,106.1341662683939,105.03587998186612,109.36788148310764,116.62733229358689,108.09769410339678,109.38840935024817,123.58354802110132,110.72034586406868,110.19851314098746,114.00818335814196,106.9940889701686,102.28628599425687,105.98421851180922,105.0162648251997,108.37384949555108,109.25897399826587,112.0236105975462,107.07708976459516,114.207216669009,104.68440769297523,108.13142656277502,106.93334944505668,103.0489197078438,112.357622588508,104.6071082161198,105.29711902220448,131.03788542737857,111.48298822763094,116.73982887846768,110.1844191950824,108.58942103480614,104.5393312964853,111.05748889107852,109.9484653358046,104.41165820479215,107.89764416136953,106.86442915273417
2025-01-25,106.3913115311943,105.16754326813613,109.58835875879956,116.62733229358689,108.16927942143096,110.18810007881595,123.66306558551167,111.15233489414422,110.19851314098746,113.99630918326767,106.9940889701686,102.31951741089054,105.98421851180922,105.04150903686423,108.45825469447881,109.50857805192105,112.0236105975462,107.07708976459516,112.69501492572,105.12071302090193,108.15269209213562,106.99077291019552,103.0489197078438,113.41598701438156,106.20842427714996,105.29666131726397,130.1865803990938,110.96902426210747,115.43699076914444,110.06668460586853,108.58942103480614,104.50620829586745,111.09774899218094,109.9484653358046,104.47711774486123,108.36925963716854,106.86442915273417
2025-01-26,106.3913115311943,105.16754326813613,109.58835875879956,116.62733229358689,108.14409445731866,110.24301130634599,123.87229349950736,111.15233489414422,110.19851314098746,113.99630918326767,106.9940889701686,102.31951741089054,105.98421851180922,105.04150903686423,108.45825469447881,109.5286710392743,112.0236105975462,107.07708976459516,114.54635801036703,105.16827811988587,108.22123382904844,107.07624483525764,103.13258236568332,113.60329402213358,106.20842427714996,105.26707745395608,130.06490461399704,111.91473701287845,116.10605666232938,110.06668460586853,108.58942103480614,104.50620829586745,111.09774899218094,109.9484653358046,104.49364324021771,108.38694798935946,106.86442915273417
2025-01-27,106.43635353254237,105.26671510918287,110.35956610932192,116.62733229358689,108.19899443449006,110.28461527263751,123.87229349950736,111.51421160483427,110.19851314098746,113.93273976483623,106.9940889701686,102.32581705782677,105.98421851180922,105.04150903686423,108.45825469447881,109.63448498335187,112.0236105975462,107.07708976459516,114.54635801036703,105.29222060995576,108.2482658646126,107.10271675217227,103.13258236568332,113.8981508149976,106.33548316439303,105.49642472418842,129.7814868058638,112.47115709739299,116.46292947407035,110.37145734839542,108.58942103480614,104.50620829586745,111.09774899218094,109.9484653358046,104.49364324021771,108.37818309320029,106.86442915273417
2025-01-28,106.55679069400993,105.31081994187028,110.47052671202933,116.62733229358689,108.5166618688413,110.4602775702688,124.0045549477222,111.76920635817018,110.19851314098746,113.9365177349827,106.9940889701686,102.42116491799452,105.98421851180922,105.23134367257857,108.45825469447881,109.49403693475683,112.0236105975462,107.1477041523296,111.42080365108644,105.2621113596225,108.4638577795615,107.45115081707985,103.18788206767444,114.16453678418934,106.50925677040178,105.49642472418842,133.85038377322675,113.4191180284303,115.82477471156199,110.37145734839542,109.34668340650701,104.56148077211907,111.09774899218094,109.9484653358046,104.58177732153955,108.46151504161585,106.86442915273417
2025-01-29,107.4434462162629,105.31081994187028,111.32054876319634,116.62733229358689,108.54491382910054,110.64131051785178,124.0045549477222,111.76920635817018,110.19851314098746,114.01700345829342,106.9940889701686,102.47259981785895,105.98421851180922,105.23134367257857,108.24695890464211,109.51431899429222,112.0236105975462,108.26274667550273,111.27558266229391,105.4749187437783,108.77002428014735,107.52478976625835,103.18788206767444,114.1322944888133,106.50925677040178,105.59696817356577,134.5935137626392,115.21280425611324,116.01972065448322,110.37145734839542,109.34668340650701,104.56148077211907,111.09774899218094,109.9484653358046,104.58316503219906,108.41282289429238,106.86442915273417
2025-01-30,107.3837494351167,105.38384125010873,111.48366047381046,116.62733229358689,108.66219026559105,110.81086755395057,124.0045549477222,111.76920635817018,110.19851314098746,114.10270587890987,106.9940889701686,102.61816279389984,105.98421851180922,105.65499974113217,109.0356304369371,109.53460535501624,112.46328835150348,108.43480121736408,111.27558266229391,105.64740507659202,108.79857127732215,107.78390453777122,103.45495606189306,114.16344170368356,106.56926872772094,105.88230003045682,131.86044935409757,115.20648384570966,116.13195307761785,110.5578893225659,109.34668340650701,104.55632632342666,111.09774899218094,109.9484653358046,105.39890450516376,108.48915493469802,106.86442915273417
2025-01-31,107.4676588317925,105.3626185601275,111.24094900857966,116.62733229358689,109.49807352364364,110.95278710069418,124.0045549477222,111.76920635817018,110.25550167178308,114.10789828320623,106.9940889701686,102.6497595194181,105.98421851180922,105.71376474304441,109.0356304369371,109.53460535501624,112.46328835150348,108.48826464653574,111.27558266229391,106.13785274418078,108.79857127732215,108.24310687531774,103.49369358426381,114.20267832373942,106.56926872772094,105.77960287348014,131.86044935409757,113.83709698703359,114.1252772949336,111.04722348275304,109.34668340650701,104.55632632342666,111.09774899218094,109.9484653358046,105.48727411071445,108.71889131587986,106.86442915273417
2025-02-01,107.54841371534347,105.55024968994363,111.242862594577,116.62733229358689,111.48418846237742,111.50295814393539,124.0045549477222,112.22328098127392,110.25550167178308,114.24556686859395,107.07289045857868,103.07968366914044,105.98421851180922,105.86840951675678,109.10319113808012,109.53460535501624,112.46328835150348,108.62849594120301,111.27558266229391,106.88274300753436,108.88337170071188,108.45034866857482,103.65055623768865,114.53267504444074,106.74705720457081,106.13895513343026,131.73345834806577,113.5596113757123,115.60569792133741,111.41386584839816,110.00830028195105,104.59077303028836,111.09774899218094,110.2916533409531,105.62539343754538,109.67307606078502,107.16421083112641
2025-02-02,107.54841371534347,105.55024968994363,111.242862594577,116.62733229358689,111.48418846237742,111.61173049201456,124.0045549477222,112.2646185530469,110.25550167178308,114.24556686859395,107.07289045857868,103.07968366914044,105.98421851180922,105.86840951675678,109.10319113808012,109.57209100073231,112.46328835150348,108.62849594120301,111.27558266229391,106.90866735155893,108.88337170071188,108.47454384511155,103.65055623768865,114.64291030048592,106.74705720457081,106.18430657285944,131.7983105843137,113.57151399234591,115.7400393175674,111.41386584839816,110.00830028195105,104.59077303028836,111.09774899218094,110.2916533409531,105.62539343754538,109.69942896998448,107.16421083112641
2025-02-03,107.60846256424905,105.58241524770484,111.242862594577,116.62733229358689,111.62587627456418,111.69024357853485,124.12632701477399,112.2646185530469,110.25550167178308,114.3497633960546,107.07289045857868,103.07968366914044,105.98421851180922,105.86840951675678,109.10319113808012,109.57209100073231,112.21640283368774,108.62849594120301,111.27558266229391,107.02229999444516,108.88337170071188,108.4988458873607,103.65807474587439,114.64291030048592,106.75238225576248,106.3492985529481,132.24801849712907,114.30257627191635,115.80314699343954,111.41386584839816,111.35707856652637,104.5891029290416,111.09774899218094,110.2916533409531,105.60293207452165,109.69942896998448,107.16421083112641
2025-02-04,108.24397716903127,105.57914643481708,111.30324230485458,116.62733229358689,111.91405968498232,111.8656180971598,124.12624546741442,112.85380114978265,110.25549136903396,115.27000604123347,107.07289045857868,103.33122231192917,105.98416754920017,105.93759933245582,109.20762358789999,109.59116166958447,112.21640283368774,108.6726974755727,114.23718127555924,106.99569480389283,109.3944218588235,108.65174139578642,103.91153143416922,114.42114392616804,106.88186657091822,106.45243609302617,135.13559539243127,114.81372904222127,114.48933130967256,111.54409478976224,111.35707856652637,104.63941318742378,111.3192550395303,110.2916533409531,105.80333372402333,110.0867425735784,107.16421083112641
2025-02-05,108.52779181067167,105.66480965266074,111.31924575070865,116.62733229358689,112.01687096780684,112.45994263540182,124.40772556968504,112.87063840055151,110.53753302127632,115.87159088858272,107.11403006561284,103.55902958494025,106.22266746555546,106.16318038133909,109.21347683829372,109.08529677251425,112.21640283368774,109.11653111433156,114.23718127555924,107.24910005790352,109.50257407774708,108.7280518946969,104.8852183068026,114.4807148418044,106.9301965492556,106.61625077041312,134.60660228129464,115.98145502672888,115.90480435342,111.7332697703676,111.35707856652637,104.65679537406902,111.41937789136284,110.2916533409531,106.71452089968471,110.34077152754298,107.16421083112641
2025-02-06,108.89826282687709,106.41834327330693,112.38437567407078,117.77828088434788,112.6753589829281,113.52343732781722,124.42155514967388,114.73333825055082,111.41691877305749,115.87847567727381,107.11677231944566,103.81384260772089,107.19401221342444,107.20329217457277,109.47125342670061,109.27322834097004,112.22443716188111,109.2071719167033,114.23718127555924,107.91854405904888,109.85396195893742,108.78565961123677,104.99498697284682,114.5779875337295,107.04833023253796,106.57940103932964,134.1968360933371,116.21377838840911,115.98184240559077,111.90257399878067,113.0333010714179,105.2611772264318,111.4705037229511,110.31433974853584,107.47153482816107,110.84744753561522,107.27218887319077
2025-02-07,108.85416958802298,106.61428798953749,112.37273349525232,117.77828088434788,112.6841395250623,113.70586327928561,124.75109503971512,114.75724196496088,111.56904189476158,115.92424806237531,107.30344485701015,103.8807814630044,107.2300808982847,107.277324449032,109.4666147541226,109.35563109337193,112.22443716188111,109.27159338848516,114.23718127555924,108.6495458850347,109.9599681747198,108.92726682706528,105.00172714883111,115.10299023535448,107.03994369029301,106.18020969467668,134.17629549495405,115.14605290919052,115.27440547041759,112.44788531982633,113.10850210980495,105.24997263461657,111.6818238646738,110.16907034247845,107.67390376868514,111.12012649713341,106.83788069760321
2025-02-08,108.9161643197484,106.62125139559875,112.37009427763182,117.90371537282248,112.84059517570985,113.85322458115445,124.748653792177,114.64937757686438,111.65586772786669,116.48682062163466,107.30202352602385,104.0347821468666,107.22915420154801,107.27633064397106,109.4655635156326,109.43642856837829,112.22337710683594,109.6050458221105,111.80864259669421,109.0443484082375,109.994898546715,109.15370621288965,105.08954320720521,115.39992860822316,107.32219367605435,106.28556317160498,134.12276481420108,115.12416276070572,115.12645280366426,112.4460687186714,113.24655537855912,105.27192045565337,111.681520323609,110.16887131128776,107.74088493637073,111.2850180710796,106.83770849791271
2025-02-09,108.91558682717243,106.61984749128281,112.3694457117554,117.90371537282248,112.81257591739279,113.81564972078063,124.74800524281444,114.64841858362507,111.74946973807953,116.48566141108904,107.30159198859978,104.03700555218597,107.228971029082,107.27594195663343,109.4653080329328,109.43576321286179,112.22299056481046,109.60407055319988,111.80864259669421,109.04390571430756,110.05211821580518,109.17841907400148,105.08866883294485,115.39931327821718,107.23674000372195,106.25835542247393,134.1216114338375,115.12413952292977,115.12633010018547,112.44569468188048,113.24655537855912,105.29517454160381,111.681520323609,110.16882281334759,107.72871125791916,111.33108945838535,106.83766595079433
2025-02-10,108.9242423334657,106.628311435514,112.3793477584912,117.90371537282248,112.93925397040232,114.00736208436908,124.76055551064394,114.68535875652286,111.93453915204536,116.50523945621805,107.45704136666146,104.13743849576613,108.41275958272291,107.28098185161998,109.46739765186504,109.24640343200367,112.23115793575992,109.70677973528346,111.80864259669421,109.11071523114548,110.67150519484139,109.21342328356648,105.18011100716136,115.77128910534809,107.20952665078931,106.1926156533198,134.14229722981656,115.59497436833277,115.98690122778947,112.45410349691949,113.40190563105654,105.30121228075325,111.68273572006488,110.16968680898023,107.52370055268563,111.47906151213512,107.3628972197169
2025-02-11,109.04372238940654,106.66039864284251,112.46974485474392,116.34990042021929,113.16612161872945,114.19649137139656,124.78458250390014,114.71338826309622,111.97351701404652,116.60746537664693,107.4749429293964,104.19786210322933,108.54091234206173,107.58579096417122,109.64002165032916,109.12421280106666,112.2528048749195,109.78250609523516,111.80864259669421,109.33523013123911,111.0539873629156,109.2596236504479,105.5361890267372,115.84465082436304,107.16594694406234,106.07620267098696,135.20064076937223,116.54710412221753,118.01523723636788,112.46743584566046,113.34472514557015,105.44482092867369,111.68496296968368,110.17248997231654,107.73704090527838,111.6084946114266,107.36418461739143
2025-02-12,109.79897090414184,106.79643519407405,112.18905161851904,116.34990042021929,113.22460930517818,114.23899618617581,124.8041846086548,114.78070147859198,112.14159220282878,116.69500246461793,107.4880478966455,104.2872341990857,108.68014788365524,107.59639805920595,109.6428248206879,109.14467963565183,112.26850530713874,109.7733015030424,116.08736529366858,109.49436546520627,111.4223427054076,109.35730736735756,106.35801167570168,115.9696387869105,107.22978739861966,105.91833100105907,134.97310823394093,118.28714874004662,118.74744486745819,112.65587995626547,113.35612474138692,105.48744079805681,111.77500547594248,110.17365616628308,107.776762778616,111.62638206498008,107.36600397631668
2025-02-13,109.87119582723082,106.81302264624775,112.19675603415924,117.04769990577344,113.24932676368178,114.37022078487522,124.89807721276208,114.79158248867898,112.15647656181598,116.71097937224175,107.49613554216424,104.35810882261471,108.68373775896507,107.5643028435801,109.64583664361427,109.18440152970335,112.2755447554899,109.78700386739928,116.08736529366858,109.70816944319066,111.7177258067075,109.42254775344065,106.77205300664284,115.97856256081214,107.22330274258198,105.99212658991294,135.06460097719935,118.38071696054146,119.67109037578147,112.82964305344953,113.35814464127046,105.46349637210703,111.77500547594248,110.10738026342794,107.85562165098479,111.71590410016626,107.36650060427371
2025-02-14,109.93994865817034,106.88578939262936,112.19352829173708,117.04769990577344,113.28092201661049,114.39379373437684,124.89162374148344,114.83279067845903,112.00435129352128,116.89261734051584,107.4921648573414,104.44406050799549,108.73002234208555,108.06877055417574,109.64425946557964,109.20324358386743,112.27259561678062,109.88163038654544,116.08736529366858,109.95757003881232,111.71392199979265,109.44393009861699,106.76569141684035,115.9263921646356,107.21953785945418,105.97403018623962,135.55796640882218,118.32739249186932,119.12648676341797,112.97024398299284,114.04162355449007,105.46082615130126,111.77454083515586,110.11944049987702,107.94057114338355,111.74469183996834,107.36650060427371
2025-02-15,109.99460884150163,106.9077650764594,112.51054650905988,117.04769990577344,113.31477665058097,114.62165409963492,125.00559565631409,114.84734737488816,112.10326221511284,116.96034612220876,107.94514084479458,104.58634716185738,108.73291614667741,108.12315871097134,109.77362547793037,109.44698802297457,112.28157888671375,110.24643260217559,116.11733105652186,110.16392520697849,111.79534554449559,109.43165659266857,106.89234510575581,116.00203014418878,107.02690194990242,106.31019060821868,136.01508827565738,117.95869844208859,119.80947285646293,113.4179587413438,114.14378737445638,105.52227266146474,111.77567908849126,110.19625024971151,108.10346944620912,112.10232528953303,107.36650060427371
2025-02-16,110.11199305121511,106.93616498619514,112.64981888730854,117.04769990577344,113.33272034998181,114.8651315359394,125.01110944511771,114.85238412240733,112.1100252727218,116.89764640990047,107.94860341429582,104.61481340170411,108.73368271260848,108.12506505910721,110.05933207380384,109.47308863945584,112.2841172064918,110.32966020165227,116.11733105652186,110.21681254786306,111.9462965368654,109.49130414069974,106.9965352835801,116.05047171307066,106.99792985821625,106.57168028802538,136.4587285005981,118.06131267691087,119.72326830894686,113.42034122815426,114.14416396685402,105.52458056796897,111.77567908849126,110.1967611627807,108.12715871966063,112.10576127611354,107.36650060427371
2025-02-17,109.98473444627702,107.29882490613572,112.91712655719289,117.04769990577344,113.34160684566683,115.00737032106055,125.0247467625224,114.86425851432875,112.1263090374041,116.91490167738372,108.35116761205342,104.62903257341509,108.73552833773789,108.36605837108961,110.08533002105099,109.3538830461614,112.28870076676026,110.31044388185084,116.11733105652186,110.22318846568395,111.954309043136,109.50576141636046,107.00968822045445,116.13330953501917,107.20478892956828,107.04560537020326,136.47537175185417,118.36780101873468,119.8399444999203,113.42416536918263,114.14629264724408,105.5300896925972,111.77663823674604,110.19742207371269,108.12579411515483,112.1279089477152,107.36650060427371
2025-02-18,110.09205240449442,107.53416778494321,113.78601271320868,117.04769990577344,113.39978420495194,115.17905972465347,125.07513621778376,114.90670315025442,112.18572533318721,117.08356115328222,108.38096714072385,104.83623382260711,108.74212546601127,108.40186710915336,111.27954009320446,109.37068382522881,112.06606917035708,110.3619294074739,117.45868820469182,110.42770997373958,111.98294949173815,109.53779792566067,107.2636232166101,116.4968823262367,107.23239706344594,106.71427926054065,136.79738452690154,119.43301353635218,121.35333267352917,113.43783463955464,114.153901547536,105.54978188320887,111.88935412698436,110.14732755450282,108.31509436316351,112.50362092601523,107.36650060427371
2025-02-19,110.16666574311014,108.01115736166736,114.32695934978597,117.04769990577344,113.60984249278727,115.15810276159432,125.15358936753734,114.97498387199163,112.28062452188956,117.02701078019628,109.1706505484608,104.93017380897747,108.7527372988231,108.97587246888052,111.3216354286814,109.44123859352706,112.09241335689244,110.4552706001058,116.29915633779224,110.44467494554252,112.10993093098736,110.32050225252313,107.4622903751214,117.26831156153781,107.48301085207098,107.31675308230875,137.3133067976351,120.449832570316,124.78834400464918,113.8394171958255,114.38796008004371,105.58146183202119,112.29316290445436,109.99637019759882,108.38126621709607,113.43355736248458,107.36650060427371
2025-02-20,110.30360830004872,108.18987110054348,114.66752602620794,118.72601312331103,113.78512265811258,115.40693098348814,125.41956051517612,115.27638632097981,112.0052960446158,117.49718717356312,109.84863103383505,105.54845265521911,108.82667948198817,108.90862997720396,111.50469423246412,109.30674807696556,112.1001629847147,110.57163110414872,116.5854311841622,110.5611639274789,112.25042021012722,110.45752651854421,107.65640382853572,117.56699295046373,107.77690832335212,107.59340073683099,137.1389578521881,120.5262468830048,125.03837252455182,113.92585750125063,114.71837048564704,105.59792433268196,112.74942790848942,109.7758110238962,108.8307464102471,113.94285506917711,107.62240588221836
2025-02-21,110.55618018311557,108.54620959705437,114.94634818003964,118.72601312331103,114.11430457287838,115.52509438741608,125.84506637309481,115.67550167190103,112.07197311080526,118.23826277830153,110.40032153274053,105.89833155131562,109.03146177465179,109.6687435238716,111.95472816064232,109.7913945245917,112.46398723440647,110.84206450698618,116.17320886141742,110.9911625473347,112.5802451456666,111.03527989371031,108.19492675144524,118.00460374752082,108.08458498756657,107.52187592963183,136.75132265444216,120.71736461872653,126.56254751430522,114.1729056961659,115.02239583216172,105.78117745996063,112.73858803298332,110.7456283100353,109.07981735358531,114.51507432410266,108.3493179399627
2025-02-22,110.48923419765404,108.41672064834992,114.9471581950185,118.72601312331103,114.1063488835989,115.47888667096797,125.80898270846492,115.50902818017887,112.71024536816572,118.12701892960294,110.31785530852278,105.73084399737402,108.89001847611163,109.39707133237235,111.96715640470187,109.7842122619654,112.2516705720036,110.4136765462483,116.17320886141742,110.46089723063017,112.49030555022603,110.94567360992909,107.99722964935002,117.84091642106614,107.95784094210332,107.57140324002225,136.3385513755093,121.41364337504812,126.55261523387003,114.34556215124243,115.02239583216172,105.77748223825496,112.7580379074183,110.66356515383605,108.91474371604401,114.19837367269821,107.95187546294768
2025-02-23,110.49896352360821,108.41929491673648,115.49009201360394,119.1482774985388,114.30728255104671,115.59405212373039,125.8204798638199,115.51876898620476,112.72339889554563,118.15662599715561,110.19088917018355,105.75485565775014,108.89147937481552,109.5593266135108,111.66628389566765,109.7930517637192,112.25528867020181,110.45575568880712,116.17320886141742,110.54209725553483,112.75919266520182,110.97093022051196,108.03495923356836,117.90278586399614,107.9156940106179,107.02322293452188,137.2209351422478,121.80388721007864,126.84764163582301,114.3493011541248,115.02239583216172,105.80562970250087,112.75879507813514,110.66410040662547,108.99436001057184,114.23844761305324,107.95187546294768
2025-02-24,110.5163922674138,108.43715686465907,115.33946288767703,119.25537996197471,114.30931998495907,115.72520442506291,125.82557856510768,115.46760144615075,112.72948044567698,118.16288815337495,111.33831045185256,105.88954006970319,108.89214630045745,109.450910966755,114.03155237907345,109.79720478067134,112.25694038704039,110.46132036455182,116.17320886141742,110.70595985680593,112.87761732001744,110.99589496676876,108.11155057512477,117.89434290688907,107.91815604574634,106.75604827995382,138.49734072202386,121.78677762400658,126.9863426800776,114.76800745361233,114.95198315695075,105.80766535721227,112.79521120169404,110.66433864742606,109.00592551215757,114.24183183349494,107.95187546294768
2025-02-25,110.5920200871736,108.35825001434152,115.5112732196525,117.67991503964257,114.37410204804182,115.80667262381556,125.858761341932,115.52174424318432,112.88907593612932,119.33072443525047,111.36309707502352,105.98261434215497,108.89649372128645,109.35719733902253,114.69079990471988,110.07013456461392,112.26770724341515,110.53290668077622,118.72023625327546,110.79691116171459,112.90187984482642,111.04154219245095,108.21858060264327,117.71548377391781,108.00766251185692,106.82627284518121,138.39294773428747,122.42675871581321,128.62305268306923,114.7811790597035,114.89199147162093,105.82136151838257,112.8301695346772,110.72697490406138,109.09724240729328,114.3844128547928,107.95187546294768
2025-02-26,110.5022800922676,108.30665418525747,115.51937636188134,117.67991503964257,114.38156930890135,115.98323299522619,125.91179851483038,115.5467110933123,112.82097013267347,119.51876401300963,111.3931141207338,106.04114863379226,109.41797058303496,109.37345163999322,114.62751239053533,110.12318620828093,112.27377572366424,110.56930338692543,126.53580815689006,110.90733386808942,113.06556602456304,111.07917500444738,108.21136719424025,117.79793778540943,107.95995635223863,107.05920116604474,138.64971022761486,122.93442682593798,129.34574100053712,114.7886030593898,114.89199147162093,105.84664192823503,112.98552666018762,110.74642843320576,108.98493034549736,114.37847982037282,107.95777542976197
2025-02-27,110.53320445482777,108.32769589465579,115.6036981700236,117.67991503964257,114.39708288967742,115.99812814133885,125.94375019222338,115.57326586721189,112.6999708755102,119.52175148726054,111.39163463778465,105.93145763501593,109.41767727113697,109.40290521392954,114.90017774569318,110.0808783872827,112.4563543069794,110.79690175807104,126.53580815689006,111.02714515925915,113.0638516337057,111.10422020025396,108.15667190359515,117.87147368669248,107.9919741872859,107.31932421334062,139.0622693717344,122.93236541089307,129.65066617470728,114.787715445344,114.89199147162093,105.84576621304602,113.08616311940112,110.74632817030738,109.04379812291273,111.85413524950346,107.95777542976197
2025-02-28,110.52020482116059,108.36877349360665,116.02837486803361,117.67991503964257,114.41944791469317,116.39183905848863,126.05363891349582,115.33676120384591,113.59902847509396,119.58299795235231,111.41208708439684,106.05352092206968,109.42304012377978,109.4113965246936,114.7716645358989,110.10531907935702,112.46589168793535,110.90490227887362,126.53580815689006,110.98374595151115,113.14817653929397,111.14845397936965,108.28714259590888,117.95851738573005,108.00694261072093,107.62620146740818,137.5951599712694,122.62689075044932,132.43259254808603,114.8011905876572,114.97427814990004,105.86031700724448,113.67333043274664,110.74764400487753,109.07669838282759,111.8853771655155,107.95777542976197
2025-03-01,110.5888830450769,108.4314943636955,116.43810880399043,118.57204951408026,115.60492841685948,116.48992616663728,126.10185628963586,115.39682414964052,113.81192731151413,119.63316375527657,111.44938294228082,106.16602051957751,109.44653732308669,109.68176719476786,115.19130116664891,110.27110734107055,112.52511424448338,111.4049049252686,126.5717487985122,111.19078331100829,113.05497280764708,111.18476597291117,108.240852699865,118.0368142507116,108.04450547441178,107.56930309039487,137.64012634855217,122.67548668875996,133.3987662859148,115.03406493809291,115.36197611028196,105.89247514368878,113.7017078927266,110.77256834039628,109.12449924516363,111.72113764577706,107.98401193173154
2025-03-02,110.63882929298208,108.51668411756931,116.69160465560094,118.6139866918003,115.65908441603602,116.6181032648853,126.16139939645244,115.4987221481634,113.87241038875142,119.76181159753696,111.49156958329012,106.43881196192284,109.45981542811407,109.72180525273735,115.20587407245858,110.3141744560751,112.5667014058744,111.52983497353006,123.97250611214668,111.19153866813878,113.08516726544018,110.97489217796954,108.24909066786981,118.0892110531889,108.0678831508163,107.6948453181618,138.17353565308875,124.5996103913189,134.6223634927128,115.0562355450239,115.92533144917493,105.9290093873287,113.72362171342331,110.80177779758024,109.30105965683103,112.18082382839975,108.011975753903
2025-03-03,110.65097308245268,108.57237239363478,116.67132829474384,118.58955340164718,115.67455954135177,116.72199381794516,126.12242013428636,115.49567985917739,113.8337207205227,120.01832037152573,111.46347902106942,106.43184100194682,109.28408645998844,109.67197546749419,115.19617294478613,110.30230195957718,112.54131785837012,111.51110190124096,123.95742706773392,111.19683117360337,113.06506410525708,111.24266174356143,108.42928139695604,118.34804678266508,108.05253862182695,107.68728211636352,139.12743079444368,123.73238736632321,133.24720993818804,115.1549395638704,115.84076222594516,105.91335289561744,113.70903280088494,110.68654264670342,109.259602616819,112.13844513838822,108.00112056299236
2025-03-04,110.81772419469573,108.7448536047289,116.72733975855847,123.22303468134078,115.84051986520336,116.82637071558224,126.23477141795803,115.55661796420304,113.93849923845497,120.28931150918419,111.5565577964637,106.49370402612755,109.3858197103327,109.89305325321406,115.22438433080524,110.86794663318503,112.608414450705,111.8678374685606,126.76048424597175,111.30002574297917,113.12044306598486,111.37723117723148,108.45362903875848,118.72186783038686,108.08456879762898,107.7581538673368,137.69694798322217,125.59965569431945,138.9931724365112,115.4275386337379,116.3858027241511,105.95500147116772,113.76785952751038,110.84465810475395,109.54195353553145,114.68466105208594,108.03268688086163
2025-03-05,110.89151073826014,108.75740733178255,116.70722928102862,123.25532148544166,115.87999604840242,116.86140296898408,126.44823776109418,115.59419691574459,113.98234469457105,120.41278854051734,111.59107699070326,106.47823227693503,109.49426861495087,109.85231393186933,115.22571452701406,110.90180328773978,112.20880015107544,112.2123363160959,131.1339245664816,111.62374622894808,113.1838115601344,111.60373228829307,108.37188827265945,118.82169140367999,108.15093556494313,107.95012049007315,139.0747128072464,125.33692757851334,141.52687086262432,115.72305554832178,116.46504271149651,105.97429514746595,113.98255490209944,110.76500607630155,109.54812800779227,116.18664316476996,108.04057617453402
2025-03-06,111.00020627837281,108.81220843192546,116.9200383091624,122.460914707156,115.95180711596996,117.04617625127813,126.5172776187464,115.68355751543167,114.16514319252352,120.4008834572103,111.80650706369848,106.6117173646619,109.53083931533165,109.83367696032276,116.01770891488717,111.20978523016439,112.24921749777768,112.6305732619071,131.1650641054481,111.78983471147316,113.30983383151887,111.67675488130749,108.62211157952288,119.30339308284374,108.26717027959167,108.4277141823375,138.2093935959427,127.22965757870139,144.53449990779416,116.10567088149972,116.70876275836197,105.55752644438616,113.99524242349315,110.89366517303996,109.73109496877782,116.26756202225994,108.24815781594941
2025-03-07,111.01952035042075,108.88973195837019,117.22249272537589,121.10515498596203,115.95768710367189,117.07316042628526,126.54175643768086,115.66809716035674,113.91500489405956,120.4621841441986,111.99608742364526,106.61459479733313,109.58158200956065,109.7833675522821,117.23248695078463,111.30610618900121,112.23839168218652,112.88554296638847,131.1567243807044,111.82727107226481,113.38317502995724,111.67693675267681,108.71917847605582,119.30563969217248,108.27264586762941,108.61560524250031,137.95808308491178,125.27034868369016,144.32994993986958,115.94075374824064,116.65169581699062,105.65615056693383,113.98950125501153,110.71854984638023,110.1759772041221,116.18233298954121,108.35908667880688
2025-03-08,111.12015122061072,108.93636592569746,117.24162459617685,121.13636555909856,116.01081651177034,117.18193769585538,126.59292969086763,115.73284233875036,114.49369251165602,121.03242998831625,112.01310899411298,106.72603439744091,109.59144956753872,109.80543613164441,117.37631384509439,111.36351928235639,112.28372993187836,112.9823529012857,131.27865703606884,111.87331613614066,113.42033751931196,111.71765279829621,108.76197257915771,119.39196515822033,108.31510204145943,108.83775953914142,137.7615240123662,128.11995393176124,147.65400280390227,116.19990628003501,116.67418465368378,105.76904299105479,114.09324995886143,111.03257491058545,110.23089927555236,116.33380885768298,108.36417052673258
2025-03-09,111.21287974179504,108.9398798950149,117.4462422086068,121.13501381288631,116.02217283552922,117.29461427252639,126.58875296461991,115.74235458171044,114.48951634096545,121.0659446429361,112.17344951088104,106.73857184282008,109.59087979337517,109.80442247190949,117.68051896461212,111.36023454953614,112.28140233445404,113.03950598483377,131.2766386979481,111.8768061339107,113.41819133328363,111.59217459726149,108.76231101992605,119.46231613478405,108.31348493657049,109.31357970522495,137.9695427923194,128.271990111816,146.86236807588423,116.198022069732,116.6728859981205,105.7870737177733,114.1242716578037,111.03127334211256,110.24832947571059,116.34262091360952,108.36387692011431
2025-03-10,111.2200423145822,109.15369882855292,117.17320808882722,121.12692663666496,116.00295068404718,117.27497588660196,126.55203617590196,115.70878822165729,114.49322337816345,121.02746959357566,112.15023396058312,106.71067406184724,109.5857665507776,109.79430442932949,117.98772060363451,111.37574606480982,112.26312534047682,113.02088576559414,131.2766386979481,111.80282402290666,113.53173259892986,111.58117948895396,108.73863655734202,119.7578114244954,108.2992255375985,108.92426927086132,138.5230386240098,128.16212156020507,144.5377377843628,116.18111298180082,116.85078952763497,105.77404308278389,113.90913798209472,111.02271527652377,110.39161799250596,116.68374847929597,108.68271915446535
2025-03-11,111.42848059630317,109.49926212871996,118.0464228482842,122.23429431408093,115.95122934785557,117.41026784692879,126.72386011956914,116.32716384935536,114.61068348351317,121.33811999967948,112.30195548838016,107.04916909128667,109.8198530974893,110.31177204100904,118.52679167521126,111.46859916571215,112.33601440716879,113.58144689780141,136.19857593965278,112.26968894406264,113.59417046576816,111.92302303655923,109.19846326663117,120.01774163626129,108.52277988005055,109.14884366128514,139.90938397267922,131.1258959436955,148.00050385196488,116.2358666843856,116.88988133212199,105.8261138818524,114.33505146286242,111.20131730468232,111.26721180754562,117.91205230275462,109.09502625418234
2025-03-12,111.45137142568211,109.52191773800553,118.02174173421972,122.3343583594119,115.9961036774316,117.56167231318071,126.72986682676184,116.37004208365902,114.61668486331662,121.44900196246682,112.30574751181199,107.05488602291318,109.82077533190864,110.50118116111372,118.52815275177322,111.48848542433561,112.24987767102907,113.5873081416244,137.02477294262306,112.28551528266826,113.59764895612048,111.80719030216994,109.20833827064041,120.02783738250764,108.51974979943652,109.70383428399796,140.93042296626288,131.4296607080722,147.81423917783462,116.56683435469768,117.24980170085628,105.83754933796459,114.41323487414694,111.20286289783536,111.45045474512997,117.9920116584062,109.09550527401257
2025-03-13,111.45532411933645,109.57856143219482,118.13608222424752,121.7964225947088,115.96323516763431,117.57972781659338,126.73474074912303,116.43644136783074,114.64717323213355,121.53027860302137,112.78783897234534,107.07069305857672,109.81952293170609,110.9522740395982,118.52630440888558,111.64597361594045,112.2473208504879,113.54907640745245,137.02477294262306,112.3156676252306,113.53766439061124,111.95107167377505,109.20800961214108,120.0267678585478,108.50174286309968,109.9061267820452,141.14702777270008,131.05425694372812,147.2530820812063,116.5636035741574,117.24908521221921,105.84405931489064,114.41232884811394,111.22175836387787,111.58497713111531,118.08723428177798,109.09507159187717
2025-03-14,111.51640965343191,109.63046549025788,118.24656793187336,122.20143615487386,115.93488025359713,117.57781873338851,126.78775390235144,116.51606401178715,114.40208533821936,121.57341002379675,112.78566217283283,107.05602009409189,109.81912064321344,110.98292190834475,118.34504483034507,111.64321636748731,112.09632071466488,113.84619277055354,134.27992516538748,112.37287018910163,113.60300926572238,111.94919751718604,109.20502178958394,120.42906834619673,108.50032346893059,110.10457816924874,141.4135470621612,131.955347603242,146.1359714768351,116.43219603020552,117.55501544474116,105.84312990811524,115.07872953707232,111.22119716782595,111.63216172412989,118.08663233651635,109.09488906112257
2025-03-15,111.47275186972519,109.6558425078479,118.3068336876157,122.51218790568836,115.89297885993162,117.60726466222809,126.80885669337032,116.5083734726301,114.4334516424537,121.3407327902834,112.77989427711542,107.18240724924546,109.818054684096,111.03017188132239,118.37396860038416,111.63974845350575,112.25322149353056,113.8069788090978,134.27992516538748,112.51126000747698,113.80407594282211,111.95576248453372,109.20446439090657,120.422115485552,108.60536872773288,110.13995328078711,141.03579421591792,131.51386633519004,145.7704084018329,116.42962526553188,117.55421283143512,105.85040184039892,115.14784756573265,111.21971013799244,111.64823570621991,118.03999499670242,109.0944054035967
2025-03-16,111.48199607912481,109.96677046332144,118.35473903513387,122.51800064437997,115.92181238923118,117.63062047507621,126.80183791191394,116.52838416518772,114.4701956067538,121.36303377457418,112.79490249711583,107.2013456288019,109.82082840562197,111.03715793277186,118.37932577799248,111.65815335378639,112.26064197348154,113.86853272043788,134.27992516538748,112.52082512456131,113.88689080596404,111.9685372580854,109.22407305631512,120.43991509995284,108.59666942282121,110.09092544238644,141.2860626546908,135.60478003962103,144.95662981233036,116.4363146588534,117.55630134152011,105.86145260277591,115.26061191935032,111.22357957382873,111.6291545693963,118.07229509218453,109.09566391602216
2025-03-17,111.49093448377141,109.94070578630529,118.18722399990362,122.50595164668752,115.88197565262502,117.67886144931985,126.79464985725464,116.52405702784642,114.46654061890207,121.33322214568997,112.76378988365279,107.16308341085433,109.81507873733504,111.26473552224576,117.93634624669839,111.62245149153138,111.99004730562304,113.8385841628597,134.27992516538748,112.58074706348253,113.86196323995699,111.97212028143349,109.25034277386625,120.60297466672276,108.57749628183998,110.32791693704456,140.09517081516904,133.70333681425257,143.12356106692462,116.4224483394474,118.02932243429727,105.85859831587008,115.27853621029284,111.21863058577807,111.6988528029464,118.10592976430814,109.20052334336383
2025-03-18,111.40648578393358,110.05507492276665,118.74539449109258,122.52470712373228,115.96133762204349,117.68319485738698,126.86023664284332,116.58863583217776,114.49565600004897,121.4143253475217,112.89586365121316,107.50570819323588,109.8240282552697,111.26744224505316,117.96329814283295,111.73428461321157,112.01393542898627,113.92148513762406,136.99676735386268,112.95719448097104,113.87474834278188,112.01334827959239,109.40422235475926,120.81876413653477,108.6098064711143,110.62602281143612,140.96747739573615,135.1732075807775,147.69742641239506,116.4440322127611,118.03606143429559,105.8925854047652,115.51211995947908,111.22633454359936,111.82016422334837,118.07902238994996,109.20458390972631
2025-03-19,111.40158869434167,110.1456478622816,118.84904708735814,122.66531566438654,115.98400144807822,117.68837441358215,126.85872558190955,116.6074120694171,114.5337096263228,121.33007994053324,112.89440152617986,107.50497194896734,109.82375827169753,111.27312732415517,117.96303836282476,111.73268309091897,112.20411451620926,113.95841884143208,137.745236782027,113.34424669131636,113.93318927696798,112.08774300937272,109.40236384563585,120.84527939134856,108.60892351945701,110.96084003249351,140.01907419097353,134.3652641024234,148.0107425326751,116.70797393834937,118.03606143429559,105.89201056433511,116.11338939251141,111.09659972776038,112.21087190481838,117.9473672356514,109.20446140653635
2025-03-20,111.43362754353548,110.16754656240202,118.9538179006328,122.05165995669482,115.99481032022602,117.73979938139234,126.90385823294308,116.62276995385858,115.105426282561,121.2200145803469,112.90531565491717,107.45894286215439,109.91615303459518,111.27631063748473,117.88554052695727,111.12567692570452,112.20980228879436,114.17478896587656,137.745236782027,113.41910102230462,114.03560767379601,112.58781550651516,109.39142258906503,120.93552839302484,108.46819872307177,111.1911178045332,139.83434596527383,136.47243979940473,148.52161344284622,116.70385807017584,118.09007269117188,105.89653986907481,116.45613942391672,111.23719000232785,112.11236450625306,118.10133987840328,109.40332481377413
